0 verbose cli /usr/local/bin/node /usr/local/bin/npm
1 info using npm@10.7.0
2 info using node@v22.1.0
3 silly config:load:file:/usr/local/lib/node_modules/npm/npmrc
4 silly config:load:file:/Users/nelsonoluwole/Documents/Frontend/portfolio-app/.npmrc
5 silly config:load:file:/Users/nelsonoluwole/.npmrc
6 silly config:load:file:/usr/local/etc/npmrc
7 verbose title npm install
8 verbose argv "install"
9 verbose logfile logs-max:10 dir:/Users/nelsonoluwole/Documents/Frontend/.npm-cache/_logs/2026-07-19T15_20_11_049Z-
10 verbose logfile /Users/nelsonoluwole/Documents/Frontend/.npm-cache/_logs/2026-07-19T15_20_11_049Z-debug-0.log
11 silly logfile done cleaning log files
12 silly idealTree buildDeps
13 silly fetch manifest next@16.2.10
14 http fetch GET 200 https://registry.npmjs.org/next 14837ms (cache miss)
15 silly fetch manifest @opentelemetry/api@^1.1.0
16 http fetch GET 200 https://registry.npmjs.org/@opentelemetry%2fapi 1507ms (cache miss)
17 silly fetch manifest @playwright/test@^1.51.1
18 http fetch GET 200 https://registry.npmjs.org/@playwright%2ftest 12144ms (cache miss)
19 silly fetch manifest babel-plugin-react-compiler@*
20 http fetch GET 200 https://registry.npmjs.org/babel-plugin-react-compiler 7746ms (cache miss)
21 silly fetch manifest react@19.2.4
22 http fetch GET 200 https://registry.npmjs.org/react 31348ms (cache miss)
23 silly fetch manifest react-dom@19.2.4
24 http fetch GET 200 https://registry.npmjs.org/react-dom 99412ms (cache miss)
25 silly fetch manifest sass@^1.3.0
26 http fetch GET 200 https://registry.npmjs.org/sass 22536ms (cache miss)
27 silly fetch manifest @tailwindcss/postcss@^4
28 http fetch GET 200 https://registry.npmjs.org/@tailwindcss%2fpostcss 44098ms (cache miss)
29 silly fetch manifest @types/node@^20
30 silly fetch manifest @types/react@^19
31 http fetch GET 200 https://registry.npmjs.org/@types%2freact 9680ms (cache miss)
32 silly fetch manifest @types/react-dom@^19
33 http fetch GET 200 https://registry.npmjs.org/@types%2freact-dom 1076ms (cache miss)
34 silly fetch manifest eslint@^9
35 http fetch GET 200 https://registry.npmjs.org/eslint 2926ms (cache miss)
36 silly fetch manifest jiti@*
37 http fetch GET 200 https://registry.npmjs.org/jiti 1681ms (cache miss)
38 silly fetch manifest eslint-config-next@16.2.10
39 http fetch GET 200 https://registry.npmjs.org/eslint-config-next 5162ms (cache miss)
40 silly fetch manifest typescript@^5
41 http fetch GET 200 https://registry.npmjs.org/typescript 5833ms (cache miss)
42 silly fetch manifest tailwindcss@^4
43 http fetch GET 200 https://registry.npmjs.org/tailwindcss 5981ms (cache miss)
44 silly placeDep ROOT @tailwindcss/postcss@4.3.3 OK for: portfolio-app@0.1.0 want: ^4
45 silly placeDep ROOT @types/node@ OK for: portfolio-app@0.1.0 want: ^20
46 silly placeDep ROOT @types/react@19.2.17 OK for: portfolio-app@0.1.0 want: ^19
47 silly placeDep ROOT @types/react-dom@19.2.3 OK for: portfolio-app@0.1.0 want: ^19
48 silly placeDep ROOT eslint@9.39.5 OK for: portfolio-app@0.1.0 want: ^9
49 silly placeDep ROOT eslint-config-next@16.2.10 OK for: portfolio-app@0.1.0 want: 16.2.10
50 silly placeDep ROOT next@16.2.10 OK for: portfolio-app@0.1.0 want: 16.2.10
51 silly placeDep ROOT react@19.2.4 OK for: next@16.2.10 want: ^18.2.0 || 19.0.0-rc-de68d2f4-20241204 || ^19.0.0
52 silly placeDep ROOT react-dom@19.2.4 OK for: next@16.2.10 want: ^18.2.0 || 19.0.0-rc-de68d2f4-20241204 || ^19.0.0
53 silly placeDep ROOT tailwindcss@4.3.3 OK for: portfolio-app@0.1.0 want: ^4
54 silly placeDep ROOT typescript@5.9.3 OK for: portfolio-app@0.1.0 want: ^5
55 silly fetch manifest postcss@^8.5.16
56 silly fetch manifest tailwindcss@4.3.3
57 silly fetch manifest @alloc/quick-lru@^5.2.0
58 silly fetch manifest @tailwindcss/node@4.3.3
59 silly fetch manifest @tailwindcss/oxide@4.3.3
60 silly fetch manifest csstype@^3.2.2
61 silly fetch manifest ajv@^6.14.0
62 silly fetch manifest chalk@^4.0.0
63 silly fetch manifest debug@^4.3.2
64 silly fetch manifest espree@^10.4.0
65 silly fetch manifest ignore@^5.2.0
66 silly fetch manifest esquery@^1.5.0
67 silly fetch manifest esutils@^2.0.2
68 silly fetch manifest find-up@^5.0.0
69 silly fetch manifest is-glob@^4.0.0
70 silly fetch manifest minimatch@^3.1.5
71 http fetch GET 200 https://registry.npmjs.org/postcss 1030ms (cache miss)
72 silly fetch manifest @eslint/js@9.39.5
73 http fetch GET 200 https://registry.npmjs.org/@eslint%2fjs 759ms (cache miss)
74 silly fetch manifest optionator@^0.9.3
75 http fetch GET 200 https://registry.npmjs.org/optionator 944ms (cache miss)
76 silly fetch manifest cross-spawn@^7.0.6
77 http fetch GET 200 https://registry.npmjs.org/cross-spawn 825ms (cache miss)
78 silly fetch manifest glob-parent@^6.0.2
79 http fetch GET 200 https://registry.npmjs.org/glob-parent 376ms (cache miss)
80 silly fetch manifest imurmurhash@^0.1.4
81 http fetch GET 200 https://registry.npmjs.org/esutils 4138ms (cache miss)
82 silly fetch manifest @eslint/core@^0.17.0
83 http fetch GET 200 https://registry.npmjs.org/imurmurhash 386ms (cache miss)
84 silly fetch manifest eslint-scope@^8.4.0
85 http fetch GET 200 https://registry.npmjs.org/@alloc%2fquick-lru 4439ms (cache miss)
86 silly fetch manifest lodash.merge@^4.6.2
87 http fetch GET 200 https://registry.npmjs.org/csstype 4452ms (cache miss)
88 silly fetch manifest @humanfs/node@^0.16.6
89 http fetch GET 200 https://registry.npmjs.org/ignore 4491ms (cache miss)
90 silly fetch manifest @types/estree@^1.0.6
91 http fetch GET 200 https://registry.npmjs.org/@eslint%2fcore 768ms (cache miss)
92 silly fetch manifest fast-deep-equal@^3.1.3
93 http fetch GET 200 https://registry.npmjs.org/esquery 5031ms (cache miss)
94 silly fetch manifest natural-compare@^1.4.0
95 http fetch GET 200 https://registry.npmjs.org/eslint-scope 728ms (cache miss)
96 silly fetch manifest @eslint/eslintrc@^3.3.6
97 http fetch GET 200 https://registry.npmjs.org/lodash.merge 707ms (cache miss)
98 silly fetch manifest file-entry-cache@^8.0.0
99 http fetch GET 200 https://registry.npmjs.org/@humanfs%2fnode 790ms (cache miss)
100 silly fetch manifest @eslint/plugin-kit@^0.4.1
101 http fetch GET 200 https://registry.npmjs.org/fast-deep-equal 359ms (cache miss)
102 silly fetch manifest eslint-visitor-keys@^4.2.1
103 http fetch GET 200 https://registry.npmjs.org/natural-compare 378ms (cache miss)
104 silly fetch manifest @eslint/config-array@^0.21.2
105 http fetch GET 200 https://registry.npmjs.org/debug 5418ms (cache miss)
106 silly fetch manifest @humanwhocodes/retry@^0.4.2
107 http fetch GET 200 https://registry.npmjs.org/@types%2festree 929ms (cache miss)
108 silly fetch manifest escape-string-regexp@^4.0.0
109 http fetch GET 200 https://registry.npmjs.org/ajv 5458ms (cache miss)
110 silly fetch manifest @eslint/config-helpers@^0.4.2
111 http fetch GET 200 https://registry.npmjs.org/is-glob 5555ms (cache miss)
112 silly fetch manifest @eslint-community/regexpp@^4.12.1
113 http fetch GET 200 https://registry.npmjs.org/@eslint%2feslintrc 501ms (cache miss)
114 silly fetch manifest @eslint-community/eslint-utils@^4.8.0
115 http fetch GET 200 https://registry.npmjs.org/@eslint%2fplugin-kit 388ms (cache miss)
116 silly fetch manifest @humanwhocodes/module-importer@^1.0.1
117 http fetch GET 200 https://registry.npmjs.org/eslint-visitor-keys 381ms (cache miss)
118 silly fetch manifest json-stable-stringify-without-jsonify@^1.0.1
119 http fetch GET 200 https://registry.npmjs.org/escape-string-regexp 376ms (cache miss)
120 silly fetch manifest globals@16.4.0
121 http fetch GET 200 https://registry.npmjs.org/minimatch 5814ms (cache miss)
122 silly fetch manifest typescript-eslint@^8.46.0
123 http fetch GET 200 https://registry.npmjs.org/@humanwhocodes%2fretry 424ms (cache miss)
124 silly fetch manifest eslint-plugin-react@^7.37.0
125 http fetch GET 200 https://registry.npmjs.org/file-entry-cache 704ms (cache miss)
126 silly fetch manifest eslint-plugin-import@^2.32.0
127 http fetch GET 200 https://registry.npmjs.org/@humanwhocodes%2fmodule-importer 398ms (cache miss)
128 silly fetch manifest eslint-plugin-jsx-a11y@^6.10.0
129 http fetch GET 200 https://registry.npmjs.org/@eslint%2fconfig-array 681ms (cache miss)
130 silly fetch manifest @next/eslint-plugin-next@16.2.10
131 http fetch GET 200 https://registry.npmjs.org/espree 6199ms (cache miss)
132 silly fetch manifest eslint-plugin-react-hooks@^7.0.0
133 http fetch GET 200 https://registry.npmjs.org/json-stable-stringify-without-jsonify 692ms (cache miss)
134 silly fetch manifest eslint-import-resolver-node@^0.3.6
135 http fetch GET 200 https://registry.npmjs.org/eslint-plugin-react 830ms (cache miss)
136 silly fetch manifest eslint-import-resolver-typescript@^3.5.2
137 http fetch GET 200 https://registry.npmjs.org/@eslint-community%2feslint-utils 1178ms (cache miss)
138 silly fetch manifest postcss@8.4.31
139 silly fetch manifest @next/env@16.2.10
140 http fetch GET 200 https://registry.npmjs.org/eslint-import-resolver-node 422ms (cache miss)
141 silly fetch manifest styled-jsx@5.1.6
142 http fetch GET 200 https://registry.npmjs.org/eslint-plugin-import 922ms (cache miss)
143 silly fetch manifest @swc/helpers@0.5.15
144 http fetch GET 200 https://registry.npmjs.org/@eslint%2fconfig-helpers 1392ms (cache miss)
145 silly fetch manifest caniuse-lite@^1.0.30001579
146 http fetch GET 200 https://registry.npmjs.org/@eslint-community%2fregexpp 1665ms (cache miss)
147 silly fetch manifest baseline-browser-mapping@^2.9.19
148 http fetch GET 200 https://registry.npmjs.org/eslint-plugin-jsx-a11y 1234ms (cache miss)
149 silly fetch manifest sharp@^0.34.5
150 http fetch GET 200 https://registry.npmjs.org/globals 1605ms (cache miss)
151 silly fetch manifest @next/swc-darwin-x64@16.2.10
152 http fetch GET 200 https://registry.npmjs.org/eslint-import-resolver-typescript 731ms (cache miss)
153 silly fetch manifest @next/swc-darwin-arm64@16.2.10
154 http fetch GET 200 https://registry.npmjs.org/styled-jsx 1082ms (cache miss)
155 silly fetch manifest @next/swc-linux-x64-gnu@16.2.10
156 http fetch GET 200 https://registry.npmjs.org/typescript-eslint 2027ms (cache miss)
157 silly fetch manifest @next/swc-linux-x64-musl@16.2.10
158 http fetch GET 200 https://registry.npmjs.org/@swc%2fhelpers 1108ms (cache miss)
159 silly fetch manifest @next/swc-win32-x64-msvc@16.2.10
160 http fetch GET 200 https://registry.npmjs.org/baseline-browser-mapping 1144ms (cache miss)
161 silly fetch manifest @next/swc-linux-arm64-gnu@16.2.10
162 http fetch GET 200 https://registry.npmjs.org/sharp 1992ms (cache miss)
163 silly fetch manifest @next/swc-linux-arm64-musl@16.2.10
164 http fetch GET 200 https://registry.npmjs.org/find-up 10997ms (cache miss)
165 silly fetch manifest @next/swc-win32-arm64-msvc@16.2.10
166 http fetch GET 200 https://registry.npmjs.org/caniuse-lite 4469ms (cache miss)
167 silly fetch manifest scheduler@^0.27.0
168 http fetch GET 200 https://registry.npmjs.org/@next%2feslint-plugin-next 7167ms (cache miss)
169 http fetch GET 200 https://registry.npmjs.org/@next%2fswc-darwin-x64 6015ms (cache miss)
170 http fetch GET 200 https://registry.npmjs.org/eslint-plugin-react-hooks 7541ms (cache miss)
171 http fetch GET 200 https://registry.npmjs.org/@next%2fswc-linux-x64-gnu 5979ms (cache miss)
172 http fetch GET 200 https://registry.npmjs.org/@next%2fswc-darwin-arm64 7963ms (cache miss)
173 http fetch GET 200 https://registry.npmjs.org/@next%2fswc-win32-arm64-msvc 4843ms (cache miss)
174 http fetch GET 200 https://registry.npmjs.org/@tailwindcss%2fnode 16277ms (cache miss)
175 http fetch GET 200 https://registry.npmjs.org/@next%2fswc-win32-x64-msvc 8627ms (cache miss)
176 http fetch GET 200 https://registry.npmjs.org/@next%2fswc-linux-arm64-musl 8718ms (cache miss)
177 http fetch GET 200 https://registry.npmjs.org/@next%2fswc-linux-arm64-gnu 10035ms (cache miss)
178 http fetch GET 200 https://registry.npmjs.org/scheduler 8447ms (cache miss)
179 http fetch GET 200 https://registry.npmjs.org/@next%2fswc-linux-x64-musl 16811ms (cache miss)
180 http fetch GET 200 https://registry.npmjs.org/chalk 39107ms (cache miss)
181 http fetch GET 200 https://registry.npmjs.org/@tailwindcss%2foxide 41926ms (cache miss)
182 http fetch GET 200 https://registry.npmjs.org/@next%2fenv 35844ms (cache miss)
183 silly placeDep ROOT @alloc/quick-lru@5.2.0 OK for: @tailwindcss/postcss@4.3.3 want: ^5.2.0
184 silly placeDep ROOT @tailwindcss/node@4.3.3 OK for: @tailwindcss/postcss@4.3.3 want: 4.3.3
185 silly placeDep ROOT @tailwindcss/oxide@4.3.3 OK for: @tailwindcss/postcss@4.3.3 want: 4.3.3
186 silly placeDep ROOT postcss@8.5.20 OK for: @tailwindcss/postcss@4.3.3 want: ^8.5.16
187 silly fetch manifest jiti@^2.7.0
188 silly fetch manifest lightningcss@1.32.0
189 silly fetch manifest magic-string@^0.30.21
190 silly fetch manifest source-map-js@^1.2.1
191 silly fetch manifest enhanced-resolve@^5.24.1
192 silly fetch manifest @jridgewell/remapping@^2.3.5
193 silly fetch manifest @tailwindcss/oxide-darwin-x64@4.3.3
194 silly fetch manifest @tailwindcss/oxide-freebsd-x64@4.3.3
195 silly fetch manifest @tailwindcss/oxide-wasm32-wasi@4.3.3
196 silly fetch manifest @tailwindcss/oxide-darwin-arm64@4.3.3
197 silly fetch manifest @tailwindcss/oxide-android-arm64@4.3.3
198 silly fetch manifest @tailwindcss/oxide-linux-x64-gnu@4.3.3
199 silly fetch manifest @tailwindcss/oxide-linux-x64-musl@4.3.3
200 silly fetch manifest @tailwindcss/oxide-win32-x64-msvc@4.3.3
201 silly fetch manifest @tailwindcss/oxide-linux-arm64-gnu@4.3.3
202 silly fetch manifest @tailwindcss/oxide-linux-arm64-musl@4.3.3
203 http fetch GET 200 https://registry.npmjs.org/source-map-js 333ms (cache miss)
204 silly fetch manifest @tailwindcss/oxide-win32-arm64-msvc@4.3.3
205 http fetch GET 200 https://registry.npmjs.org/@jridgewell%2fremapping 896ms (cache miss)
206 silly fetch manifest @tailwindcss/oxide-linux-arm-gnueabihf@4.3.3
207 http fetch GET 200 https://registry.npmjs.org/lightningcss 915ms (cache miss)
208 silly fetch manifest nanoid@^3.3.16
209 http fetch GET 200 https://registry.npmjs.org/magic-string 1062ms (cache miss)
210 silly fetch manifest picocolors@^1.1.1
211 http fetch GET 200 https://registry.npmjs.org/enhanced-resolve 1151ms (cache miss)
212 http fetch GET 200 https://registry.npmjs.org/@tailwindcss%2foxide-win32-x64-msvc 1498ms (cache miss)
213 http fetch GET 200 https://registry.npmjs.org/@tailwindcss%2foxide-darwin-x64 2130ms (cache miss)
214 http fetch GET 200 https://registry.npmjs.org/@tailwindcss%2foxide-win32-arm64-msvc 1829ms (cache miss)
215 http fetch GET 200 https://registry.npmjs.org/picocolors 1128ms (cache miss)
216 http fetch GET 200 https://registry.npmjs.org/nanoid 1290ms (cache miss)
217 http fetch GET 200 https://registry.npmjs.org/@tailwindcss%2foxide-android-arm64 2524ms (cache miss)
218 http fetch GET 200 https://registry.npmjs.org/@tailwindcss%2foxide-wasm32-wasi 2891ms (cache miss)
219 http fetch GET 200 https://registry.npmjs.org/@tailwindcss%2foxide-linux-x64-musl 2919ms (cache miss)
220 http fetch GET 200 https://registry.npmjs.org/@tailwindcss%2foxide-linux-arm-gnueabihf 3031ms (cache miss)
221 http fetch GET 200 https://registry.npmjs.org/@tailwindcss%2foxide-freebsd-x64 3960ms (cache miss)
222 http fetch GET 200 https://registry.npmjs.org/@tailwindcss%2foxide-darwin-arm64 4281ms (cache miss)
223 http fetch GET 200 https://registry.npmjs.org/@tailwindcss%2foxide-linux-x64-gnu 4633ms (cache miss)
224 http fetch GET 200 https://registry.npmjs.org/@tailwindcss%2foxide-linux-arm64-gnu 4811ms (cache miss)
225 http fetch GET 200 https://registry.npmjs.org/@tailwindcss%2foxide-linux-arm64-musl 6609ms (cache miss)
226 silly placeDep ROOT @jridgewell/remapping@2.3.5 OK for: @tailwindcss/node@4.3.3 want: ^2.3.5
227 silly placeDep ROOT enhanced-resolve@5.24.2 OK for: @tailwindcss/node@4.3.3 want: ^5.24.1
228 silly placeDep ROOT jiti@2.7.0 OK for: @tailwindcss/node@4.3.3 want: ^2.7.0
229 silly placeDep ROOT lightningcss@1.32.0 OK for: @tailwindcss/node@4.3.3 want: 1.32.0
230 silly placeDep ROOT magic-string@0.30.21 OK for: @tailwindcss/node@4.3.3 want: ^0.30.21
231 silly placeDep ROOT source-map-js@1.2.1 OK for: @tailwindcss/node@4.3.3 want: ^1.2.1
232 silly fetch manifest @jridgewell/gen-mapping@^0.3.5
233 silly fetch manifest @jridgewell/trace-mapping@^0.3.24
234 silly fetch manifest graceful-fs@^4.2.4
235 silly fetch manifest tapable@^2.3.3
236 silly fetch manifest detect-libc@^2.0.3
237 silly fetch manifest lightningcss-darwin-x64@1.32.0
238 silly fetch manifest lightningcss-linux-x64-gnu@1.32.0
239 silly fetch manifest lightningcss-win32-x64-msvc@1.32.0
240 silly fetch manifest lightningcss-win32-arm64-msvc@1.32.0
241 silly fetch manifest lightningcss-darwin-arm64@1.32.0
242 silly fetch manifest lightningcss-linux-arm64-gnu@1.32.0
243 silly fetch manifest lightningcss-linux-arm-gnueabihf@1.32.0
244 silly fetch manifest lightningcss-linux-arm64-musl@1.32.0
245 silly fetch manifest lightningcss-linux-x64-musl@1.32.0
246 silly fetch manifest lightningcss-freebsd-x64@1.32.0
247 http fetch GET 200 https://registry.npmjs.org/lightningcss-freebsd-x64 394ms (cache miss)
248 silly fetch manifest lightningcss-android-arm64@1.32.0
249 http fetch GET 200 https://registry.npmjs.org/lightningcss-darwin-x64 651ms (cache miss)
250 silly fetch manifest @jridgewell/sourcemap-codec@^1.5.5
251 http fetch GET 200 https://registry.npmjs.org/lightningcss-win32-arm64-msvc 653ms (cache miss)
252 http fetch GET 200 https://registry.npmjs.org/lightningcss-linux-arm-gnueabihf 691ms (cache miss)
253 http fetch GET 200 https://registry.npmjs.org/lightningcss-linux-arm64-gnu 708ms (cache miss)
254 http fetch GET 200 https://registry.npmjs.org/lightningcss-darwin-arm64 713ms (cache miss)
255 http fetch GET 200 https://registry.npmjs.org/detect-libc 729ms (cache miss)
256 http fetch GET 200 https://registry.npmjs.org/tapable 733ms (cache miss)
257 http fetch GET 200 https://registry.npmjs.org/lightningcss-linux-x64-gnu 748ms (cache miss)
258 http fetch GET 200 https://registry.npmjs.org/@jridgewell%2ftrace-mapping 758ms (cache miss)
259 http fetch GET 200 https://registry.npmjs.org/lightningcss-linux-x64-musl 792ms (cache miss)
260 http fetch GET 200 https://registry.npmjs.org/@jridgewell%2fsourcemap-codec 338ms (cache miss)
261 http fetch GET 200 https://registry.npmjs.org/lightningcss-linux-arm64-musl 1020ms (cache miss)
262 http fetch GET 200 https://registry.npmjs.org/lightningcss-android-arm64 638ms (cache miss)
263 http fetch GET 200 https://registry.npmjs.org/graceful-fs 1793ms (cache miss)
264 http fetch GET 200 https://registry.npmjs.org/@jridgewell%2fgen-mapping 1974ms (cache miss)
265 http fetch GET 200 https://registry.npmjs.org/lightningcss-win32-x64-msvc 3346ms (cache miss)
266 silly placeDep ROOT @jridgewell/gen-mapping@0.3.13 OK for: @jridgewell/remapping@2.3.5 want: ^0.3.5
267 silly placeDep ROOT @jridgewell/trace-mapping@0.3.31 OK for: @jridgewell/remapping@2.3.5 want: ^0.3.24
268 silly fetch manifest @jridgewell/sourcemap-codec@^1.5.0
269 silly fetch manifest @jridgewell/resolve-uri@^3.1.0
270 silly fetch manifest @jridgewell/sourcemap-codec@^1.4.14
271 http fetch GET 200 https://registry.npmjs.org/@jridgewell%2fresolve-uri 396ms (cache miss)
272 silly placeDep ROOT @jridgewell/sourcemap-codec@1.5.5 OK for: @jridgewell/gen-mapping@0.3.13 want: ^1.5.0
273 silly placeDep ROOT @jridgewell/resolve-uri@3.1.2 OK for: @jridgewell/trace-mapping@0.3.31 want: ^3.1.0
274 silly placeDep ROOT @tailwindcss/oxide-android-arm64@4.3.3 OK for: @tailwindcss/oxide@4.3.3 want: 4.3.3
275 silly placeDep ROOT @tailwindcss/oxide-darwin-arm64@4.3.3 OK for: @tailwindcss/oxide@4.3.3 want: 4.3.3
276 silly placeDep ROOT @tailwindcss/oxide-darwin-x64@4.3.3 OK for: @tailwindcss/oxide@4.3.3 want: 4.3.3
277 silly placeDep ROOT @tailwindcss/oxide-freebsd-x64@4.3.3 OK for: @tailwindcss/oxide@4.3.3 want: 4.3.3
278 silly placeDep ROOT @tailwindcss/oxide-linux-arm-gnueabihf@4.3.3 OK for: @tailwindcss/oxide@4.3.3 want: 4.3.3
279 silly placeDep ROOT @tailwindcss/oxide-linux-arm64-gnu@4.3.3 OK for: @tailwindcss/oxide@4.3.3 want: 4.3.3
280 silly placeDep ROOT @tailwindcss/oxide-linux-arm64-musl@4.3.3 OK for: @tailwindcss/oxide@4.3.3 want: 4.3.3
281 silly placeDep ROOT @tailwindcss/oxide-linux-x64-gnu@4.3.3 OK for: @tailwindcss/oxide@4.3.3 want: 4.3.3
282 silly placeDep ROOT @tailwindcss/oxide-linux-x64-musl@4.3.3 OK for: @tailwindcss/oxide@4.3.3 want: 4.3.3
283 silly placeDep ROOT @tailwindcss/oxide-wasm32-wasi@4.3.3 OK for: @tailwindcss/oxide@4.3.3 want: 4.3.3
284 silly placeDep ROOT @tailwindcss/oxide-win32-arm64-msvc@4.3.3 OK for: @tailwindcss/oxide@4.3.3 want: 4.3.3
285 silly placeDep ROOT @tailwindcss/oxide-win32-x64-msvc@4.3.3 OK for: @tailwindcss/oxide@4.3.3 want: 4.3.3
286 silly placeDep ROOT csstype@3.2.3 OK for: @types/react@19.2.17 want: ^3.2.2
287 silly placeDep ROOT graceful-fs@4.2.11 OK for: enhanced-resolve@5.24.2 want: ^4.2.4
288 silly placeDep ROOT tapable@2.3.3 OK for: enhanced-resolve@5.24.2 want: ^2.3.3
289 silly fetch manifest eslint@^6.0.0 || ^7.0.0 || >=8.0.0
290 silly placeDep ROOT @eslint-community/eslint-utils@4.9.1 OK for: eslint@9.39.5 want: ^4.8.0
291 silly placeDep ROOT @eslint-community/regexpp@4.12.2 OK for: eslint@9.39.5 want: ^4.12.1
292 silly placeDep ROOT @eslint/config-array@0.21.2 OK for: eslint@9.39.5 want: ^0.21.2
293 silly placeDep ROOT @eslint/config-helpers@0.4.2 OK for: eslint@9.39.5 want: ^0.4.2
294 silly placeDep ROOT @eslint/core@0.17.0 OK for: eslint@9.39.5 want: ^0.17.0
295 silly placeDep ROOT @eslint/eslintrc@3.3.6 OK for: eslint@9.39.5 want: ^3.3.6
296 silly placeDep ROOT @eslint/js@9.39.5 OK for: eslint@9.39.5 want: 9.39.5
297 silly placeDep ROOT @eslint/plugin-kit@0.4.1 OK for: eslint@9.39.5 want: ^0.4.1
298 silly placeDep ROOT @humanfs/node@0.16.8 OK for: eslint@9.39.5 want: ^0.16.6
299 silly placeDep ROOT @humanwhocodes/module-importer@1.0.1 OK for: eslint@9.39.5 want: ^1.0.1
300 silly placeDep ROOT @humanwhocodes/retry@0.4.3 OK for: eslint@9.39.5 want: ^0.4.2
301 silly placeDep ROOT @types/estree@1.0.9 OK for: eslint@9.39.5 want: ^1.0.6
302 silly placeDep ROOT ajv@6.15.0 OK for: eslint@9.39.5 want: ^6.14.0
303 silly placeDep ROOT chalk@4.1.2 OK for: eslint@9.39.5 want: ^4.0.0
304 silly placeDep ROOT cross-spawn@7.0.6 OK for: eslint@9.39.5 want: ^7.0.6
305 silly placeDep ROOT debug@4.4.3 OK for: eslint@9.39.5 want: ^4.3.2
306 silly placeDep ROOT escape-string-regexp@4.0.0 OK for: eslint@9.39.5 want: ^4.0.0
307 silly placeDep ROOT eslint-scope@8.4.0 OK for: eslint@9.39.5 want: ^8.4.0
308 silly placeDep ROOT eslint-visitor-keys@4.2.1 OK for: eslint@9.39.5 want: ^4.2.1
309 silly placeDep ROOT espree@10.4.0 OK for: eslint@9.39.5 want: ^10.4.0
310 silly placeDep ROOT esquery@1.7.0 OK for: eslint@9.39.5 want: ^1.5.0
311 silly placeDep ROOT esutils@2.0.3 OK for: eslint@9.39.5 want: ^2.0.2
312 silly placeDep ROOT fast-deep-equal@3.1.3 OK for: eslint@9.39.5 want: ^3.1.3
313 silly placeDep ROOT file-entry-cache@8.0.0 OK for: eslint@9.39.5 want: ^8.0.0
314 silly placeDep ROOT find-up@5.0.0 OK for: eslint@9.39.5 want: ^5.0.0
315 silly placeDep ROOT glob-parent@6.0.2 OK for: eslint@9.39.5 want: ^6.0.2
316 silly placeDep ROOT ignore@5.3.2 OK for: eslint@9.39.5 want: ^5.2.0
317 silly placeDep ROOT imurmurhash@0.1.4 OK for: eslint@9.39.5 want: ^0.1.4
318 silly placeDep ROOT is-glob@4.0.3 OK for: eslint@9.39.5 want: ^4.0.0
319 silly placeDep ROOT json-stable-stringify-without-jsonify@1.0.1 OK for: eslint@9.39.5 want: ^1.0.1
320 silly placeDep ROOT lodash.merge@4.6.2 OK for: eslint@9.39.5 want: ^4.6.2
321 silly placeDep ROOT minimatch@3.1.5 OK for: eslint@9.39.5 want: ^3.1.5
322 silly placeDep ROOT natural-compare@1.4.0 OK for: eslint@9.39.5 want: ^1.4.0
323 silly placeDep ROOT optionator@0.9.4 OK for: eslint@9.39.5 want: ^0.9.3
324 silly fetch manifest eslint-visitor-keys@^3.4.3
325 silly fetch manifest debug@^4.3.1
326 silly fetch manifest @eslint/object-schema@^2.1.7
327 silly fetch manifest @types/json-schema@^7.0.15
328 silly fetch manifest espree@^10.0.1
329 silly fetch manifest globals@^14.0.0
330 silly fetch manifest import-fresh@^3.2.1
331 silly fetch manifest js-yaml@^4.3.0
332 silly fetch manifest strip-json-comments@^3.1.1
333 silly fetch manifest levn@^0.4.1
334 silly fetch manifest @humanwhocodes/retry@^0.4.0
335 silly fetch manifest @humanfs/core@^0.19.2
336 silly fetch manifest @humanfs/types@^0.15.0
337 silly fetch manifest uri-js@^4.2.2
338 silly fetch manifest fast-deep-equal@^3.1.1
339 silly fetch manifest json-schema-traverse@^0.4.1
340 silly fetch manifest fast-json-stable-stringify@^2.0.0
341 silly fetch manifest ansi-styles@^4.1.0
342 silly fetch manifest supports-color@^7.1.0
343 silly fetch manifest which@^2.0.1
344 silly fetch manifest path-key@^3.1.0
345 http fetch GET 200 https://registry.npmjs.org/fast-json-stable-stringify 333ms (cache miss)
346 silly fetch manifest shebang-command@^2.0.0
347 http fetch GET 200 https://registry.npmjs.org/@humanfs%2fcore 474ms (cache miss)
348 silly fetch manifest ms@^2.1.3
349 http fetch GET 200 https://registry.npmjs.org/@types%2fjson-schema 774ms (cache miss)
350 silly fetch manifest esrecurse@^4.3.0
351 http fetch GET 200 https://registry.npmjs.org/js-yaml 786ms (cache miss)
352 silly fetch manifest estraverse@^5.2.0
353 http fetch GET 200 https://registry.npmjs.org/uri-js 821ms (cache miss)
354 silly fetch manifest acorn@^8.15.0
355 http fetch GET 200 https://registry.npmjs.org/json-schema-traverse 830ms (cache miss)
356 silly fetch manifest acorn-jsx@^5.3.2
357 http fetch GET 200 https://registry.npmjs.org/path-key 847ms (cache miss)
358 silly fetch manifest estraverse@^5.1.0
359 http fetch GET 200 https://registry.npmjs.org/shebang-command 656ms (cache miss)
360 silly fetch manifest flat-cache@^4.0.0
361 http fetch GET 200 https://registry.npmjs.org/which 1006ms (cache miss)
362 silly fetch manifest locate-path@^6.0.0
363 http fetch GET 200 https://registry.npmjs.org/ansi-styles 1035ms (cache miss)
364 silly fetch manifest path-exists@^4.0.0
365 http fetch GET 200 https://registry.npmjs.org/@eslint%2fobject-schema 1057ms (cache miss)
366 silly fetch manifest is-glob@^4.0.3
367 silly fetch manifest is-extglob@^2.1.1
368 http fetch GET 200 https://registry.npmjs.org/ms 669ms (cache miss)
369 silly fetch manifest brace-expansion@^1.1.7
370 http fetch GET 200 https://registry.npmjs.org/estraverse 397ms (cache miss)
371 silly fetch manifest prelude-ls@^1.2.1
372 http fetch GET 200 https://registry.npmjs.org/import-fresh 1295ms (cache miss)
373 silly fetch manifest deep-is@^0.1.3
374 http fetch GET 200 https://registry.npmjs.org/flat-cache 373ms (cache miss)
375 silly fetch manifest word-wrap@^1.2.5
376 http fetch GET 200 https://registry.npmjs.org/esrecurse 606ms (cache miss)
377 silly fetch manifest type-check@^0.4.0
378 http fetch GET 200 https://registry.npmjs.org/acorn-jsx 640ms (cache miss)
379 http fetch GET 200 https://registry.npmjs.org/brace-expansion 355ms (cache miss)
380 silly fetch manifest fast-levenshtein@^2.0.6
381 http fetch GET 200 https://registry.npmjs.org/acorn 687ms (cache miss)
382 http fetch GET 200 https://registry.npmjs.org/estraverse 669ms (cache miss)
383 http fetch GET 200 https://registry.npmjs.org/deep-is 311ms (cache miss)
384 http fetch GET 200 https://registry.npmjs.org/word-wrap 312ms (cache miss)
385 http fetch GET 200 https://registry.npmjs.org/@humanfs%2ftypes 1731ms (cache miss)
386 http fetch GET 200 https://registry.npmjs.org/path-exists 705ms (cache miss)
387 http fetch GET 200 https://registry.npmjs.org/fast-levenshtein 335ms (cache miss)
388 http fetch GET 200 https://registry.npmjs.org/prelude-ls 689ms (cache miss)
389 http fetch GET 200 https://registry.npmjs.org/supports-color 1887ms (cache miss)
390 http fetch GET 200 https://registry.npmjs.org/levn 1909ms (cache miss)
391 http fetch GET 200 https://registry.npmjs.org/type-check 661ms (cache miss)
392 http fetch GET 200 https://registry.npmjs.org/is-extglob 1288ms (cache miss)
393 http fetch GET 200 https://registry.npmjs.org/locate-path 1343ms (cache miss)
394 http fetch GET 200 https://registry.npmjs.org/strip-json-comments 3883ms (cache miss)
395 silly placeDep node_modules/@eslint-community/eslint-utils eslint-visitor-keys@3.4.3 OK for: @eslint-community/eslint-utils@4.9.1 want: ^3.4.3
396 silly placeDep ROOT @eslint/object-schema@2.1.7 OK for: @eslint/config-array@0.21.2 want: ^2.1.7
397 silly placeDep ROOT @types/json-schema@7.0.15 OK for: @eslint/core@0.17.0 want: ^7.0.15
398 silly placeDep ROOT globals@14.0.0 OK for: @eslint/eslintrc@3.3.6 want: ^14.0.0
399 silly placeDep ROOT import-fresh@3.3.1 OK for: @eslint/eslintrc@3.3.6 want: ^3.2.1
400 silly placeDep ROOT js-yaml@4.3.0 OK for: @eslint/eslintrc@3.3.6 want: ^4.3.0
401 silly placeDep ROOT strip-json-comments@3.1.1 OK for: @eslint/eslintrc@3.3.6 want: ^3.1.1
402 silly fetch manifest resolve-from@^4.0.0
403 silly fetch manifest parent-module@^1.0.0
404 silly fetch manifest argparse@^2.0.1
405 http fetch GET 200 https://registry.npmjs.org/resolve-from 336ms (cache miss)
406 http fetch GET 200 https://registry.npmjs.org/argparse 642ms (cache miss)
407 http fetch GET 200 https://registry.npmjs.org/parent-module 880ms (cache miss)
408 silly placeDep ROOT levn@0.4.1 OK for: @eslint/plugin-kit@0.4.1 want: ^0.4.1
409 silly fetch manifest type-check@~0.4.0
410 silly placeDep ROOT @humanfs/core@0.19.2 OK for: @humanfs/node@0.16.8 want: ^0.19.2
411 silly placeDep ROOT @humanfs/types@0.15.0 OK for: @humanfs/node@0.16.8 want: ^0.15.0
412 silly placeDep ROOT fast-json-stable-stringify@2.1.0 OK for: ajv@6.15.0 want: ^2.0.0
413 silly placeDep ROOT json-schema-traverse@0.4.1 OK for: ajv@6.15.0 want: ^0.4.1
414 silly placeDep ROOT uri-js@4.4.1 OK for: ajv@6.15.0 want: ^4.2.2
415 silly fetch manifest punycode@^2.1.0
416 http fetch GET 200 https://registry.npmjs.org/punycode 2256ms (cache miss)
417 silly placeDep ROOT ansi-styles@4.3.0 OK for: chalk@4.1.2 want: ^4.1.0
418 silly placeDep ROOT supports-color@7.2.0 OK for: chalk@4.1.2 want: ^7.1.0
419 silly fetch manifest color-convert@^2.0.1
420 silly fetch manifest has-flag@^4.0.0
421 http fetch GET 200 https://registry.npmjs.org/color-convert 339ms (cache miss)
422 http fetch GET 200 https://registry.npmjs.org/has-flag 340ms (cache miss)
423 silly placeDep ROOT color-convert@2.0.1 OK for: ansi-styles@4.3.0 want: ^2.0.1
424 silly fetch manifest color-name@~1.1.4
425 http fetch GET 200 https://registry.npmjs.org/color-name 320ms (cache miss)
426 silly placeDep ROOT color-name@1.1.4 OK for: color-convert@2.0.1 want: ~1.1.4
427 silly placeDep ROOT path-key@3.1.1 OK for: cross-spawn@7.0.6 want: ^3.1.0
428 silly placeDep ROOT shebang-command@2.0.0 OK for: cross-spawn@7.0.6 want: ^2.0.0
429 silly placeDep ROOT which@2.0.2 OK for: cross-spawn@7.0.6 want: ^2.0.1
430 silly fetch manifest shebang-regex@^3.0.0
431 silly fetch manifest isexe@^2.0.0
432 http fetch GET 200 https://registry.npmjs.org/shebang-regex 342ms (cache miss)
433 http fetch GET 200 https://registry.npmjs.org/isexe 452ms (cache miss)
434 silly placeDep ROOT ms@2.1.3 OK for: debug@4.4.3 want: ^2.1.3
435 silly fetch manifest eslint@>=9.0.0
436 silly fetch manifest typescript@>=3.3.1
437 silly fetch manifest typescript@>=4.8.4 <6.1.0
438 silly fetch manifest eslint@^3 || ^4 || ^5 || ^6 || ^7 || ^8 || ^9.7
439 silly fetch manifest eslint@^2 || ^3 || ^4 || ^5 || ^6 || ^7.2.0 || ^8 || ^9
440 silly fetch manifest eslint@^3 || ^4 || ^5 || ^6 || ^7 || ^8 || ^9
441 silly fetch manifest eslint-plugin-import-x@*
442 http fetch GET 200 https://registry.npmjs.org/eslint-plugin-import-x 1196ms (cache miss)
443 silly fetch manifest @typescript-eslint/utils@^8.56.0
444 http fetch GET 200 https://registry.npmjs.org/@typescript-eslint%2futils 7674ms (cache miss)
445 silly placeDep ROOT @next/eslint-plugin-next@16.2.10 OK for: eslint-config-next@16.2.10 want: 16.2.10
446 silly placeDep ROOT eslint-import-resolver-node@0.3.10 OK for: eslint-config-next@16.2.10 want: ^0.3.6
447 silly placeDep ROOT eslint-import-resolver-typescript@3.10.1 OK for: eslint-config-next@16.2.10 want: ^3.5.2
448 silly placeDep ROOT eslint-plugin-import@2.32.0 OK for: eslint-config-next@16.2.10 want: ^2.32.0
449 silly placeDep ROOT eslint-plugin-jsx-a11y@6.10.2 OK for: eslint-config-next@16.2.10 want: ^6.10.0
450 silly placeDep ROOT eslint-plugin-react@7.37.5 OK for: eslint-config-next@16.2.10 want: ^7.37.0
451 silly placeDep ROOT eslint-plugin-react-hooks@7.1.1 OK for: eslint-config-next@16.2.10 want: ^7.0.0
452 silly placeDep node_modules/eslint-config-next globals@16.4.0 OK for: eslint-config-next@16.2.10 want: 16.4.0
453 silly placeDep ROOT typescript-eslint@8.64.0 OK for: eslint-config-next@16.2.10 want: ^8.46.0
454 silly fetch manifest fast-glob@3.3.1
455 silly fetch manifest debug@^3.2.7
456 silly fetch manifest resolve@^2.0.0-next.6
457 silly fetch manifest is-core-module@^2.16.1
458 silly fetch manifest tinyglobby@^0.2.13
459 silly fetch manifest stable-hash@^0.0.5
460 silly fetch manifest get-tsconfig@^4.10.0
461 silly fetch manifest is-bun-module@^2.0.0
462 silly fetch manifest unrs-resolver@^1.6.2
463 silly fetch manifest @nolyfill/is-core-module@1.0.39
464 silly fetch manifest @rtsao/scc@^1.1.0
465 silly fetch manifest array-includes@^3.1.9
466 silly fetch manifest array.prototype.findlastindex@^1.2.6
467 silly fetch manifest array.prototype.flat@^1.3.3
468 silly fetch manifest array.prototype.flatmap@^1.3.3
469 silly fetch manifest doctrine@^2.1.0
470 http fetch GET 200 https://registry.npmjs.org/@rtsao%2fscc 326ms (cache miss)
471 silly fetch manifest eslint-module-utils@^2.12.1
472 http fetch GET 200 https://registry.npmjs.org/tinyglobby 331ms (cache miss)
473 silly fetch manifest hasown@^2.0.2
474 http fetch GET 200 https://registry.npmjs.org/array.prototype.findlastindex 379ms (cache miss)
475 http fetch GET 200 https://registry.npmjs.org/array.prototype.flatmap 417ms (cache miss)
476 silly fetch manifest object.fromentries@^2.0.8
477 http fetch GET 200 https://registry.npmjs.org/get-tsconfig 519ms (cache miss)
478 silly fetch manifest object.groupby@^1.0.3
479 http fetch GET 200 https://registry.npmjs.org/hasown 316ms (cache miss)
480 silly fetch manifest object.values@^1.2.1
481 http fetch GET 200 https://registry.npmjs.org/array.prototype.flat 676ms (cache miss)
482 silly fetch manifest semver@^6.3.1
483 http fetch GET 200 https://registry.npmjs.org/@nolyfill%2fis-core-module 681ms (cache miss)
484 silly fetch manifest string.prototype.trimend@^1.0.9
485 http fetch GET 200 https://registry.npmjs.org/is-core-module 696ms (cache miss)
486 silly fetch manifest tsconfig-paths@^3.15.0
487 silly fetch manifest aria-query@^5.3.2
488 http fetch GET 200 https://registry.npmjs.org/unrs-resolver 751ms (cache miss)
489 silly fetch manifest array-includes@^3.1.8
490 http fetch GET 200 https://registry.npmjs.org/is-bun-module 757ms (cache miss)
491 silly fetch manifest array.prototype.flatmap@^1.3.2
492 silly fetch manifest ast-types-flow@^0.0.8
493 http fetch GET 200 https://registry.npmjs.org/object.fromentries 350ms (cache miss)
494 silly fetch manifest axe-core@^4.10.0
495 http fetch GET 200 https://registry.npmjs.org/object.groupby 327ms (cache miss)
496 silly fetch manifest axobject-query@^4.1.0
497 http fetch GET 200 https://registry.npmjs.org/resolve 940ms (cache miss)
498 silly fetch manifest damerau-levenshtein@^1.0.8
499 http fetch GET 200 https://registry.npmjs.org/doctrine 940ms (cache miss)
500 silly fetch manifest emoji-regex@^9.2.2
501 http fetch GET 200 https://registry.npmjs.org/ast-types-flow 367ms (cache miss)
502 silly fetch manifest jsx-ast-utils@^3.3.5
503 http fetch GET 200 https://registry.npmjs.org/string.prototype.trimend 508ms (cache miss)
504 silly fetch manifest language-tags@^1.0.9
505 http fetch GET 200 https://registry.npmjs.org/eslint-module-utils 880ms (cache miss)
506 silly fetch manifest safe-regex-test@^1.0.3
507 http fetch GET 200 https://registry.npmjs.org/axobject-query 452ms (cache miss)
508 silly fetch manifest string.prototype.includes@^2.0.1
509 http fetch GET 200 https://registry.npmjs.org/damerau-levenshtein 365ms (cache miss)
510 http fetch GET 200 https://registry.npmjs.org/semver 679ms (cache miss)
511 silly fetch manifest array.prototype.findlast@^1.2.5
512 http fetch GET 200 https://registry.npmjs.org/object.values 756ms (cache miss)
513 silly fetch manifest array.prototype.tosorted@^1.1.4
514 http fetch GET 200 https://registry.npmjs.org/tsconfig-paths 891ms (cache miss)
515 silly fetch manifest es-iterator-helpers@^1.2.1
516 http fetch GET 200 https://registry.npmjs.org/safe-regex-test 467ms (cache miss)
517 silly fetch manifest estraverse@^5.3.0
518 silly fetch manifest jsx-ast-utils@^2.4.1 || ^3.0.0
519 http fetch GET 200 https://registry.npmjs.org/emoji-regex 747ms (cache miss)
520 silly fetch manifest object.entries@^1.1.9
521 http fetch GET 200 https://registry.npmjs.org/array.prototype.findlast 376ms (cache miss)
522 silly fetch manifest prop-types@^15.8.1
523 http fetch GET 200 https://registry.npmjs.org/array.prototype.tosorted 344ms (cache miss)
524 silly fetch manifest resolve@^2.0.0-next.5
525 silly fetch manifest string.prototype.matchall@^4.0.12
526 http fetch GET 200 https://registry.npmjs.org/jsx-ast-utils 650ms (cache miss)
527 silly fetch manifest string.prototype.repeat@^1.0.0
528 http fetch GET 200 https://registry.npmjs.org/stable-hash 1888ms (cache miss)
529 silly fetch manifest zod@^3.25.0 || ^4.0.0
530 http fetch GET 200 https://registry.npmjs.org/aria-query 1195ms (cache miss)
531 silly fetch manifest @babel/core@^7.24.4
532 http fetch GET 200 https://registry.npmjs.org/language-tags 765ms (cache miss)
533 silly fetch manifest @babel/parser@^7.24.4
534 http fetch GET 200 https://registry.npmjs.org/string.prototype.includes 711ms (cache miss)
535 silly fetch manifest hermes-parser@^0.25.1
536 http fetch GET 200 https://registry.npmjs.org/string.prototype.repeat 344ms (cache miss)
537 silly fetch manifest zod-validation-error@^3.5.0 || ^4.0.0
538 http fetch GET 200 https://registry.npmjs.org/prop-types 662ms (cache miss)
539 silly fetch manifest @typescript-eslint/utils@8.64.0
540 silly fetch manifest @typescript-eslint/parser@8.64.0
541 http fetch GET 200 https://registry.npmjs.org/object.entries 755ms (cache miss)
542 silly fetch manifest @typescript-eslint/eslint-plugin@8.64.0
543 http fetch GET 200 https://registry.npmjs.org/array-includes 2599ms (cache miss)
544 silly fetch manifest @typescript-eslint/typescript-estree@8.64.0
545 http fetch GET 200 https://registry.npmjs.org/es-iterator-helpers 1209ms (cache miss)
546 http fetch GET 200 https://registry.npmjs.org/hermes-parser 1006ms (cache miss)
547 http fetch GET 200 https://registry.npmjs.org/@babel%2fcore 1169ms (cache miss)
548 http fetch GET 200 https://registry.npmjs.org/array-includes 2681ms (cache miss)
549 http fetch GET 200 https://registry.npmjs.org/zod-validation-error 1561ms (cache miss)
550 http fetch GET 200 https://registry.npmjs.org/fast-glob 4223ms (cache miss)
551 http fetch GET 200 https://registry.npmjs.org/string.prototype.matchall 2649ms (cache miss)
552 http fetch GET 200 https://registry.npmjs.org/zod 2791ms (cache miss)
553 http fetch GET 200 https://registry.npmjs.org/jsx-ast-utils 4488ms (cache miss)
554 http fetch GET 200 https://registry.npmjs.org/axe-core 7296ms (cache miss)
555 http fetch GET 200 https://registry.npmjs.org/@babel%2fparser 6553ms (cache miss)
556 http fetch GET 200 https://registry.npmjs.org/@typescript-eslint%2feslint-plugin 13738ms (cache miss)
557 http fetch GET 200 https://registry.npmjs.org/@typescript-eslint%2fparser 17478ms (cache miss)
558 http fetch GET 200 https://registry.npmjs.org/@typescript-eslint%2ftypescript-estree 38763ms (cache miss)
559 silly placeDep ROOT fast-glob@3.3.1 OK for: @next/eslint-plugin-next@16.2.10 want: 3.3.1
560 silly fetch manifest merge2@^1.3.0
561 silly fetch manifest micromatch@^4.0.4
562 silly fetch manifest glob-parent@^5.1.2
563 silly fetch manifest @nodelib/fs.stat@^2.0.2
564 silly fetch manifest @nodelib/fs.walk@^1.2.3
565 http fetch GET 200 https://registry.npmjs.org/@nodelib%2ffs.stat 685ms (cache miss)
566 http fetch GET 200 https://registry.npmjs.org/merge2 795ms (cache miss)
567 http fetch GET 200 https://registry.npmjs.org/micromatch 1063ms (cache miss)
568 http fetch GET 200 https://registry.npmjs.org/@nodelib%2ffs.walk 2385ms (cache miss)
569 silly placeDep node_modules/eslint-import-resolver-node debug@3.2.7 OK for: eslint-import-resolver-node@0.3.10 want: ^3.2.7
570 silly placeDep ROOT is-core-module@2.16.2 OK for: eslint-import-resolver-node@0.3.10 want: ^2.16.1
571 silly placeDep ROOT resolve@2.0.0-next.7 OK for: eslint-import-resolver-node@0.3.10 want: ^2.0.0-next.6
572 silly fetch manifest hasown@^2.0.3
573 silly fetch manifest es-errors@^1.3.0
574 silly fetch manifest node-exports-info@^1.6.0
575 silly fetch manifest object-keys@^1.1.1
576 silly fetch manifest path-parse@^1.0.7
577 silly fetch manifest supports-preserve-symlinks-flag@^1.0.0
578 http fetch GET 200 https://registry.npmjs.org/object-keys 369ms (cache miss)
579 http fetch GET 200 https://registry.npmjs.org/es-errors 1167ms (cache miss)
580 http fetch GET 200 https://registry.npmjs.org/node-exports-info 1208ms (cache miss)
581 http fetch GET 200 https://registry.npmjs.org/path-parse 1547ms (cache miss)
582 http fetch GET 200 https://registry.npmjs.org/supports-preserve-symlinks-flag 2464ms (cache miss)
583 silly placeDep ROOT @nolyfill/is-core-module@1.0.39 OK for: eslint-import-resolver-typescript@3.10.1 want: 1.0.39
584 silly placeDep ROOT get-tsconfig@4.14.0 OK for: eslint-import-resolver-typescript@3.10.1 want: ^4.10.0
585 silly placeDep ROOT is-bun-module@2.0.0 OK for: eslint-import-resolver-typescript@3.10.1 want: ^2.0.0
586 silly placeDep ROOT stable-hash@0.0.5 OK for: eslint-import-resolver-typescript@3.10.1 want: ^0.0.5
587 silly placeDep ROOT tinyglobby@0.2.17 OK for: eslint-import-resolver-typescript@3.10.1 want: ^0.2.13
588 silly placeDep ROOT unrs-resolver@1.12.2 OK for: eslint-import-resolver-typescript@3.10.1 want: ^1.6.2
589 silly fetch manifest resolve-pkg-maps@^1.0.0
590 silly fetch manifest semver@^7.7.1
591 silly fetch manifest fdir@^6.5.0
592 silly fetch manifest picomatch@^4.0.4
593 silly fetch manifest napi-postinstall@^0.3.4
594 silly fetch manifest @unrs/resolver-binding-darwin-arm64@1.12.2
595 silly fetch manifest @unrs/resolver-binding-android-arm64@1.12.2
596 silly fetch manifest @unrs/resolver-binding-win32-arm64-msvc@1.12.2
597 silly fetch manifest @unrs/resolver-binding-linux-arm64-gnu@1.12.2
598 silly fetch manifest @unrs/resolver-binding-linux-arm64-musl@1.12.2
599 silly fetch manifest @unrs/resolver-binding-openharmony-arm64@1.12.2
600 silly fetch manifest @unrs/resolver-binding-android-arm-eabi@1.12.2
601 silly fetch manifest @unrs/resolver-binding-linux-arm-gnueabihf@1.12.2
602 silly fetch manifest @unrs/resolver-binding-linux-arm-musleabihf@1.12.2
603 silly fetch manifest @unrs/resolver-binding-win32-ia32-msvc@1.12.2
604 silly fetch manifest @unrs/resolver-binding-linux-loong64-gnu@1.12.2
605 http fetch GET 200 https://registry.npmjs.org/@unrs%2fresolver-binding-openharmony-arm64 380ms (cache miss)
606 silly fetch manifest @unrs/resolver-binding-linux-loong64-musl@1.12.2
607 http fetch GET 200 https://registry.npmjs.org/@unrs%2fresolver-binding-linux-arm-musleabihf 400ms (cache miss)
608 silly fetch manifest @unrs/resolver-binding-linux-ppc64-gnu@1.12.2
609 http fetch GET 200 https://registry.npmjs.org/@unrs%2fresolver-binding-android-arm-eabi 667ms (cache miss)
610 silly fetch manifest @unrs/resolver-binding-linux-riscv64-gnu@1.12.2
611 http fetch GET 200 https://registry.npmjs.org/picomatch 704ms (cache miss)
612 silly fetch manifest @unrs/resolver-binding-linux-riscv64-musl@1.12.2
613 http fetch GET 200 https://registry.npmjs.org/napi-postinstall 712ms (cache miss)
614 silly fetch manifest @unrs/resolver-binding-linux-s390x-gnu@1.12.2
615 http fetch GET 200 https://registry.npmjs.org/@unrs%2fresolver-binding-darwin-arm64 733ms (cache miss)
616 silly fetch manifest @unrs/resolver-binding-wasm32-wasi@1.12.2
617 http fetch GET 200 https://registry.npmjs.org/@unrs%2fresolver-binding-linux-loong64-musl 382ms (cache miss)
618 silly fetch manifest @unrs/resolver-binding-darwin-x64@1.12.2
619 http fetch GET 200 https://registry.npmjs.org/@unrs%2fresolver-binding-android-arm64 767ms (cache miss)
620 silly fetch manifest @unrs/resolver-binding-win32-x64-msvc@1.12.2
621 http fetch GET 200 https://registry.npmjs.org/@unrs%2fresolver-binding-linux-arm64-musl 769ms (cache miss)
622 silly fetch manifest @unrs/resolver-binding-freebsd-x64@1.12.2
623 http fetch GET 200 https://registry.npmjs.org/@unrs%2fresolver-binding-linux-ppc64-gnu 392ms (cache miss)
624 silly fetch manifest @unrs/resolver-binding-linux-x64-gnu@1.12.2
625 http fetch GET 200 https://registry.npmjs.org/fdir 1071ms (cache miss)
626 silly fetch manifest @unrs/resolver-binding-linux-x64-musl@1.12.2
627 http fetch GET 200 https://registry.npmjs.org/@unrs%2fresolver-binding-linux-s390x-gnu 389ms (cache miss)
628 http fetch GET 200 https://registry.npmjs.org/resolve-pkg-maps 1244ms (cache miss)
629 http fetch GET 200 https://registry.npmjs.org/@unrs%2fresolver-binding-darwin-x64 500ms (cache miss)
630 http fetch GET 200 https://registry.npmjs.org/@unrs%2fresolver-binding-win32-x64-msvc 700ms (cache miss)
631 http fetch GET 200 https://registry.npmjs.org/@unrs%2fresolver-binding-freebsd-x64 810ms (cache miss)
632 http fetch GET 200 https://registry.npmjs.org/@unrs%2fresolver-binding-linux-riscv64-gnu 912ms (cache miss)
633 http fetch GET 200 https://registry.npmjs.org/@unrs%2fresolver-binding-win32-arm64-msvc 1596ms (cache miss)
634 http fetch GET 200 https://registry.npmjs.org/@unrs%2fresolver-binding-wasm32-wasi 935ms (cache miss)
635 http fetch GET 200 https://registry.npmjs.org/@unrs%2fresolver-binding-linux-x64-musl 682ms (cache miss)
636 http fetch GET 200 https://registry.npmjs.org/@unrs%2fresolver-binding-linux-arm64-gnu 1801ms (cache miss)
637 http fetch GET 200 https://registry.npmjs.org/@unrs%2fresolver-binding-linux-arm-gnueabihf 1801ms (cache miss)
638 http fetch GET 200 https://registry.npmjs.org/@unrs%2fresolver-binding-linux-x64-gnu 1240ms (cache miss)
639 http fetch GET 200 https://registry.npmjs.org/@unrs%2fresolver-binding-linux-riscv64-musl 1745ms (cache miss)
640 http fetch GET 200 https://registry.npmjs.org/@unrs%2fresolver-binding-linux-loong64-gnu 4055ms (cache miss)
641 http fetch GET 200 https://registry.npmjs.org/@unrs%2fresolver-binding-win32-ia32-msvc 4060ms (cache miss)
642 silly placeDep ROOT @rtsao/scc@1.1.0 OK for: eslint-plugin-import@2.32.0 want: ^1.1.0
643 silly placeDep ROOT array-includes@3.1.9 OK for: eslint-plugin-import@2.32.0 want: ^3.1.9
644 silly placeDep ROOT array.prototype.findlastindex@1.2.6 OK for: eslint-plugin-import@2.32.0 want: ^1.2.6
645 silly placeDep ROOT array.prototype.flat@1.3.3 OK for: eslint-plugin-import@2.32.0 want: ^1.3.3
646 silly placeDep ROOT array.prototype.flatmap@1.3.3 OK for: eslint-plugin-import@2.32.0 want: ^1.3.3
647 silly placeDep node_modules/eslint-plugin-import debug@3.2.7 OK for: eslint-plugin-import@2.32.0 want: ^3.2.7
648 silly placeDep ROOT doctrine@2.1.0 OK for: eslint-plugin-import@2.32.0 want: ^2.1.0
649 silly placeDep ROOT eslint-module-utils@2.14.0 OK for: eslint-plugin-import@2.32.0 want: ^2.12.1
650 silly placeDep ROOT hasown@2.0.4 OK for: eslint-plugin-import@2.32.0 want: ^2.0.2
651 silly placeDep ROOT object.fromentries@2.0.8 OK for: eslint-plugin-import@2.32.0 want: ^2.0.8
652 silly placeDep ROOT object.groupby@1.0.3 OK for: eslint-plugin-import@2.32.0 want: ^1.0.3
653 silly placeDep ROOT object.values@1.2.1 OK for: eslint-plugin-import@2.32.0 want: ^1.2.1
654 silly placeDep ROOT semver@6.3.1 OK for: eslint-plugin-import@2.32.0 want: ^6.3.1
655 silly placeDep ROOT string.prototype.trimend@1.0.10 OK for: eslint-plugin-import@2.32.0 want: ^1.0.9
656 silly placeDep ROOT tsconfig-paths@3.15.0 OK for: eslint-plugin-import@2.32.0 want: ^3.15.0
657 silly fetch manifest call-bind@^1.0.8
658 silly fetch manifest call-bound@^1.0.4
659 silly fetch manifest define-properties@^1.2.1
660 silly fetch manifest es-abstract@^1.24.0
661 silly fetch manifest es-object-atoms@^1.1.1
662 silly fetch manifest get-intrinsic@^1.3.0
663 silly fetch manifest is-string@^1.1.1
664 silly fetch manifest math-intrinsics@^1.1.0
665 silly fetch manifest es-abstract@^1.23.9
666 silly fetch manifest es-shim-unscopables@^1.1.0
667 http fetch GET 200 https://registry.npmjs.org/es-object-atoms 365ms (cache miss)
668 silly fetch manifest es-abstract@^1.23.5
669 http fetch GET 200 https://registry.npmjs.org/math-intrinsics 381ms (cache miss)
670 silly fetch manifest es-shim-unscopables@^1.0.2
671 http fetch GET 200 https://registry.npmjs.org/call-bind 395ms (cache miss)
672 http fetch GET 200 https://registry.npmjs.org/is-string 482ms (cache miss)
673 silly fetch manifest function-bind@^1.1.2
674 http fetch GET 200 https://registry.npmjs.org/es-shim-unscopables 726ms (cache miss)
675 silly fetch manifest call-bind@^1.0.7
676 http fetch GET 200 https://registry.npmjs.org/call-bound 747ms (cache miss)
677 silly fetch manifest es-abstract@^1.23.2
678 silly fetch manifest es-object-atoms@^1.0.0
679 http fetch GET 200 https://registry.npmjs.org/define-properties 758ms (cache miss)
680 silly fetch manifest call-bound@^1.0.3
681 silly fetch manifest call-bind@^1.0.9
682 silly fetch manifest es-object-atoms@^1.1.2
683 silly fetch manifest json5@^1.0.2
684 silly fetch manifest minimist@^1.2.6
685 silly fetch manifest strip-bom@^3.0.0
686 silly fetch manifest @types/json5@^0.0.29
687 http fetch GET 200 https://registry.npmjs.org/function-bind 354ms (cache miss)
688 http fetch GET 200 https://registry.npmjs.org/get-intrinsic 1055ms (cache miss)
689 http fetch GET 200 https://registry.npmjs.org/json5 414ms (cache miss)
690 http fetch GET 200 https://registry.npmjs.org/es-abstract 763ms (cache miss)
691 http fetch GET 200 https://registry.npmjs.org/es-shim-unscopables 1286ms (cache miss)
692 http fetch GET 200 https://registry.npmjs.org/es-abstract 1674ms (cache miss)
693 http fetch GET 200 https://registry.npmjs.org/minimist 1074ms (cache miss)
694 http fetch GET 200 https://registry.npmjs.org/strip-bom 1638ms (cache miss)
695 http fetch GET 200 https://registry.npmjs.org/@types%2fjson5 1713ms (cache miss)
696 http fetch GET 200 https://registry.npmjs.org/es-abstract 2556ms (cache miss)
697 http fetch GET 200 https://registry.npmjs.org/es-abstract 5935ms (cache miss)
698 silly placeDep ROOT call-bind@1.0.9 OK for: array-includes@3.1.9 want: ^1.0.8
699 silly placeDep ROOT call-bound@1.0.4 OK for: array-includes@3.1.9 want: ^1.0.4
700 silly placeDep ROOT define-properties@1.2.1 OK for: array-includes@3.1.9 want: ^1.2.1
701 silly placeDep ROOT es-abstract@1.24.2 OK for: array-includes@3.1.9 want: ^1.24.0
702 silly placeDep ROOT es-object-atoms@1.1.2 OK for: array-includes@3.1.9 want: ^1.1.1
703 silly placeDep ROOT get-intrinsic@1.3.0 OK for: array-includes@3.1.9 want: ^1.3.0
704 silly placeDep ROOT is-string@1.1.1 OK for: array-includes@3.1.9 want: ^1.1.1
705 silly placeDep ROOT math-intrinsics@1.1.0 OK for: array-includes@3.1.9 want: ^1.1.0
706 silly fetch manifest call-bind-apply-helpers@^1.0.2
707 silly fetch manifest es-define-property@^1.0.1
708 silly fetch manifest set-function-length@^1.2.2
709 silly fetch manifest define-data-property@^1.0.1
710 silly fetch manifest has-property-descriptors@^1.0.0
711 silly fetch manifest array-buffer-byte-length@^1.0.2
712 silly fetch manifest arraybuffer.prototype.slice@^1.0.4
713 silly fetch manifest available-typed-arrays@^1.0.7
714 silly fetch manifest data-view-buffer@^1.0.2
715 silly fetch manifest data-view-byte-length@^1.0.2
716 silly fetch manifest data-view-byte-offset@^1.0.1
717 silly fetch manifest es-set-tostringtag@^2.1.0
718 silly fetch manifest es-to-primitive@^1.3.0
719 http fetch GET 200 https://registry.npmjs.org/has-property-descriptors 321ms (cache miss)
720 silly fetch manifest function.prototype.name@^1.1.8
721 http fetch GET 200 https://registry.npmjs.org/arraybuffer.prototype.slice 335ms (cache miss)
722 silly fetch manifest get-proto@^1.0.1
723 http fetch GET 200 https://registry.npmjs.org/es-to-primitive 354ms (cache miss)
724 silly fetch manifest get-symbol-description@^1.1.0
725 http fetch GET 200 https://registry.npmjs.org/define-data-property 397ms (cache miss)
726 silly fetch manifest globalthis@^1.0.4
727 http fetch GET 200 https://registry.npmjs.org/set-function-length 450ms (cache miss)
728 silly fetch manifest gopd@^1.2.0
729 http fetch GET 200 https://registry.npmjs.org/array-buffer-byte-length 460ms (cache miss)
730 silly fetch manifest has-property-descriptors@^1.0.2
731 silly fetch manifest has-proto@^1.2.0
732 http fetch GET 200 https://registry.npmjs.org/data-view-buffer 522ms (cache miss)
733 silly fetch manifest has-symbols@^1.1.0
734 http fetch GET 200 https://registry.npmjs.org/data-view-byte-offset 672ms (cache miss)
735 silly fetch manifest internal-slot@^1.1.0
736 http fetch GET 200 https://registry.npmjs.org/es-set-tostringtag 689ms (cache miss)
737 silly fetch manifest is-array-buffer@^3.0.5
738 http fetch GET 200 https://registry.npmjs.org/call-bind-apply-helpers 716ms (cache miss)
739 silly fetch manifest is-callable@^1.2.7
740 silly fetch manifest is-data-view@^1.0.2
741 http fetch GET 200 https://registry.npmjs.org/globalthis 355ms (cache miss)
742 silly fetch manifest is-negative-zero@^2.0.3
743 http fetch GET 200 https://registry.npmjs.org/gopd 323ms (cache miss)
744 silly fetch manifest is-regex@^1.2.1
745 http fetch GET 200 https://registry.npmjs.org/has-proto 391ms (cache miss)
746 silly fetch manifest is-set@^2.0.3
747 http fetch GET 200 https://registry.npmjs.org/has-symbols 472ms (cache miss)
748 silly fetch manifest is-shared-array-buffer@^1.0.4
749 http fetch GET 200 https://registry.npmjs.org/is-regex 342ms (cache miss)
750 silly fetch manifest is-typed-array@^1.1.15
751 http fetch GET 200 https://registry.npmjs.org/function.prototype.name 837ms (cache miss)
752 silly fetch manifest is-weakref@^1.1.1
753 http fetch GET 200 https://registry.npmjs.org/is-negative-zero 428ms (cache miss)
754 silly fetch manifest object-inspect@^1.13.4
755 http fetch GET 200 https://registry.npmjs.org/get-symbol-description 1068ms (cache miss)
756 silly fetch manifest object.assign@^4.1.7
757 http fetch GET 200 https://registry.npmjs.org/is-weakref 317ms (cache miss)
758 silly fetch manifest own-keys@^1.0.1
759 http fetch GET 200 https://registry.npmjs.org/is-set 640ms (cache miss)
760 silly fetch manifest regexp.prototype.flags@^1.5.4
761 http fetch GET 200 https://registry.npmjs.org/internal-slot 961ms (cache miss)
762 silly fetch manifest safe-array-concat@^1.1.3
763 http fetch GET 200 https://registry.npmjs.org/is-shared-array-buffer 663ms (cache miss)
764 silly fetch manifest safe-push-apply@^1.0.0
765 http fetch GET 200 https://registry.npmjs.org/is-callable 975ms (cache miss)
766 silly fetch manifest safe-regex-test@^1.1.0
767 silly fetch manifest set-proto@^1.0.0
768 http fetch GET 200 https://registry.npmjs.org/is-array-buffer 1022ms (cache miss)
769 silly fetch manifest stop-iteration-iterator@^1.1.0
770 http fetch GET 200 https://registry.npmjs.org/get-proto 1380ms (cache miss)
771 silly fetch manifest string.prototype.trim@^1.2.10
772 http fetch GET 200 https://registry.npmjs.org/own-keys 313ms (cache miss)
773 silly fetch manifest string.prototype.trimstart@^1.0.8
774 http fetch GET 200 https://registry.npmjs.org/is-data-view 1245ms (cache miss)
775 silly fetch manifest typed-array-buffer@^1.0.3
776 http fetch GET 200 https://registry.npmjs.org/safe-push-apply 415ms (cache miss)
777 silly fetch manifest typed-array-byte-length@^1.0.3
778 http fetch GET 200 https://registry.npmjs.org/is-typed-array 964ms (cache miss)
779 silly fetch manifest typed-array-byte-offset@^1.0.4
780 http fetch GET 200 https://registry.npmjs.org/stop-iteration-iterator 420ms (cache miss)
781 silly fetch manifest typed-array-length@^1.0.7
782 http fetch GET 200 https://registry.npmjs.org/object.assign 799ms (cache miss)
783 silly fetch manifest unbox-primitive@^1.1.0
784 http fetch GET 200 https://registry.npmjs.org/object-inspect 1072ms (cache miss)
785 silly fetch manifest which-typed-array@^1.1.19
786 http fetch GET 200 https://registry.npmjs.org/typed-array-buffer 313ms (cache miss)
787 http fetch GET 200 https://registry.npmjs.org/regexp.prototype.flags 887ms (cache miss)
788 silly fetch manifest has-tostringtag@^1.0.2
789 http fetch GET 200 https://registry.npmjs.org/typed-array-byte-offset 457ms (cache miss)
790 http fetch GET 200 https://registry.npmjs.org/safe-array-concat 1034ms (cache miss)
791 http fetch GET 200 https://registry.npmjs.org/typed-array-byte-length 594ms (cache miss)
792 http fetch GET 200 https://registry.npmjs.org/has-tostringtag 389ms (cache miss)
793 http fetch GET 200 https://registry.npmjs.org/typed-array-length 674ms (cache miss)
794 http fetch GET 200 https://registry.npmjs.org/which-typed-array 637ms (cache miss)
795 http fetch GET 200 https://registry.npmjs.org/string.prototype.trimstart 1118ms (cache miss)
796 http fetch GET 200 https://registry.npmjs.org/string.prototype.trim 1193ms (cache miss)
797 http fetch GET 200 https://registry.npmjs.org/set-proto 1278ms (cache miss)
798 http fetch GET 200 https://registry.npmjs.org/es-define-property 3477ms (cache miss)
799 http fetch GET 200 https://registry.npmjs.org/unbox-primitive 1268ms (cache miss)
800 http fetch GET 200 https://registry.npmjs.org/available-typed-arrays 4053ms (cache miss)
801 http fetch GET 200 https://registry.npmjs.org/data-view-byte-length 5520ms (cache miss)
802 silly placeDep ROOT es-errors@1.3.0 OK for: array.prototype.findlastindex@1.2.6 want: ^1.3.0
803 silly placeDep ROOT es-shim-unscopables@1.1.0 OK for: array.prototype.findlastindex@1.2.6 want: ^1.1.0
804 silly placeDep ROOT call-bind-apply-helpers@1.0.2 OK for: call-bind@1.0.9 want: ^1.0.2
805 silly placeDep ROOT es-define-property@1.0.1 OK for: call-bind@1.0.9 want: ^1.0.1
806 silly placeDep ROOT set-function-length@1.2.2 OK for: call-bind@1.0.9 want: ^1.2.2
807 silly fetch manifest define-data-property@^1.1.4
808 silly fetch manifest gopd@^1.0.1
809 silly placeDep ROOT function-bind@1.1.2 OK for: call-bind-apply-helpers@1.0.2 want: ^1.1.2
810 silly placeDep ROOT define-data-property@1.1.4 OK for: define-properties@1.2.1 want: ^1.0.1
811 silly placeDep ROOT has-property-descriptors@1.0.2 OK for: define-properties@1.2.1 want: ^1.0.0
812 silly placeDep ROOT object-keys@1.1.1 OK for: define-properties@1.2.1 want: ^1.1.1
813 silly placeDep ROOT gopd@1.2.0 OK for: define-data-property@1.1.4 want: ^1.0.1
814 silly placeDep ROOT array-buffer-byte-length@1.0.2 OK for: es-abstract@1.24.2 want: ^1.0.2
815 silly placeDep ROOT arraybuffer.prototype.slice@1.0.4 OK for: es-abstract@1.24.2 want: ^1.0.4
816 silly placeDep ROOT available-typed-arrays@1.0.7 OK for: es-abstract@1.24.2 want: ^1.0.7
817 silly placeDep ROOT data-view-buffer@1.0.2 OK for: es-abstract@1.24.2 want: ^1.0.2
818 silly placeDep ROOT data-view-byte-length@1.0.2 OK for: es-abstract@1.24.2 want: ^1.0.2
819 silly placeDep ROOT data-view-byte-offset@1.0.1 OK for: es-abstract@1.24.2 want: ^1.0.1
820 silly placeDep ROOT es-set-tostringtag@2.1.0 OK for: es-abstract@1.24.2 want: ^2.1.0
821 silly placeDep ROOT es-to-primitive@1.3.4 OK for: es-abstract@1.24.2 want: ^1.3.0
822 silly placeDep ROOT function.prototype.name@1.2.0 OK for: es-abstract@1.24.2 want: ^1.1.8
823 silly placeDep ROOT get-proto@1.0.1 OK for: es-abstract@1.24.2 want: ^1.0.1
824 silly placeDep ROOT get-symbol-description@1.1.0 OK for: es-abstract@1.24.2 want: ^1.1.0
825 silly placeDep ROOT globalthis@1.0.4 OK for: es-abstract@1.24.2 want: ^1.0.4
826 silly placeDep ROOT has-proto@1.2.0 OK for: es-abstract@1.24.2 want: ^1.2.0
827 silly placeDep ROOT has-symbols@1.1.0 OK for: es-abstract@1.24.2 want: ^1.1.0
828 silly placeDep ROOT internal-slot@1.1.0 OK for: es-abstract@1.24.2 want: ^1.1.0
829 silly placeDep ROOT is-array-buffer@3.0.5 OK for: es-abstract@1.24.2 want: ^3.0.5
830 silly placeDep ROOT is-callable@1.2.7 OK for: es-abstract@1.24.2 want: ^1.2.7
831 silly placeDep ROOT is-data-view@1.0.2 OK for: es-abstract@1.24.2 want: ^1.0.2
832 silly placeDep ROOT is-negative-zero@2.0.3 OK for: es-abstract@1.24.2 want: ^2.0.3
833 silly placeDep ROOT is-regex@1.2.1 OK for: es-abstract@1.24.2 want: ^1.2.1
834 silly placeDep ROOT is-set@2.0.3 OK for: es-abstract@1.24.2 want: ^2.0.3
835 silly placeDep ROOT is-shared-array-buffer@1.0.4 OK for: es-abstract@1.24.2 want: ^1.0.4
836 silly placeDep ROOT is-typed-array@1.1.15 OK for: es-abstract@1.24.2 want: ^1.1.15
837 silly placeDep ROOT is-weakref@1.1.1 OK for: es-abstract@1.24.2 want: ^1.1.1
838 silly placeDep ROOT object-inspect@1.13.4 OK for: es-abstract@1.24.2 want: ^1.13.4
839 silly placeDep ROOT object.assign@4.1.7 OK for: es-abstract@1.24.2 want: ^4.1.7
840 silly placeDep ROOT own-keys@1.0.1 OK for: es-abstract@1.24.2 want: ^1.0.1
841 silly placeDep ROOT regexp.prototype.flags@1.5.4 OK for: es-abstract@1.24.2 want: ^1.5.4
842 silly placeDep ROOT safe-array-concat@1.1.4 OK for: es-abstract@1.24.2 want: ^1.1.3
843 silly placeDep ROOT safe-push-apply@1.0.0 OK for: es-abstract@1.24.2 want: ^1.0.0
844 silly placeDep ROOT safe-regex-test@1.1.0 OK for: es-abstract@1.24.2 want: ^1.1.0
845 silly placeDep ROOT set-proto@1.0.0 OK for: es-abstract@1.24.2 want: ^1.0.0
846 silly placeDep ROOT stop-iteration-iterator@1.1.0 OK for: es-abstract@1.24.2 want: ^1.1.0
847 silly placeDep ROOT string.prototype.trim@1.2.11 OK for: es-abstract@1.24.2 want: ^1.2.10
848 silly placeDep ROOT string.prototype.trimstart@1.0.8 OK for: es-abstract@1.24.2 want: ^1.0.8
849 silly placeDep ROOT typed-array-buffer@1.0.3 OK for: es-abstract@1.24.2 want: ^1.0.3
850 silly placeDep ROOT typed-array-byte-length@1.0.3 OK for: es-abstract@1.24.2 want: ^1.0.3
851 silly placeDep ROOT typed-array-byte-offset@1.0.4 OK for: es-abstract@1.24.2 want: ^1.0.4
852 silly placeDep ROOT typed-array-length@1.0.8 OK for: es-abstract@1.24.2 want: ^1.0.7
853 silly placeDep ROOT unbox-primitive@1.1.0 OK for: es-abstract@1.24.2 want: ^1.1.0
854 silly placeDep ROOT which-typed-array@1.1.22 OK for: es-abstract@1.24.2 want: ^1.1.19
855 silly fetch manifest is-array-buffer@^3.0.4
856 silly fetch manifest possible-typed-array-names@^1.0.0
857 silly fetch manifest is-data-view@^1.0.1
858 silly fetch manifest is-symbol@^1.1.1
859 silly fetch manifest is-date-object@^1.1.0
860 silly fetch manifest es-abstract-get@^1.0.0
861 silly fetch manifest is-document.all@^1.0.0
862 silly fetch manifest functions-have-names@^1.2.3
863 silly fetch manifest dunder-proto@^1.0.1
864 silly fetch manifest dunder-proto@^1.0.0
865 silly fetch manifest side-channel@^1.1.0
866 silly fetch manifest is-typed-array@^1.1.13
867 silly fetch manifest which-typed-array@^1.1.16
868 silly fetch manifest set-function-name@^2.0.2
869 silly fetch manifest isarray@^2.0.5
870 silly fetch manifest for-each@^0.3.3
871 http fetch GET 200 https://registry.npmjs.org/possible-typed-array-names 320ms (cache miss)
872 silly fetch manifest reflect.getprototypeof@^1.0.9
873 http fetch GET 200 https://registry.npmjs.org/dunder-proto 376ms (cache miss)
874 silly fetch manifest for-each@^0.3.5
875 http fetch GET 200 https://registry.npmjs.org/dunder-proto 407ms (cache miss)
876 silly fetch manifest possible-typed-array-names@^1.1.0
877 silly fetch manifest reflect.getprototypeof@^1.0.10
878 silly fetch manifest has-bigints@^1.0.2
879 http fetch GET 200 https://registry.npmjs.org/functions-have-names 515ms (cache miss)
880 silly fetch manifest which-boxed-primitive@^1.1.1
881 http fetch GET 200 https://registry.npmjs.org/set-function-name 521ms (cache miss)
882 http fetch GET 200 https://registry.npmjs.org/is-document.all 556ms (cache miss)
883 http fetch GET 200 https://registry.npmjs.org/es-abstract-get 579ms (cache miss)
884 http fetch GET 200 https://registry.npmjs.org/is-symbol 679ms (cache miss)
885 http fetch GET 200 https://registry.npmjs.org/for-each 309ms (cache miss)
886 http fetch GET 200 https://registry.npmjs.org/isarray 715ms (cache miss)
887 http fetch GET 200 https://registry.npmjs.org/side-channel 1256ms (cache miss)
888 http fetch GET 200 https://registry.npmjs.org/reflect.getprototypeof 850ms (cache miss)
889 http fetch GET 200 https://registry.npmjs.org/has-bigints 850ms (cache miss)
890 http fetch GET 200 https://registry.npmjs.org/is-date-object 1413ms (cache miss)
891 http fetch GET 200 https://registry.npmjs.org/for-each 1465ms (cache miss)
892 http fetch GET 200 https://registry.npmjs.org/reflect.getprototypeof 1233ms (cache miss)
893 http fetch GET 200 https://registry.npmjs.org/which-boxed-primitive 1039ms (cache miss)
894 silly placeDep ROOT possible-typed-array-names@1.1.0 OK for: available-typed-arrays@1.0.7 want: ^1.0.0
895 silly placeDep ROOT has-tostringtag@1.0.2 OK for: es-set-tostringtag@2.1.0 want: ^1.0.2
896 silly placeDep ROOT es-abstract-get@1.0.0 OK for: es-to-primitive@1.3.4 want: ^1.0.0
897 silly placeDep ROOT is-date-object@1.1.0 OK for: es-to-primitive@1.3.4 want: ^1.1.0
898 silly placeDep ROOT is-symbol@1.1.1 OK for: es-to-primitive@1.3.4 want: ^1.1.1
899 silly placeDep node_modules/eslint-module-utils debug@3.2.7 OK for: eslint-module-utils@2.14.0 want: ^3.2.7
900 silly placeDep ROOT aria-query@5.3.2 OK for: eslint-plugin-jsx-a11y@6.10.2 want: ^5.3.2
901 silly placeDep ROOT ast-types-flow@0.0.8 OK for: eslint-plugin-jsx-a11y@6.10.2 want: ^0.0.8
902 silly placeDep ROOT axe-core@4.12.1 OK for: eslint-plugin-jsx-a11y@6.10.2 want: ^4.10.0
903 silly placeDep ROOT axobject-query@4.1.0 OK for: eslint-plugin-jsx-a11y@6.10.2 want: ^4.1.0
904 silly placeDep ROOT damerau-levenshtein@1.0.8 OK for: eslint-plugin-jsx-a11y@6.10.2 want: ^1.0.8
905 silly placeDep ROOT emoji-regex@9.2.2 OK for: eslint-plugin-jsx-a11y@6.10.2 want: ^9.2.2
906 silly placeDep ROOT jsx-ast-utils@3.3.5 OK for: eslint-plugin-jsx-a11y@6.10.2 want: ^3.3.5
907 silly placeDep ROOT language-tags@1.0.9 OK for: eslint-plugin-jsx-a11y@6.10.2 want: ^1.0.9
908 silly placeDep ROOT string.prototype.includes@2.0.1 OK for: eslint-plugin-jsx-a11y@6.10.2 want: ^2.0.1
909 silly fetch manifest language-subtag-registry@^0.3.20
910 http fetch GET 200 https://registry.npmjs.org/language-subtag-registry 667ms (cache miss)
911 silly placeDep ROOT array.prototype.findlast@1.2.5 OK for: eslint-plugin-react@7.37.5 want: ^1.2.5
912 silly placeDep ROOT array.prototype.tosorted@1.1.4 OK for: eslint-plugin-react@7.37.5 want: ^1.1.4
913 silly placeDep ROOT es-iterator-helpers@1.4.0 OK for: eslint-plugin-react@7.37.5 want: ^1.2.1
914 silly placeDep ROOT estraverse@5.3.0 OK for: eslint-plugin-react@7.37.5 want: ^5.3.0
915 silly placeDep ROOT object.entries@1.1.9 OK for: eslint-plugin-react@7.37.5 want: ^1.1.9
916 silly placeDep ROOT prop-types@15.8.1 OK for: eslint-plugin-react@7.37.5 want: ^15.8.1
917 silly placeDep ROOT string.prototype.matchall@4.0.12 OK for: eslint-plugin-react@7.37.5 want: ^4.0.12
918 silly placeDep ROOT string.prototype.repeat@1.0.0 OK for: eslint-plugin-react@7.37.5 want: ^1.0.0
919 silly fetch manifest iterator.prototype@^1.1.5
920 silly fetch manifest loose-envify@^1.4.0
921 silly fetch manifest object-assign@^4.1.1
922 silly fetch manifest react-is@^16.13.1
923 http fetch GET 200 https://registry.npmjs.org/iterator.prototype 463ms (cache miss)
924 http fetch GET 200 https://registry.npmjs.org/loose-envify 499ms (cache miss)
925 http fetch GET 200 https://registry.npmjs.org/object-assign 1023ms (cache miss)
926 http fetch GET 200 https://registry.npmjs.org/react-is 31808ms (cache miss)
927 silly placeDep ROOT iterator.prototype@1.1.5 OK for: es-iterator-helpers@1.4.0 want: ^1.1.5
928 silly placeDep ROOT @babel/core@7.29.7 OK for: eslint-plugin-react-hooks@7.1.1 want: ^7.24.4
929 silly placeDep ROOT @babel/parser@7.29.7 OK for: eslint-plugin-react-hooks@7.1.1 want: ^7.24.4
930 silly placeDep ROOT hermes-parser@0.25.1 OK for: eslint-plugin-react-hooks@7.1.1 want: ^0.25.1
931 silly placeDep ROOT zod@4.4.3 OK for: eslint-plugin-react-hooks@7.1.1 want: ^3.25.0 || ^4.0.0
932 silly placeDep ROOT zod-validation-error@4.0.2 OK for: eslint-plugin-react-hooks@7.1.1 want: ^3.5.0 || ^4.0.0
933 silly fetch manifest json5@^2.2.3
934 silly fetch manifest gensync@^1.0.0-beta.2
935 silly fetch manifest @babel/types@^7.29.7
936 silly fetch manifest @babel/parser@^7.29.7
937 silly fetch manifest @babel/helpers@^7.29.7
938 silly fetch manifest @babel/template@^7.29.7
939 silly fetch manifest @babel/traverse@^7.29.7
940 silly fetch manifest @babel/generator@^7.29.7
941 silly fetch manifest @babel/code-frame@^7.29.7
942 silly fetch manifest convert-source-map@^2.0.0
943 silly fetch manifest @babel/helper-module-transforms@^7.29.7
944 silly fetch manifest @babel/helper-compilation-targets@^7.29.7
945 silly fetch manifest hermes-estree@0.25.1
946 http fetch GET 200 https://registry.npmjs.org/gensync 953ms (cache miss)
947 http fetch GET 200 https://registry.npmjs.org/hermes-estree 1122ms (cache miss)
948 http fetch GET 200 https://registry.npmjs.org/@babel%2fgenerator 1823ms (cache miss)
949 http fetch GET 200 https://registry.npmjs.org/@babel%2fhelper-compilation-targets 1849ms (cache miss)
950 http fetch GET 200 https://registry.npmjs.org/@babel%2fcode-frame 2210ms (cache miss)
951 http fetch GET 200 https://registry.npmjs.org/convert-source-map 2229ms (cache miss)
952 http fetch GET 200 https://registry.npmjs.org/@babel%2fhelper-module-transforms 3007ms (cache miss)
953 http fetch GET 200 https://registry.npmjs.org/@babel%2ftemplate 3304ms (cache miss)
954 http fetch GET 200 https://registry.npmjs.org/@babel%2ftypes 5650ms (cache miss)
955 http fetch GET 200 https://registry.npmjs.org/@babel%2fhelpers 6932ms (cache miss)
956 http fetch GET 200 https://registry.npmjs.org/@babel%2ftraverse 10831ms (cache miss)
957 silly fetch manifest @babel/core@^7.0.0
958 silly placeDep ROOT @babel/code-frame@7.29.7 OK for: @babel/core@7.29.7 want: ^7.29.7
959 silly placeDep ROOT @babel/generator@7.29.7 OK for: @babel/core@7.29.7 want: ^7.29.7
960 silly placeDep ROOT @babel/helper-compilation-targets@7.29.7 OK for: @babel/core@7.29.7 want: ^7.29.7
961 silly placeDep ROOT @babel/helper-module-transforms@7.29.7 OK for: @babel/core@7.29.7 want: ^7.29.7
962 silly placeDep ROOT @babel/helpers@7.29.7 OK for: @babel/core@7.29.7 want: ^7.29.7
963 silly placeDep ROOT @babel/template@7.29.7 OK for: @babel/core@7.29.7 want: ^7.29.7
964 silly placeDep ROOT @babel/traverse@7.29.7 OK for: @babel/core@7.29.7 want: ^7.29.7
965 silly placeDep ROOT @babel/types@7.29.7 OK for: @babel/core@7.29.7 want: ^7.29.7
966 silly placeDep ROOT convert-source-map@2.0.0 OK for: @babel/core@7.29.7 want: ^2.0.0
967 silly placeDep ROOT gensync@1.0.0-beta.2 OK for: @babel/core@7.29.7 want: ^1.0.0-beta.2
968 silly placeDep ROOT json5@2.2.3 OK for: @babel/core@7.29.7 want: ^2.2.3
969 silly fetch manifest js-tokens@^4.0.0
970 silly fetch manifest @babel/helper-validator-identifier@^7.29.7
971 silly fetch manifest jsesc@^3.0.2
972 silly fetch manifest lru-cache@^5.1.1
973 silly fetch manifest browserslist@^4.24.0
974 silly fetch manifest @babel/compat-data@^7.29.7
975 silly fetch manifest @babel/helper-validator-option@^7.29.7
976 silly fetch manifest @babel/helper-module-imports@^7.29.7
977 silly fetch manifest @babel/helper-globals@^7.29.7
978 silly fetch manifest @babel/helper-string-parser@^7.29.7
979 http fetch GET 200 https://registry.npmjs.org/@babel%2fhelper-globals 717ms (cache miss)
980 http fetch GET 200 https://registry.npmjs.org/@babel%2fhelper-validator-option 1014ms (cache miss)
981 http fetch GET 200 https://registry.npmjs.org/js-tokens 1250ms (cache miss)
982 http fetch GET 200 https://registry.npmjs.org/@babel%2fhelper-string-parser 2049ms (cache miss)
983 http fetch GET 200 https://registry.npmjs.org/lru-cache 2087ms (cache miss)
984 http fetch GET 200 https://registry.npmjs.org/@babel%2fcompat-data 2318ms (cache miss)
985 http fetch GET 200 https://registry.npmjs.org/jsesc 2483ms (cache miss)
986 http fetch GET 200 https://registry.npmjs.org/@babel%2fhelper-module-imports 2537ms (cache miss)
987 http fetch GET 200 https://registry.npmjs.org/@babel%2fhelper-validator-identifier 2556ms (cache miss)
988 http fetch GET 200 https://registry.npmjs.org/browserslist 6074ms (cache miss)
989 silly placeDep ROOT @babel/helper-validator-identifier@7.29.7 OK for: @babel/code-frame@7.29.7 want: ^7.29.7
990 silly placeDep ROOT js-tokens@4.0.0 OK for: @babel/code-frame@7.29.7 want: ^4.0.0
991 silly placeDep ROOT picocolors@1.1.1 OK for: @babel/code-frame@7.29.7 want: ^1.1.1
992 silly placeDep ROOT jsesc@3.1.0 OK for: @babel/generator@7.29.7 want: ^3.0.2
993 silly placeDep ROOT @babel/compat-data@7.29.7 OK for: @babel/helper-compilation-targets@7.29.7 want: ^7.29.7
994 silly placeDep ROOT @babel/helper-validator-option@7.29.7 OK for: @babel/helper-compilation-targets@7.29.7 want: ^7.29.7
995 silly placeDep ROOT browserslist@4.28.6 OK for: @babel/helper-compilation-targets@7.29.7 want: ^4.24.0
996 silly placeDep ROOT lru-cache@5.1.1 OK for: @babel/helper-compilation-targets@7.29.7 want: ^5.1.1
997 silly fetch manifest caniuse-lite@^1.0.30001803
998 silly fetch manifest node-releases@^2.0.51
999 silly fetch manifest electron-to-chromium@^1.5.389
1000 silly fetch manifest update-browserslist-db@^1.2.3
1001 silly fetch manifest baseline-browser-mapping@^2.10.42
1002 silly fetch manifest yallist@^3.0.2
1003 http fetch GET 200 https://registry.npmjs.org/update-browserslist-db 652ms (cache miss)
1004 http fetch GET 200 https://registry.npmjs.org/yallist 864ms (cache miss)
1005 http fetch GET 200 https://registry.npmjs.org/node-releases 2825ms (cache miss)
1006 http fetch GET 200 https://registry.npmjs.org/electron-to-chromium 17871ms (cache miss)
1007 silly placeDep ROOT @babel/helper-module-imports@7.29.7 OK for: @babel/helper-module-transforms@7.29.7 want: ^7.29.7
1008 silly placeDep ROOT @babel/helper-globals@7.29.7 OK for: @babel/traverse@7.29.7 want: ^7.29.7
1009 silly placeDep ROOT @babel/helper-string-parser@7.29.7 OK for: @babel/types@7.29.7 want: ^7.29.7
1010 silly fetch manifest browserslist@>= 4.21.0
1011 silly placeDep ROOT baseline-browser-mapping@2.10.43 OK for: browserslist@4.28.6 want: ^2.10.42
1012 silly placeDep ROOT caniuse-lite@1.0.30001806 OK for: browserslist@4.28.6 want: ^1.0.30001803
1013 silly placeDep ROOT electron-to-chromium@1.5.393 OK for: browserslist@4.28.6 want: ^1.5.389
1014 silly placeDep ROOT node-releases@2.0.51 OK for: browserslist@4.28.6 want: ^2.0.51
1015 silly placeDep ROOT update-browserslist-db@1.2.3 OK for: browserslist@4.28.6 want: ^1.2.3
1016 silly fetch manifest escalade@^3.2.0
1017 http fetch GET 200 https://registry.npmjs.org/escalade 1391ms (cache miss)
1018 silly placeDep ROOT esrecurse@4.3.0 OK for: eslint-scope@8.4.0 want: ^4.3.0
1019 silly placeDep ROOT acorn@8.17.0 OK for: espree@10.4.0 want: ^8.15.0
1020 silly placeDep ROOT acorn-jsx@5.3.2 OK for: espree@10.4.0 want: ^5.3.2
1021 silly placeDep ROOT @nodelib/fs.stat@2.0.5 OK for: fast-glob@3.3.1 want: ^2.0.2
1022 silly placeDep ROOT @nodelib/fs.walk@1.2.8 OK for: fast-glob@3.3.1 want: ^1.2.3
1023 silly placeDep node_modules/fast-glob glob-parent@5.1.2 OK for: fast-glob@3.3.1 want: ^5.1.2
1024 silly placeDep ROOT merge2@1.4.1 OK for: fast-glob@3.3.1 want: ^1.3.0
1025 silly placeDep ROOT micromatch@4.0.8 OK for: fast-glob@3.3.1 want: ^4.0.4
1026 silly fetch manifest fastq@^1.6.0
1027 silly fetch manifest @nodelib/fs.scandir@2.1.5
1028 silly fetch manifest braces@^3.0.3
1029 silly fetch manifest picomatch@^2.3.1
1030 http fetch GET 200 https://registry.npmjs.org/@nodelib%2ffs.scandir 525ms (cache miss)
1031 http fetch GET 200 https://registry.npmjs.org/braces 840ms (cache miss)
1032 http fetch GET 200 https://registry.npmjs.org/fastq 1032ms (cache miss)
1033 silly placeDep ROOT @nodelib/fs.scandir@2.1.5 OK for: @nodelib/fs.walk@1.2.8 want: 2.1.5
1034 silly placeDep ROOT fastq@1.20.1 OK for: @nodelib/fs.walk@1.2.8 want: ^1.6.0
1035 silly fetch manifest run-parallel@^1.1.9
1036 silly fetch manifest reusify@^1.0.4
1037 http fetch GET 200 https://registry.npmjs.org/reusify 706ms (cache miss)
1038 http fetch GET 200 https://registry.npmjs.org/run-parallel 1325ms (cache miss)
1039 silly placeDep ROOT run-parallel@1.2.0 OK for: @nodelib/fs.scandir@2.1.5 want: ^1.1.9
1040 silly fetch manifest queue-microtask@^1.2.2
1041 http fetch GET 200 https://registry.npmjs.org/queue-microtask 602ms (cache miss)
1042 silly placeDep ROOT reusify@1.1.0 OK for: fastq@1.20.1 want: ^1.0.4
1043 silly placeDep ROOT flat-cache@4.0.1 OK for: file-entry-cache@8.0.0 want: ^4.0.0
1044 silly fetch manifest keyv@^4.5.4
1045 silly fetch manifest flatted@^3.2.9
1046 http fetch GET 200 https://registry.npmjs.org/flatted 1013ms (cache miss)
1047 http fetch GET 200 https://registry.npmjs.org/keyv 4838ms (cache miss)
1048 silly placeDep ROOT locate-path@6.0.0 OK for: find-up@5.0.0 want: ^6.0.0
1049 silly placeDep ROOT path-exists@4.0.0 OK for: find-up@5.0.0 want: ^4.0.0
1050 silly fetch manifest p-locate@^5.0.0
1051 http fetch GET 200 https://registry.npmjs.org/p-locate 1084ms (cache miss)
1052 silly placeDep ROOT flatted@3.4.2 OK for: flat-cache@4.0.1 want: ^3.2.9
1053 silly placeDep ROOT keyv@4.5.4 OK for: flat-cache@4.0.1 want: ^4.5.4
1054 silly fetch manifest json-buffer@3.0.1
1055 http fetch GET 200 https://registry.npmjs.org/json-buffer 499ms (cache miss)
1056 silly placeDep ROOT functions-have-names@1.2.3 OK for: function.prototype.name@1.2.0 want: ^1.2.3
1057 silly placeDep ROOT is-document.all@1.0.0 OK for: function.prototype.name@1.2.0 want: ^1.0.0
1058 silly placeDep ROOT dunder-proto@1.0.1 OK for: get-proto@1.0.1 want: ^1.0.1
1059 silly placeDep ROOT resolve-pkg-maps@1.0.0 OK for: get-tsconfig@4.14.0 want: ^1.0.0
1060 silly placeDep ROOT hermes-estree@0.25.1 OK for: hermes-parser@0.25.1 want: 0.25.1
1061 silly placeDep ROOT parent-module@1.0.1 OK for: import-fresh@3.3.1 want: ^1.0.0
1062 silly placeDep ROOT resolve-from@4.0.0 OK for: import-fresh@3.3.1 want: ^4.0.0
1063 silly fetch manifest callsites@^3.0.0
1064 http fetch GET 200 https://registry.npmjs.org/callsites 1832ms (cache miss)
1065 silly placeDep ROOT side-channel@1.1.1 OK for: internal-slot@1.1.0 want: ^1.1.0
1066 silly fetch manifest side-channel-list@^1.0.1
1067 silly fetch manifest side-channel-map@^1.0.1
1068 silly fetch manifest side-channel-weakmap@^1.0.2
1069 http fetch GET 200 https://registry.npmjs.org/side-channel-map 357ms (cache miss)
1070 http fetch GET 200 https://registry.npmjs.org/side-channel-list 679ms (cache miss)
1071 http fetch GET 200 https://registry.npmjs.org/side-channel-weakmap 1588ms (cache miss)
1072 silly placeDep node_modules/is-bun-module semver@7.8.5 OK for: is-bun-module@2.0.0 want: ^7.7.1
1073 silly placeDep ROOT is-extglob@2.1.1 OK for: is-glob@4.0.3 want: ^2.1.1
1074 silly placeDep ROOT set-function-name@2.0.2 OK for: iterator.prototype@1.1.5 want: ^2.0.2
1075 silly placeDep ROOT argparse@2.0.1 OK for: js-yaml@4.3.0 want: ^2.0.1
1076 silly placeDep ROOT json-buffer@3.0.1 OK for: keyv@4.5.4 want: 3.0.1
1077 silly placeDep ROOT language-subtag-registry@0.3.23 OK for: language-tags@1.0.9 want: ^0.3.20
1078 silly placeDep ROOT prelude-ls@1.2.1 OK for: levn@0.4.1 want: ^1.2.1
1079 silly placeDep ROOT type-check@0.4.0 OK for: levn@0.4.1 want: ~0.4.0
1080 silly placeDep ROOT detect-libc@2.1.2 OK for: lightningcss@1.32.0 want: ^2.0.3
1081 silly placeDep ROOT lightningcss-android-arm64@1.32.0 OK for: lightningcss@1.32.0 want: 1.32.0
1082 silly placeDep ROOT lightningcss-darwin-arm64@1.32.0 OK for: lightningcss@1.32.0 want: 1.32.0
1083 silly placeDep ROOT lightningcss-darwin-x64@1.32.0 OK for: lightningcss@1.32.0 want: 1.32.0
1084 silly placeDep ROOT lightningcss-freebsd-x64@1.32.0 OK for: lightningcss@1.32.0 want: 1.32.0
1085 silly placeDep ROOT lightningcss-linux-arm-gnueabihf@1.32.0 OK for: lightningcss@1.32.0 want: 1.32.0
1086 silly placeDep ROOT lightningcss-linux-arm64-gnu@1.32.0 OK for: lightningcss@1.32.0 want: 1.32.0
1087 silly placeDep ROOT lightningcss-linux-arm64-musl@1.32.0 OK for: lightningcss@1.32.0 want: 1.32.0
1088 silly placeDep ROOT lightningcss-linux-x64-gnu@1.32.0 OK for: lightningcss@1.32.0 want: 1.32.0
1089 silly placeDep ROOT lightningcss-linux-x64-musl@1.32.0 OK for: lightningcss@1.32.0 want: 1.32.0
1090 silly placeDep ROOT lightningcss-win32-arm64-msvc@1.32.0 OK for: lightningcss@1.32.0 want: 1.32.0
1091 silly placeDep ROOT lightningcss-win32-x64-msvc@1.32.0 OK for: lightningcss@1.32.0 want: 1.32.0
1092 silly placeDep ROOT p-locate@5.0.0 OK for: locate-path@6.0.0 want: ^5.0.0
1093 silly fetch manifest p-limit@^3.0.2
1094 http fetch GET 200 https://registry.npmjs.org/p-limit 1858ms (cache miss)
1095 silly placeDep ROOT yallist@3.1.1 OK for: lru-cache@5.1.1 want: ^3.0.2
1096 silly placeDep ROOT braces@3.0.3 OK for: micromatch@4.0.8 want: ^3.0.3
1097 silly placeDep ROOT picomatch@2.3.2 OK for: micromatch@4.0.8 want: ^2.3.1
1098 silly fetch manifest fill-range@^7.1.1
1099 http fetch GET 200 https://registry.npmjs.org/fill-range 1310ms (cache miss)
1100 silly placeDep ROOT fill-range@7.1.1 OK for: braces@3.0.3 want: ^7.1.1
1101 silly fetch manifest to-regex-range@^5.0.1
1102 http fetch GET 200 https://registry.npmjs.org/to-regex-range 657ms (cache miss)
1103 silly placeDep ROOT to-regex-range@5.0.1 OK for: fill-range@7.1.1 want: ^5.0.1
1104 silly fetch manifest is-number@^7.0.0
1105 http fetch GET 200 https://registry.npmjs.org/is-number 1583ms (cache miss)
1106 silly placeDep ROOT brace-expansion@1.1.16 OK for: minimatch@3.1.5 want: ^1.1.7
1107 silly fetch manifest concat-map@0.0.1
1108 silly fetch manifest balanced-match@^1.0.0
1109 http fetch GET 200 https://registry.npmjs.org/concat-map 369ms (cache miss)
1110 http fetch GET 200 https://registry.npmjs.org/balanced-match 2264ms (cache miss)
1111 silly placeDep ROOT balanced-match@1.0.2 OK for: brace-expansion@1.1.16 want: ^1.0.0
1112 silly placeDep ROOT concat-map@0.0.1 OK for: brace-expansion@1.1.16 want: 0.0.1
1113 silly fetch manifest react@^18.2.0 || 19.0.0-rc-de68d2f4-20241204 || ^19.0.0
1114 silly placeDep ROOT @next/env@16.2.10 OK for: next@16.2.10 want: 16.2.10
1115 silly placeDep ROOT @next/swc-darwin-arm64@16.2.10 OK for: next@16.2.10 want: 16.2.10
1116 silly placeDep ROOT @next/swc-darwin-x64@16.2.10 OK for: next@16.2.10 want: 16.2.10
1117 silly placeDep ROOT @next/swc-linux-arm64-gnu@16.2.10 OK for: next@16.2.10 want: 16.2.10
1118 silly placeDep ROOT @next/swc-linux-arm64-musl@16.2.10 OK for: next@16.2.10 want: 16.2.10
1119 silly placeDep ROOT @next/swc-linux-x64-gnu@16.2.10 OK for: next@16.2.10 want: 16.2.10
1120 silly placeDep ROOT @next/swc-linux-x64-musl@16.2.10 OK for: next@16.2.10 want: 16.2.10
1121 silly placeDep ROOT @next/swc-win32-arm64-msvc@16.2.10 OK for: next@16.2.10 want: 16.2.10
1122 silly placeDep ROOT @next/swc-win32-x64-msvc@16.2.10 OK for: next@16.2.10 want: 16.2.10
1123 silly placeDep ROOT @swc/helpers@0.5.15 OK for: next@16.2.10 want: 0.5.15
1124 silly placeDep node_modules/next postcss@8.4.31 OK for: next@16.2.10 want: 8.4.31
1125 silly placeDep ROOT sharp@0.34.5 OK for: next@16.2.10 want: ^0.34.5
1126 silly placeDep ROOT styled-jsx@5.1.6 OK for: next@16.2.10 want: 5.1.6
1127 silly fetch manifest tslib@^2.8.0
1128 silly fetch manifest nanoid@^3.3.6
1129 silly fetch manifest semver@^7.7.3
1130 silly fetch manifest @img/colour@^1.0.0
1131 silly fetch manifest @img/sharp-wasm32@0.34.5
1132 silly fetch manifest @img/sharp-linux-arm@0.34.5
1133 silly fetch manifest @img/sharp-linux-x64@0.34.5
1134 silly fetch manifest @img/sharp-win32-x64@0.34.5
1135 silly fetch manifest @img/sharp-darwin-x64@0.34.5
1136 silly fetch manifest @img/sharp-win32-ia32@0.34.5
1137 silly fetch manifest @img/sharp-linux-arm64@0.34.5
1138 silly fetch manifest @img/sharp-linux-ppc64@0.34.5
1139 silly fetch manifest @img/sharp-linux-s390x@0.34.5
1140 silly fetch manifest @img/sharp-win32-arm64@0.34.5
1141 silly fetch manifest @img/sharp-darwin-arm64@0.34.5
1142 silly fetch manifest @img/sharp-linux-riscv64@0.34.5
1143 silly fetch manifest @img/sharp-linuxmusl-x64@0.34.5
1144 http fetch GET 200 https://registry.npmjs.org/@img%2fcolour 365ms (cache miss)
1145 silly fetch manifest @img/sharp-linuxmusl-arm64@0.34.5
1146 http fetch GET 200 https://registry.npmjs.org/@img%2fsharp-linux-s390x 523ms (cache miss)
1147 silly fetch manifest @img/sharp-libvips-linux-arm@1.2.4
1148 http fetch GET 200 https://registry.npmjs.org/@img%2fsharp-linux-arm64 783ms (cache miss)
1149 silly fetch manifest @img/sharp-libvips-linux-x64@1.2.4
1150 http fetch GET 200 https://registry.npmjs.org/@img%2fsharp-linux-riscv64 812ms (cache miss)
1151 silly fetch manifest @img/sharp-libvips-darwin-x64@1.2.4
1152 http fetch GET 200 https://registry.npmjs.org/@img%2fsharp-win32-arm64 822ms (cache miss)
1153 silly fetch manifest @img/sharp-libvips-linux-arm64@1.2.4
1154 http fetch GET 200 https://registry.npmjs.org/@img%2fsharp-darwin-arm64 905ms (cache miss)
1155 silly fetch manifest @img/sharp-libvips-linux-ppc64@1.2.4
1156 http fetch GET 200 https://registry.npmjs.org/@img%2fsharp-libvips-linux-arm 658ms (cache miss)
1157 silly fetch manifest @img/sharp-libvips-linux-s390x@1.2.4
1158 http fetch GET 200 https://registry.npmjs.org/@img%2fsharp-linux-ppc64 1187ms (cache miss)
1159 silly fetch manifest @img/sharp-libvips-darwin-arm64@1.2.4
1160 http fetch GET 200 https://registry.npmjs.org/tslib 1218ms (cache miss)
1161 silly fetch manifest @img/sharp-libvips-linux-riscv64@1.2.4
1162 http fetch GET 200 https://registry.npmjs.org/@img%2fsharp-win32-ia32 1244ms (cache miss)
1163 silly fetch manifest @img/sharp-libvips-linuxmusl-x64@1.2.4
1164 http fetch GET 200 https://registry.npmjs.org/@img%2fsharp-linux-x64 1256ms (cache miss)
1165 silly fetch manifest @img/sharp-libvips-linuxmusl-arm64@1.2.4
1166 http fetch GET 200 https://registry.npmjs.org/@img%2fsharp-libvips-darwin-x64 488ms (cache miss)
1167 silly fetch manifest client-only@0.0.1
1168 http fetch GET 200 https://registry.npmjs.org/@img%2fsharp-libvips-linux-x64 734ms (cache miss)
1169 http fetch GET 200 https://registry.npmjs.org/@img%2fsharp-libvips-linux-arm64 729ms (cache miss)
1170 http fetch GET 200 https://registry.npmjs.org/@img%2fsharp-linuxmusl-x64 1572ms (cache miss)
1171 http fetch GET 200 https://registry.npmjs.org/@img%2fsharp-wasm32 1594ms (cache miss)
1172 http fetch GET 200 https://registry.npmjs.org/client-only 349ms (cache miss)
1173 http fetch GET 200 https://registry.npmjs.org/@img%2fsharp-libvips-linux-ppc64 786ms (cache miss)
1174 http fetch GET 200 https://registry.npmjs.org/@img%2fsharp-libvips-linux-s390x 767ms (cache miss)
1175 http fetch GET 200 https://registry.npmjs.org/@img%2fsharp-linuxmusl-arm64 1661ms (cache miss)
1176 http fetch GET 200 https://registry.npmjs.org/@img%2fsharp-libvips-darwin-arm64 915ms (cache miss)
1177 http fetch GET 200 https://registry.npmjs.org/@img%2fsharp-libvips-linuxmusl-x64 897ms (cache miss)
1178 http fetch GET 200 https://registry.npmjs.org/@img%2fsharp-linux-arm 2205ms (cache miss)
1179 http fetch GET 200 https://registry.npmjs.org/@img%2fsharp-libvips-linuxmusl-arm64 1114ms (cache miss)
1180 http fetch GET 200 https://registry.npmjs.org/@img%2fsharp-libvips-linux-riscv64 1265ms (cache miss)
1181 http fetch GET 200 https://registry.npmjs.org/@img%2fsharp-win32-x64 2638ms (cache miss)
1182 http fetch GET 200 https://registry.npmjs.org/@img%2fsharp-darwin-x64 2851ms (cache miss)
1183 silly placeDep ROOT tslib@2.8.1 OK for: @swc/helpers@0.5.15 want: ^2.8.0
1184 silly placeDep ROOT deep-is@0.1.4 OK for: optionator@0.9.4 want: ^0.1.3
1185 silly placeDep ROOT fast-levenshtein@2.0.6 OK for: optionator@0.9.4 want: ^2.0.6
1186 silly placeDep ROOT word-wrap@1.2.5 OK for: optionator@0.9.4 want: ^1.2.5
1187 silly placeDep ROOT p-limit@3.1.0 OK for: p-locate@5.0.0 want: ^3.0.2
1188 silly fetch manifest yocto-queue@^0.1.0
1189 http fetch GET 200 https://registry.npmjs.org/yocto-queue 1157ms (cache miss)
1190 silly placeDep ROOT yocto-queue@0.1.0 OK for: p-limit@3.1.0 want: ^0.1.0
1191 silly placeDep ROOT callsites@3.1.0 OK for: parent-module@1.0.1 want: ^3.0.0
1192 silly placeDep ROOT nanoid@3.3.16 OK for: postcss@8.5.20 want: ^3.3.16
1193 silly placeDep ROOT loose-envify@1.4.0 OK for: prop-types@15.8.1 want: ^1.4.0
1194 silly placeDep ROOT object-assign@4.1.1 OK for: prop-types@15.8.1 want: ^4.1.1
1195 silly placeDep ROOT react-is@16.13.1 OK for: prop-types@15.8.1 want: ^16.13.1
1196 silly placeDep ROOT scheduler@0.27.0 OK for: react-dom@19.2.4 want: ^0.27.0
1197 silly placeDep ROOT node-exports-info@1.6.2 OK for: resolve@2.0.0-next.7 want: ^1.6.0
1198 silly placeDep ROOT path-parse@1.0.7 OK for: resolve@2.0.0-next.7 want: ^1.0.7
1199 silly placeDep ROOT supports-preserve-symlinks-flag@1.0.0 OK for: resolve@2.0.0-next.7 want: ^1.0.0
1200 silly placeDep ROOT queue-microtask@1.2.3 OK for: run-parallel@1.2.0 want: ^1.2.2
1201 silly placeDep ROOT isarray@2.0.5 OK for: safe-array-concat@1.1.4 want: ^2.0.5
1202 silly placeDep ROOT @img/colour@1.1.0 OK for: sharp@0.34.5 want: ^1.0.0
1203 silly placeDep ROOT @img/sharp-darwin-arm64@0.34.5 OK for: sharp@0.34.5 want: 0.34.5
1204 silly placeDep ROOT @img/sharp-darwin-x64@0.34.5 OK for: sharp@0.34.5 want: 0.34.5
1205 silly placeDep ROOT @img/sharp-libvips-darwin-arm64@1.2.4 OK for: sharp@0.34.5 want: 1.2.4
1206 silly placeDep ROOT @img/sharp-libvips-darwin-x64@1.2.4 OK for: sharp@0.34.5 want: 1.2.4
1207 silly placeDep ROOT @img/sharp-libvips-linux-arm@1.2.4 OK for: sharp@0.34.5 want: 1.2.4
1208 silly placeDep ROOT @img/sharp-libvips-linux-arm64@1.2.4 OK for: sharp@0.34.5 want: 1.2.4
1209 silly placeDep ROOT @img/sharp-libvips-linux-ppc64@1.2.4 OK for: sharp@0.34.5 want: 1.2.4
1210 silly placeDep ROOT @img/sharp-libvips-linux-riscv64@1.2.4 OK for: sharp@0.34.5 want: 1.2.4
1211 silly placeDep ROOT @img/sharp-libvips-linux-s390x@1.2.4 OK for: sharp@0.34.5 want: 1.2.4
1212 silly placeDep ROOT @img/sharp-libvips-linux-x64@1.2.4 OK for: sharp@0.34.5 want: 1.2.4
1213 silly placeDep ROOT @img/sharp-libvips-linuxmusl-arm64@1.2.4 OK for: sharp@0.34.5 want: 1.2.4
1214 silly placeDep ROOT @img/sharp-libvips-linuxmusl-x64@1.2.4 OK for: sharp@0.34.5 want: 1.2.4
1215 silly placeDep ROOT @img/sharp-linux-arm@0.34.5 OK for: sharp@0.34.5 want: 0.34.5
1216 silly placeDep ROOT @img/sharp-linux-arm64@0.34.5 OK for: sharp@0.34.5 want: 0.34.5
1217 silly placeDep ROOT @img/sharp-linux-ppc64@0.34.5 OK for: sharp@0.34.5 want: 0.34.5
1218 silly placeDep ROOT @img/sharp-linux-riscv64@0.34.5 OK for: sharp@0.34.5 want: 0.34.5
1219 silly placeDep ROOT @img/sharp-linux-s390x@0.34.5 OK for: sharp@0.34.5 want: 0.34.5
1220 silly placeDep ROOT @img/sharp-linux-x64@0.34.5 OK for: sharp@0.34.5 want: 0.34.5
1221 silly placeDep ROOT @img/sharp-linuxmusl-arm64@0.34.5 OK for: sharp@0.34.5 want: 0.34.5
1222 silly placeDep ROOT @img/sharp-linuxmusl-x64@0.34.5 OK for: sharp@0.34.5 want: 0.34.5
1223 silly placeDep ROOT @img/sharp-wasm32@0.34.5 OK for: sharp@0.34.5 want: 0.34.5
1224 silly placeDep ROOT @img/sharp-win32-arm64@0.34.5 OK for: sharp@0.34.5 want: 0.34.5
1225 silly placeDep ROOT @img/sharp-win32-ia32@0.34.5 OK for: sharp@0.34.5 want: 0.34.5
1226 silly placeDep ROOT @img/sharp-win32-x64@0.34.5 OK for: sharp@0.34.5 want: 0.34.5
1227 silly placeDep node_modules/sharp semver@7.8.5 OK for: sharp@0.34.5 want: ^7.7.3
1228 silly fetch manifest @emnapi/runtime@^1.7.0
1229 http fetch GET 200 https://registry.npmjs.org/@emnapi%2fruntime 897ms (cache miss)
1230 silly placeDep ROOT @emnapi/runtime@1.11.2 OK for: @img/sharp-wasm32@0.34.5 want: ^1.7.0
1231 silly placeDep ROOT shebang-regex@3.0.0 OK for: shebang-command@2.0.0 want: ^3.0.0
1232 silly placeDep ROOT side-channel-list@1.0.1 OK for: side-channel@1.1.1 want: ^1.0.1
1233 silly placeDep ROOT side-channel-map@1.0.1 OK for: side-channel@1.1.1 want: ^1.0.1
1234 silly placeDep ROOT side-channel-weakmap@1.0.2 OK for: side-channel@1.1.1 want: ^1.0.2
1235 silly placeDep ROOT client-only@0.0.1 OK for: styled-jsx@5.1.6 want: 0.0.1
1236 silly placeDep ROOT has-flag@4.0.0 OK for: supports-color@7.2.0 want: ^4.0.0
1237 silly placeDep node_modules/tinyglobby fdir@6.5.0 OK for: tinyglobby@0.2.17 want: ^6.5.0
1238 silly placeDep node_modules/tinyglobby picomatch@4.0.5 OK for: fdir@6.5.0 want: ^3 || ^4
1239 silly placeDep ROOT is-number@7.0.0 OK for: to-regex-range@5.0.1 want: ^7.0.0
1240 silly placeDep ROOT @types/json5@0.0.29 OK for: tsconfig-paths@3.15.0 want: ^0.0.29
1241 silly placeDep node_modules/tsconfig-paths json5@1.0.2 OK for: tsconfig-paths@3.15.0 want: ^1.0.2
1242 silly placeDep ROOT minimist@1.2.8 OK for: tsconfig-paths@3.15.0 want: ^1.2.6
1243 silly placeDep ROOT strip-bom@3.0.0 OK for: tsconfig-paths@3.15.0 want: ^3.0.0
1244 silly fetch manifest minimist@^1.2.0
1245 silly placeDep ROOT for-each@0.3.5 OK for: typed-array-byte-length@1.0.3 want: ^0.3.3
1246 silly placeDep ROOT reflect.getprototypeof@1.0.10 OK for: typed-array-byte-offset@1.0.4 want: ^1.0.9
1247 silly fetch manifest which-builtin-type@^1.2.1
1248 http fetch GET 200 https://registry.npmjs.org/which-builtin-type 9350ms (cache miss)
1249 silly placeDep ROOT which-builtin-type@1.2.1 OK for: reflect.getprototypeof@1.0.10 want: ^1.2.1
1250 silly fetch manifest is-async-function@^2.0.0
1251 silly fetch manifest is-finalizationregistry@^1.1.0
1252 silly fetch manifest is-generator-function@^1.0.10
1253 silly fetch manifest which-boxed-primitive@^1.1.0
1254 silly fetch manifest which-collection@^1.0.2
1255 http fetch GET 200 https://registry.npmjs.org/is-finalizationregistry 397ms (cache miss)
1256 http fetch GET 200 https://registry.npmjs.org/is-generator-function 578ms (cache miss)
1257 http fetch GET 200 https://registry.npmjs.org/which-collection 1463ms (cache miss)
1258 http fetch GET 200 https://registry.npmjs.org/is-async-function 10397ms (cache miss)
1259 silly fetch manifest eslint@^8.57.0 || ^9.0.0 || ^10.0.0
1260 silly placeDep ROOT @typescript-eslint/eslint-plugin@8.64.0 OK for: typescript-eslint@8.64.0 want: 8.64.0
1261 silly placeDep ROOT @typescript-eslint/parser@8.64.0 OK for: @typescript-eslint/eslint-plugin@8.64.0 want: ^8.64.0
1262 silly placeDep ROOT @typescript-eslint/typescript-estree@8.64.0 OK for: typescript-eslint@8.64.0 want: 8.64.0
1263 silly placeDep ROOT @typescript-eslint/utils@8.64.0 OK for: typescript-eslint@8.64.0 want: 8.64.0
1264 silly fetch manifest ignore@^7.0.5
1265 silly fetch manifest ts-api-utils@^2.5.0
1266 silly fetch manifest @typescript-eslint/type-utils@8.64.0
1267 silly fetch manifest @typescript-eslint/visitor-keys@8.64.0
1268 silly fetch manifest @typescript-eslint/scope-manager@8.64.0
1269 silly fetch manifest @typescript-eslint/types@8.64.0
1270 silly fetch manifest minimatch@^10.2.2
1271 silly fetch manifest @typescript-eslint/tsconfig-utils@8.64.0
1272 silly fetch manifest @typescript-eslint/project-service@8.64.0
1273 http fetch GET 200 https://registry.npmjs.org/ts-api-utils 1351ms (cache miss)
1274 http fetch GET 200 https://registry.npmjs.org/@typescript-eslint%2ftsconfig-utils 3669ms (cache miss)
1275 http fetch GET 200 https://registry.npmjs.org/@typescript-eslint%2fproject-service 7072ms (cache miss)
1276 http fetch GET 200 https://registry.npmjs.org/@typescript-eslint%2ftypes 31826ms (cache miss)
1277 http fetch GET 200 https://registry.npmjs.org/@typescript-eslint%2ftype-utils 32936ms (cache miss)
1278 http fetch GET 200 https://registry.npmjs.org/@typescript-eslint%2fscope-manager 34730ms (cache miss)
1279 http fetch GET 200 https://registry.npmjs.org/@typescript-eslint%2fvisitor-keys 44936ms (cache miss)
1280 silly placeDep ROOT @typescript-eslint/scope-manager@8.64.0 OK for: @typescript-eslint/eslint-plugin@8.64.0 want: 8.64.0
1281 silly placeDep ROOT @typescript-eslint/type-utils@8.64.0 OK for: @typescript-eslint/eslint-plugin@8.64.0 want: 8.64.0
1282 silly placeDep ROOT @typescript-eslint/visitor-keys@8.64.0 OK for: @typescript-eslint/eslint-plugin@8.64.0 want: 8.64.0
1283 silly placeDep node_modules/@typescript-eslint/eslint-plugin ignore@7.0.6 OK for: @typescript-eslint/eslint-plugin@8.64.0 want: ^7.0.5
1284 silly placeDep ROOT ts-api-utils@2.5.0 OK for: @typescript-eslint/eslint-plugin@8.64.0 want: ^2.5.0
1285 silly fetch manifest eslint-visitor-keys@^5.0.0
1286 silly placeDep ROOT @typescript-eslint/types@8.64.0 OK for: @typescript-eslint/parser@8.64.0 want: 8.64.0
1287 silly placeDep ROOT @typescript-eslint/project-service@8.64.0 OK for: @typescript-eslint/typescript-estree@8.64.0 want: 8.64.0
1288 silly placeDep ROOT @typescript-eslint/tsconfig-utils@8.64.0 OK for: @typescript-eslint/typescript-estree@8.64.0 want: 8.64.0
1289 silly placeDep node_modules/@typescript-eslint/typescript-estree minimatch@10.2.5 OK for: @typescript-eslint/typescript-estree@8.64.0 want: ^10.2.2
1290 silly placeDep node_modules/@typescript-eslint/typescript-estree semver@7.8.5 OK for: @typescript-eslint/typescript-estree@8.64.0 want: ^7.7.3
1291 silly fetch manifest @typescript-eslint/tsconfig-utils@^8.64.0
1292 silly fetch manifest brace-expansion@^5.0.5
1293 silly placeDep node_modules/@typescript-eslint/visitor-keys eslint-visitor-keys@5.0.1 OK for: @typescript-eslint/visitor-keys@8.64.0 want: ^5.0.0
1294 silly placeDep ROOT has-bigints@1.1.0 OK for: unbox-primitive@1.1.0 want: ^1.0.2
1295 silly placeDep ROOT which-boxed-primitive@1.1.1 OK for: unbox-primitive@1.1.0 want: ^1.1.1
1296 silly fetch manifest is-bigint@^1.1.0
1297 silly fetch manifest is-boolean-object@^1.2.1
1298 silly fetch manifest is-number-object@^1.1.1
1299 http fetch GET 200 https://registry.npmjs.org/is-number-object 390ms (cache miss)
1300 http fetch GET 200 https://registry.npmjs.org/is-boolean-object 629ms (cache miss)
1301 http fetch GET 200 https://registry.npmjs.org/is-bigint 977ms (cache miss)
1302 silly placeDep ROOT @unrs/resolver-binding-android-arm-eabi@1.12.2 OK for: unrs-resolver@1.12.2 want: 1.12.2
1303 silly placeDep ROOT @unrs/resolver-binding-android-arm64@1.12.2 OK for: unrs-resolver@1.12.2 want: 1.12.2
1304 silly placeDep ROOT @unrs/resolver-binding-darwin-arm64@1.12.2 OK for: unrs-resolver@1.12.2 want: 1.12.2
1305 silly placeDep ROOT @unrs/resolver-binding-darwin-x64@1.12.2 OK for: unrs-resolver@1.12.2 want: 1.12.2
1306 silly placeDep ROOT @unrs/resolver-binding-freebsd-x64@1.12.2 OK for: unrs-resolver@1.12.2 want: 1.12.2
1307 silly placeDep ROOT @unrs/resolver-binding-linux-arm-gnueabihf@1.12.2 OK for: unrs-resolver@1.12.2 want: 1.12.2
1308 silly placeDep ROOT @unrs/resolver-binding-linux-arm-musleabihf@1.12.2 OK for: unrs-resolver@1.12.2 want: 1.12.2
1309 silly placeDep ROOT @unrs/resolver-binding-linux-arm64-gnu@1.12.2 OK for: unrs-resolver@1.12.2 want: 1.12.2
1310 silly placeDep ROOT @unrs/resolver-binding-linux-arm64-musl@1.12.2 OK for: unrs-resolver@1.12.2 want: 1.12.2
1311 silly placeDep ROOT @unrs/resolver-binding-linux-loong64-gnu@1.12.2 OK for: unrs-resolver@1.12.2 want: 1.12.2
1312 silly placeDep ROOT @unrs/resolver-binding-linux-loong64-musl@1.12.2 OK for: unrs-resolver@1.12.2 want: 1.12.2
1313 silly placeDep ROOT @unrs/resolver-binding-linux-ppc64-gnu@1.12.2 OK for: unrs-resolver@1.12.2 want: 1.12.2
1314 silly placeDep ROOT @unrs/resolver-binding-linux-riscv64-gnu@1.12.2 OK for: unrs-resolver@1.12.2 want: 1.12.2
1315 silly placeDep ROOT @unrs/resolver-binding-linux-riscv64-musl@1.12.2 OK for: unrs-resolver@1.12.2 want: 1.12.2
1316 silly placeDep ROOT @unrs/resolver-binding-linux-s390x-gnu@1.12.2 OK for: unrs-resolver@1.12.2 want: 1.12.2
1317 silly placeDep ROOT @unrs/resolver-binding-linux-x64-gnu@1.12.2 OK for: unrs-resolver@1.12.2 want: 1.12.2
1318 silly placeDep ROOT @unrs/resolver-binding-linux-x64-musl@1.12.2 OK for: unrs-resolver@1.12.2 want: 1.12.2
1319 silly placeDep ROOT @unrs/resolver-binding-openharmony-arm64@1.12.2 OK for: unrs-resolver@1.12.2 want: 1.12.2
1320 silly placeDep ROOT @unrs/resolver-binding-wasm32-wasi@1.12.2 OK for: unrs-resolver@1.12.2 want: 1.12.2
1321 silly placeDep ROOT @unrs/resolver-binding-win32-arm64-msvc@1.12.2 OK for: unrs-resolver@1.12.2 want: 1.12.2
1322 silly placeDep ROOT @unrs/resolver-binding-win32-ia32-msvc@1.12.2 OK for: unrs-resolver@1.12.2 want: 1.12.2
1323 silly placeDep ROOT @unrs/resolver-binding-win32-x64-msvc@1.12.2 OK for: unrs-resolver@1.12.2 want: 1.12.2
1324 silly placeDep ROOT napi-postinstall@0.3.4 OK for: unrs-resolver@1.12.2 want: ^0.3.4
1325 silly fetch manifest @napi-rs/wasm-runtime@^1.1.4
1326 silly fetch manifest @emnapi/core@1.10.0
1327 silly fetch manifest @emnapi/runtime@1.10.0
1328 http fetch GET 200 https://registry.npmjs.org/@napi-rs%2fwasm-runtime 446ms (cache miss)
1329 http fetch GET 200 https://registry.npmjs.org/@emnapi%2fcore 2484ms (cache miss)
1330 silly placeDep ROOT @emnapi/core@1.10.0 OK for: @unrs/resolver-binding-wasm32-wasi@1.12.2 want: 1.10.0
1331 silly placeDep node_modules/@unrs/resolver-binding-wasm32-wasi @emnapi/runtime@1.10.0 OK for: @unrs/resolver-binding-wasm32-wasi@1.12.2 want: 1.10.0
1332 silly placeDep ROOT @napi-rs/wasm-runtime@1.1.6 OK for: @unrs/resolver-binding-wasm32-wasi@1.12.2 want: ^1.1.4
1333 silly fetch manifest @emnapi/wasi-threads@1.2.1
1334 silly fetch manifest @tybys/wasm-util@^0.10.3
1335 http fetch GET 200 https://registry.npmjs.org/@emnapi%2fwasi-threads 494ms (cache miss)
1336 http fetch GET 200 https://registry.npmjs.org/@tybys%2fwasm-util 965ms (cache miss)
1337 silly placeDep ROOT @emnapi/wasi-threads@1.2.1 OK for: @emnapi/core@1.10.0 want: 1.2.1
1338 silly placeDep ROOT @tybys/wasm-util@0.10.3 OK for: @napi-rs/wasm-runtime@1.1.6 want: ^0.10.3
1339 silly placeDep ROOT escalade@3.2.0 OK for: update-browserslist-db@1.2.3 want: ^3.2.0
1340 silly placeDep ROOT punycode@2.3.1 OK for: uri-js@4.4.1 want: ^2.1.0
1341 silly placeDep ROOT isexe@2.0.0 OK for: which@2.0.2 want: ^2.0.0
1342 silly placeDep ROOT is-bigint@1.1.0 OK for: which-boxed-primitive@1.1.1 want: ^1.1.0
1343 silly placeDep ROOT is-boolean-object@1.2.2 OK for: which-boxed-primitive@1.1.1 want: ^1.2.1
1344 silly placeDep ROOT is-number-object@1.1.1 OK for: which-boxed-primitive@1.1.1 want: ^1.1.1
1345 silly placeDep ROOT is-async-function@2.1.1 OK for: which-builtin-type@1.2.1 want: ^2.0.0
1346 silly placeDep ROOT is-finalizationregistry@1.1.1 OK for: which-builtin-type@1.2.1 want: ^1.1.0
1347 silly placeDep ROOT is-generator-function@1.1.2 OK for: which-builtin-type@1.2.1 want: ^1.0.10
1348 silly placeDep ROOT which-collection@1.0.2 OK for: which-builtin-type@1.2.1 want: ^1.0.2
1349 silly fetch manifest async-function@^1.0.0
1350 silly fetch manifest generator-function@^2.0.0
1351 silly fetch manifest is-map@^2.0.3
1352 silly fetch manifest is-weakmap@^2.0.2
1353 silly fetch manifest is-weakset@^2.0.3
1354 http fetch GET 200 https://registry.npmjs.org/generator-function 377ms (cache miss)
1355 http fetch GET 200 https://registry.npmjs.org/async-function 488ms (cache miss)
1356 http fetch GET 200 https://registry.npmjs.org/is-weakmap 510ms (cache miss)
1357 http fetch GET 200 https://registry.npmjs.org/is-weakset 667ms (cache miss)
1358 http fetch GET 200 https://registry.npmjs.org/is-map 747ms (cache miss)
1359 silly placeDep ROOT async-function@1.0.0 OK for: is-async-function@2.1.1 want: ^1.0.0
1360 silly placeDep ROOT generator-function@2.0.1 OK for: is-generator-function@1.1.2 want: ^2.0.0
1361 silly placeDep ROOT is-map@2.0.3 OK for: which-collection@1.0.2 want: ^2.0.3
1362 silly placeDep ROOT is-weakmap@2.0.2 OK for: which-collection@1.0.2 want: ^2.0.2
1363 silly placeDep ROOT is-weakset@2.0.4 OK for: which-collection@1.0.2 want: ^2.0.3
1364 silly placeDep node_modules/@typescript-eslint/typescript-estree brace-expansion@5.0.7 OK for: minimatch@10.2.5 want: ^5.0.5
1365 silly fetch manifest balanced-match@^4.0.2
1366 silly placeDep node_modules/@typescript-eslint/typescript-estree balanced-match@4.0.4 OK for: brace-expansion@5.0.7 want: ^4.0.2
1367 verbose type system
1368 verbose stack FetchError: Invalid response body while trying to fetch https://registry.npmjs.org/@types%2fnode: read ETIMEDOUT
1368 verbose stack     at /usr/local/lib/node_modules/npm/node_modules/minipass-fetch/lib/body.js:170:15
1368 verbose stack     at process.processTicksAndRejections (node:internal/process/task_queues:95:5)
1368 verbose stack     at async Response.json (/usr/local/lib/node_modules/npm/node_modules/minipass-fetch/lib/body.js:75:17)
1368 verbose stack     at async RegistryFetcher.packument (/usr/local/lib/node_modules/npm/node_modules/pacote/lib/registry.js:98:25)
1368 verbose stack     at async RegistryFetcher.manifest (/usr/local/lib/node_modules/npm/node_modules/pacote/lib/registry.js:129:23)
1368 verbose stack     at async #nodeFromEdge (/usr/local/lib/node_modules/npm/node_modules/@npmcli/arborist/lib/arborist/build-ideal-tree.js:1055:19)
1368 verbose stack     at async #buildDepStep (/usr/local/lib/node_modules/npm/node_modules/@npmcli/arborist/lib/arborist/build-ideal-tree.js:923:11)
1368 verbose stack     at async Arborist.buildIdealTree (/usr/local/lib/node_modules/npm/node_modules/@npmcli/arborist/lib/arborist/build-ideal-tree.js:203:7)
1368 verbose stack     at async Promise.all (index 1)
1368 verbose stack     at async Arborist.reify (/usr/local/lib/node_modules/npm/node_modules/@npmcli/arborist/lib/arborist/reify.js:131:5)
1369 verbose cwd /Users/nelsonoluwole/Documents/Frontend/portfolio-app
1370 verbose Darwin 25.5.0
1371 verbose node v22.1.0
1372 verbose npm  v10.7.0
1373 error code ETIMEDOUT
1374 error syscall read
1375 error errno ETIMEDOUT
1376 error network Invalid response body while trying to fetch https://registry.npmjs.org/@types%2fnode: read ETIMEDOUT
1377 error network This is a problem related to network connectivity.
1377 error network In most cases you are behind a proxy or have bad network settings.
1377 error network
1377 error network If you are behind a proxy, please make sure that the
1377 error network 'proxy' config is set properly.  See: 'npm help config'
1378 verbose exit 1
1379 verbose code 1
1380 silly unfinished npm timer reify 1784474411408
1381 silly unfinished npm timer reify:loadTrees 1784474411411
1382 error A complete log of this run can be found in: /Users/nelsonoluwole/Documents/Frontend/.npm-cache/_logs/2026-07-19T15_20_11_049Z-debug-0.log
