0 verbose cli /usr/local/bin/node /usr/local/bin/npm
1 info using npm@10.7.0
2 info using node@v22.1.0
3 silly config:load:file:/usr/local/lib/node_modules/npm/npmrc
4 silly config:load:file:/Users/nelsonoluwole/Documents/Frontend/.npmrc
5 silly config:load:file:/Users/nelsonoluwole/.npmrc
6 silly config:load:file:/usr/local/etc/npmrc
7 verbose title npm install
8 verbose argv "install"
9 verbose logfile logs-max:10 dir:/Users/nelsonoluwole/Documents/Frontend/.npm-cache/_logs/2026-07-19T23_54_17_485Z-
10 verbose logfile /Users/nelsonoluwole/Documents/Frontend/.npm-cache/_logs/2026-07-19T23_54_17_485Z-debug-0.log
11 silly logfile done cleaning log files
12 silly idealTree buildDeps
13 silly fetch manifest next@16.2.10
14 http fetch GET 200 https://registry.npmjs.org/next 915ms (cache revalidated)
15 silly fetch manifest @opentelemetry/api@^1.1.0
16 http fetch GET 200 https://registry.npmjs.org/@opentelemetry%2fapi 202ms (cache revalidated)
17 silly fetch manifest @playwright/test@^1.51.1
18 http fetch GET 200 https://registry.npmjs.org/@playwright%2ftest 199ms (cache revalidated)
19 silly fetch manifest babel-plugin-react-compiler@*
20 http fetch GET 200 https://registry.npmjs.org/babel-plugin-react-compiler 203ms (cache revalidated)
21 silly fetch manifest react@19.2.4
22 http fetch GET 200 https://registry.npmjs.org/react 178ms (cache revalidated)
23 silly fetch manifest react-dom@19.2.4
24 http fetch GET 200 https://registry.npmjs.org/react-dom 193ms (cache revalidated)
25 silly fetch manifest sass@^1.3.0
26 http fetch GET 200 https://registry.npmjs.org/sass 176ms (cache revalidated)
27 silly fetch manifest @tailwindcss/postcss@^4
28 http fetch GET 200 https://registry.npmjs.org/@tailwindcss%2fpostcss 177ms (cache revalidated)
29 silly fetch manifest @types/node@^20
30 http fetch GET 200 https://registry.npmjs.org/@types%2fnode 974ms (cache miss)
31 silly fetch manifest @types/react@^19
32 http fetch GET 200 https://registry.npmjs.org/@types%2freact 171ms (cache revalidated)
33 silly fetch manifest @types/react-dom@^19
34 http fetch GET 200 https://registry.npmjs.org/@types%2freact-dom 184ms (cache revalidated)
35 silly fetch manifest eslint@^9
36 http fetch GET 200 https://registry.npmjs.org/eslint 158ms (cache revalidated)
37 silly fetch manifest jiti@*
38 http fetch GET 200 https://registry.npmjs.org/jiti 177ms (cache revalidated)
39 silly fetch manifest eslint-config-next@16.2.10
40 http fetch GET 200 https://registry.npmjs.org/eslint-config-next 214ms (cache revalidated)
41 silly fetch manifest typescript@^5
42 http fetch GET 200 https://registry.npmjs.org/typescript 218ms (cache revalidated)
43 silly fetch manifest tailwindcss@^4
44 http fetch GET 200 https://registry.npmjs.org/tailwindcss 184ms (cache revalidated)
45 silly placeDep ROOT @tailwindcss/postcss@4.3.3 OK for: portfolio-app@0.1.0 want: ^4
46 silly placeDep ROOT @types/node@20.19.43 OK for: portfolio-app@0.1.0 want: ^20
47 silly placeDep ROOT @types/react@19.2.17 OK for: portfolio-app@0.1.0 want: ^19
48 silly placeDep ROOT @types/react-dom@19.2.3 OK for: portfolio-app@0.1.0 want: ^19
49 silly placeDep ROOT eslint@9.39.5 OK for: portfolio-app@0.1.0 want: ^9
50 silly placeDep ROOT eslint-config-next@16.2.10 OK for: portfolio-app@0.1.0 want: 16.2.10
51 silly placeDep ROOT next@16.2.10 OK for: portfolio-app@0.1.0 want: 16.2.10
52 silly placeDep ROOT react@19.2.4 OK for: next@16.2.10 want: ^18.2.0 || 19.0.0-rc-de68d2f4-20241204 || ^19.0.0
53 silly placeDep ROOT react-dom@19.2.4 OK for: next@16.2.10 want: ^18.2.0 || 19.0.0-rc-de68d2f4-20241204 || ^19.0.0
54 silly placeDep ROOT tailwindcss@4.3.3 OK for: portfolio-app@0.1.0 want: ^4
55 silly placeDep ROOT typescript@5.9.3 OK for: portfolio-app@0.1.0 want: ^5
56 silly fetch manifest postcss@^8.5.16
57 silly fetch manifest tailwindcss@4.3.3
58 silly fetch manifest @alloc/quick-lru@^5.2.0
59 silly fetch manifest @tailwindcss/node@4.3.3
60 silly fetch manifest @tailwindcss/oxide@4.3.3
61 silly fetch manifest undici-types@~6.21.0
62 silly fetch manifest csstype@^3.2.2
63 silly fetch manifest ajv@^6.14.0
64 silly fetch manifest chalk@^4.0.0
65 silly fetch manifest debug@^4.3.2
66 silly fetch manifest espree@^10.4.0
67 silly fetch manifest ignore@^5.2.0
68 silly fetch manifest esquery@^1.5.0
69 silly fetch manifest esutils@^2.0.2
70 silly fetch manifest find-up@^5.0.0
71 silly fetch manifest is-glob@^4.0.0
72 http fetch GET 200 https://registry.npmjs.org/undici-types 203ms (cache miss)
73 silly fetch manifest minimatch@^3.1.5
74 http fetch GET 200 https://registry.npmjs.org/minimatch 176ms (cache revalidated)
75 silly fetch manifest @eslint/js@9.39.5
76 http fetch GET 200 https://registry.npmjs.org/@eslint%2fjs 179ms (cache revalidated)
77 silly fetch manifest optionator@^0.9.3
78 http fetch GET 200 https://registry.npmjs.org/csstype 631ms (cache revalidated)
79 silly fetch manifest cross-spawn@^7.0.6
80 http fetch GET 200 https://registry.npmjs.org/find-up 642ms (cache revalidated)
81 silly fetch manifest glob-parent@^6.0.2
82 http fetch GET 200 https://registry.npmjs.org/chalk 646ms (cache revalidated)
83 silly fetch manifest imurmurhash@^0.1.4
84 http fetch GET 200 https://registry.npmjs.org/espree 649ms (cache revalidated)
85 silly fetch manifest @eslint/core@^0.17.0
86 http fetch GET 200 https://registry.npmjs.org/ajv 661ms (cache revalidated)
87 silly fetch manifest eslint-scope@^8.4.0
88 http fetch GET 200 https://registry.npmjs.org/esutils 673ms (cache revalidated)
89 silly fetch manifest lodash.merge@^4.6.2
90 http fetch GET 200 https://registry.npmjs.org/ignore 675ms (cache revalidated)
91 silly fetch manifest @humanfs/node@^0.16.6
92 http fetch GET 200 https://registry.npmjs.org/postcss 684ms (cache revalidated)
93 silly fetch manifest @types/estree@^1.0.6
94 http fetch GET 200 https://registry.npmjs.org/@alloc%2fquick-lru 700ms (cache revalidated)
95 silly fetch manifest fast-deep-equal@^3.1.3
96 http fetch GET 200 https://registry.npmjs.org/esquery 701ms (cache revalidated)
97 silly fetch manifest natural-compare@^1.4.0
98 http fetch GET 200 https://registry.npmjs.org/@tailwindcss%2fnode 711ms (cache revalidated)
99 silly fetch manifest @eslint/eslintrc@^3.3.6
100 http fetch GET 200 https://registry.npmjs.org/@tailwindcss%2foxide 742ms (cache revalidated)
101 silly fetch manifest file-entry-cache@^8.0.0
102 http fetch GET 200 https://registry.npmjs.org/is-glob 762ms (cache revalidated)
103 silly fetch manifest @eslint/plugin-kit@^0.4.1
104 http fetch GET 200 https://registry.npmjs.org/optionator 210ms (cache revalidated)
105 silly fetch manifest eslint-visitor-keys@^4.2.1
106 http fetch GET 200 https://registry.npmjs.org/cross-spawn 152ms (cache revalidated)
107 silly fetch manifest @eslint/config-array@^0.21.2
108 http fetch GET 200 https://registry.npmjs.org/imurmurhash 215ms (cache revalidated)
109 silly fetch manifest @humanwhocodes/retry@^0.4.2
110 http fetch GET 200 https://registry.npmjs.org/glob-parent 227ms (cache revalidated)
111 silly fetch manifest escape-string-regexp@^4.0.0
112 http fetch GET 200 https://registry.npmjs.org/@eslint%2fcore 223ms (cache revalidated)
113 silly fetch manifest @eslint/config-helpers@^0.4.2
114 http fetch GET 200 https://registry.npmjs.org/eslint-scope 214ms (cache revalidated)
115 silly fetch manifest @eslint-community/regexpp@^4.12.1
116 http fetch GET 200 https://registry.npmjs.org/lodash.merge 213ms (cache revalidated)
117 silly fetch manifest @eslint-community/eslint-utils@^4.8.0
118 http fetch GET 200 https://registry.npmjs.org/@types%2festree 204ms (cache revalidated)
119 silly fetch manifest @humanwhocodes/module-importer@^1.0.1
120 http fetch GET 200 https://registry.npmjs.org/@humanfs%2fnode 229ms (cache revalidated)
121 silly fetch manifest json-stable-stringify-without-jsonify@^1.0.1
122 http fetch GET 200 https://registry.npmjs.org/fast-deep-equal 241ms (cache revalidated)
123 silly fetch manifest globals@16.4.0
124 http fetch GET 200 https://registry.npmjs.org/natural-compare 244ms (cache revalidated)
125 silly fetch manifest typescript-eslint@^8.46.0
126 http fetch GET 200 https://registry.npmjs.org/eslint-visitor-keys 184ms (cache revalidated)
127 silly fetch manifest eslint-plugin-react@^7.37.0
128 http fetch GET 200 https://registry.npmjs.org/@eslint%2fconfig-array 179ms (cache revalidated)
129 silly fetch manifest eslint-plugin-import@^2.32.0
130 http fetch GET 200 https://registry.npmjs.org/file-entry-cache 195ms (cache revalidated)
131 silly fetch manifest eslint-plugin-jsx-a11y@^6.10.0
132 http fetch GET 200 https://registry.npmjs.org/@eslint%2fplugin-kit 198ms (cache revalidated)
133 silly fetch manifest @next/eslint-plugin-next@16.2.10
134 http fetch GET 200 https://registry.npmjs.org/@eslint%2feslintrc 264ms (cache revalidated)
135 silly fetch manifest eslint-plugin-react-hooks@^7.0.0
136 http fetch GET 200 https://registry.npmjs.org/escape-string-regexp 179ms (cache revalidated)
137 silly fetch manifest eslint-import-resolver-node@^0.3.6
138 http fetch GET 200 https://registry.npmjs.org/@eslint%2fconfig-helpers 175ms (cache revalidated)
139 silly fetch manifest eslint-import-resolver-typescript@^3.5.2
140 http fetch GET 200 https://registry.npmjs.org/@eslint-community%2fregexpp 170ms (cache revalidated)
141 silly fetch manifest postcss@8.4.31
142 silly fetch manifest @next/env@16.2.10
143 http fetch GET 200 https://registry.npmjs.org/@humanwhocodes%2fretry 197ms (cache revalidated)
144 silly fetch manifest styled-jsx@5.1.6
145 http fetch GET 200 https://registry.npmjs.org/@eslint-community%2feslint-utils 174ms (cache revalidated)
146 silly fetch manifest @swc/helpers@0.5.15
147 http fetch GET 200 https://registry.npmjs.org/json-stable-stringify-without-jsonify 164ms (cache revalidated)
148 silly fetch manifest caniuse-lite@^1.0.30001579
149 http fetch GET 200 https://registry.npmjs.org/@humanwhocodes%2fmodule-importer 179ms (cache revalidated)
150 silly fetch manifest baseline-browser-mapping@^2.9.19
151 http fetch GET 200 https://registry.npmjs.org/globals 169ms (cache revalidated)
152 silly fetch manifest sharp@^0.34.5
153 http fetch GET 200 https://registry.npmjs.org/typescript-eslint 179ms (cache revalidated)
154 silly fetch manifest @next/swc-darwin-x64@16.2.10
155 http fetch GET 200 https://registry.npmjs.org/eslint-plugin-import 206ms (cache revalidated)
156 silly fetch manifest @next/swc-darwin-arm64@16.2.10
157 http fetch GET 200 https://registry.npmjs.org/eslint-plugin-react 216ms (cache revalidated)
158 silly fetch manifest @next/swc-linux-x64-gnu@16.2.10
159 http fetch GET 200 https://registry.npmjs.org/eslint-plugin-jsx-a11y 217ms (cache revalidated)
160 silly fetch manifest @next/swc-linux-x64-musl@16.2.10
161 http fetch GET 200 https://registry.npmjs.org/debug 1192ms (cache revalidated)
162 silly fetch manifest @next/swc-win32-x64-msvc@16.2.10
163 http fetch GET 200 https://registry.npmjs.org/@next%2feslint-plugin-next 233ms (cache revalidated)
164 silly fetch manifest @next/swc-linux-arm64-gnu@16.2.10
165 http fetch GET 200 https://registry.npmjs.org/eslint-plugin-react-hooks 290ms (cache revalidated)
166 silly fetch manifest @next/swc-linux-arm64-musl@16.2.10
167 http fetch GET 200 https://registry.npmjs.org/eslint-import-resolver-node 297ms (cache revalidated)
168 silly fetch manifest @next/swc-win32-arm64-msvc@16.2.10
169 http fetch GET 200 https://registry.npmjs.org/eslint-import-resolver-typescript 297ms (cache revalidated)
170 silly fetch manifest scheduler@^0.27.0
171 http fetch GET 200 https://registry.npmjs.org/styled-jsx 297ms (cache revalidated)
172 http fetch GET 200 https://registry.npmjs.org/caniuse-lite 296ms (cache revalidated)
173 http fetch GET 200 https://registry.npmjs.org/baseline-browser-mapping 316ms (cache revalidated)
174 http fetch GET 200 https://registry.npmjs.org/@swc%2fhelpers 340ms (cache revalidated)
175 http fetch GET 200 https://registry.npmjs.org/@next%2fenv 374ms (cache revalidated)
176 http fetch GET 200 https://registry.npmjs.org/sharp 415ms (cache revalidated)
177 http fetch GET 200 https://registry.npmjs.org/@next%2fswc-darwin-x64 405ms (cache revalidated)
178 http fetch GET 200 https://registry.npmjs.org/@next%2fswc-win32-x64-msvc 523ms (cache revalidated)
179 http fetch GET 200 https://registry.npmjs.org/scheduler 424ms (cache revalidated)
180 http fetch GET 200 https://registry.npmjs.org/@next%2fswc-linux-x64-musl 648ms (cache revalidated)
181 http fetch GET 200 https://registry.npmjs.org/@next%2fswc-win32-arm64-msvc 556ms (cache revalidated)
182 http fetch GET 200 https://registry.npmjs.org/@next%2fswc-linux-arm64-musl 632ms (cache revalidated)
183 http fetch GET 200 https://registry.npmjs.org/@next%2fswc-linux-arm64-gnu 774ms (cache revalidated)
184 http fetch GET 200 https://registry.npmjs.org/@next%2fswc-linux-x64-gnu 940ms (cache revalidated)
185 http fetch GET 200 https://registry.npmjs.org/@next%2fswc-darwin-arm64 995ms (cache revalidated)
186 silly placeDep ROOT @alloc/quick-lru@5.2.0 OK for: @tailwindcss/postcss@4.3.3 want: ^5.2.0
187 silly placeDep ROOT @tailwindcss/node@4.3.3 OK for: @tailwindcss/postcss@4.3.3 want: 4.3.3
188 silly placeDep ROOT @tailwindcss/oxide@4.3.3 OK for: @tailwindcss/postcss@4.3.3 want: 4.3.3
189 silly placeDep ROOT postcss@8.5.20 OK for: @tailwindcss/postcss@4.3.3 want: ^8.5.16
190 silly fetch manifest jiti@^2.7.0
191 silly fetch manifest lightningcss@1.32.0
192 silly fetch manifest magic-string@^0.30.21
193 silly fetch manifest source-map-js@^1.2.1
194 silly fetch manifest enhanced-resolve@^5.24.1
195 silly fetch manifest @jridgewell/remapping@^2.3.5
196 silly fetch manifest @tailwindcss/oxide-darwin-x64@4.3.3
197 silly fetch manifest @tailwindcss/oxide-freebsd-x64@4.3.3
198 silly fetch manifest @tailwindcss/oxide-wasm32-wasi@4.3.3
199 silly fetch manifest @tailwindcss/oxide-darwin-arm64@4.3.3
200 silly fetch manifest @tailwindcss/oxide-android-arm64@4.3.3
201 silly fetch manifest @tailwindcss/oxide-linux-x64-gnu@4.3.3
202 silly fetch manifest @tailwindcss/oxide-linux-x64-musl@4.3.3
203 silly fetch manifest @tailwindcss/oxide-win32-x64-msvc@4.3.3
204 silly fetch manifest @tailwindcss/oxide-linux-arm64-gnu@4.3.3
205 silly fetch manifest @tailwindcss/oxide-linux-arm64-musl@4.3.3
206 http fetch GET 200 https://registry.npmjs.org/source-map-js 199ms (cache revalidated)
207 silly fetch manifest @tailwindcss/oxide-win32-arm64-msvc@4.3.3
208 http fetch GET 200 https://registry.npmjs.org/lightningcss 201ms (cache revalidated)
209 silly fetch manifest @tailwindcss/oxide-linux-arm-gnueabihf@4.3.3
210 http fetch GET 200 https://registry.npmjs.org/magic-string 207ms (cache revalidated)
211 silly fetch manifest nanoid@^3.3.16
212 http fetch GET 200 https://registry.npmjs.org/@jridgewell%2fremapping 211ms (cache revalidated)
213 silly fetch manifest picocolors@^1.1.1
214 http fetch GET 200 https://registry.npmjs.org/@tailwindcss%2foxide-linux-x64-musl 204ms (cache revalidated)
215 http fetch GET 200 https://registry.npmjs.org/@tailwindcss%2foxide-wasm32-wasi 236ms (cache revalidated)
216 http fetch GET 200 https://registry.npmjs.org/enhanced-resolve 266ms (cache revalidated)
217 http fetch GET 200 https://registry.npmjs.org/@tailwindcss%2foxide-linux-x64-gnu 263ms (cache revalidated)
218 http fetch GET 200 https://registry.npmjs.org/@tailwindcss%2foxide-freebsd-x64 289ms (cache revalidated)
219 http fetch GET 200 https://registry.npmjs.org/@tailwindcss%2foxide-darwin-x64 322ms (cache revalidated)
220 http fetch GET 200 https://registry.npmjs.org/@tailwindcss%2foxide-darwin-arm64 345ms (cache revalidated)
221 http fetch GET 200 https://registry.npmjs.org/@tailwindcss%2foxide-android-arm64 377ms (cache revalidated)
222 http fetch GET 200 https://registry.npmjs.org/@tailwindcss%2foxide-win32-x64-msvc 395ms (cache revalidated)
223 http fetch GET 200 https://registry.npmjs.org/@tailwindcss%2foxide-linux-arm64-gnu 429ms (cache revalidated)
224 http fetch GET 200 https://registry.npmjs.org/@tailwindcss%2foxide-linux-arm64-musl 468ms (cache revalidated)
225 http fetch GET 200 https://registry.npmjs.org/@tailwindcss%2foxide-win32-arm64-msvc 312ms (cache revalidated)
226 http fetch GET 200 https://registry.npmjs.org/@tailwindcss%2foxide-linux-arm-gnueabihf 329ms (cache revalidated)
227 http fetch GET 200 https://registry.npmjs.org/picocolors 425ms (cache revalidated)
228 http fetch GET 200 https://registry.npmjs.org/nanoid 446ms (cache revalidated)
229 silly placeDep ROOT @jridgewell/remapping@2.3.5 OK for: @tailwindcss/node@4.3.3 want: ^2.3.5
230 silly placeDep ROOT enhanced-resolve@5.24.2 OK for: @tailwindcss/node@4.3.3 want: ^5.24.1
231 silly placeDep ROOT jiti@2.7.0 OK for: @tailwindcss/node@4.3.3 want: ^2.7.0
232 silly placeDep ROOT lightningcss@1.32.0 OK for: @tailwindcss/node@4.3.3 want: 1.32.0
233 silly placeDep ROOT magic-string@0.30.21 OK for: @tailwindcss/node@4.3.3 want: ^0.30.21
234 silly placeDep ROOT source-map-js@1.2.1 OK for: @tailwindcss/node@4.3.3 want: ^1.2.1
235 silly fetch manifest @jridgewell/gen-mapping@^0.3.5
236 silly fetch manifest @jridgewell/trace-mapping@^0.3.24
237 silly fetch manifest graceful-fs@^4.2.4
238 silly fetch manifest tapable@^2.3.3
239 silly fetch manifest detect-libc@^2.0.3
240 silly fetch manifest lightningcss-darwin-x64@1.32.0
241 silly fetch manifest lightningcss-linux-x64-gnu@1.32.0
242 silly fetch manifest lightningcss-win32-x64-msvc@1.32.0
243 silly fetch manifest lightningcss-win32-arm64-msvc@1.32.0
244 silly fetch manifest lightningcss-darwin-arm64@1.32.0
245 silly fetch manifest lightningcss-linux-arm64-gnu@1.32.0
246 silly fetch manifest lightningcss-linux-arm-gnueabihf@1.32.0
247 silly fetch manifest lightningcss-linux-arm64-musl@1.32.0
248 silly fetch manifest lightningcss-linux-x64-musl@1.32.0
249 silly fetch manifest lightningcss-freebsd-x64@1.32.0
250 http fetch GET 200 https://registry.npmjs.org/lightningcss-win32-x64-msvc 167ms (cache revalidated)
251 silly fetch manifest lightningcss-android-arm64@1.32.0
252 http fetch GET 200 https://registry.npmjs.org/@jridgewell%2fgen-mapping 197ms (cache revalidated)
253 silly fetch manifest @jridgewell/sourcemap-codec@^1.5.5
254 http fetch GET 200 https://registry.npmjs.org/tapable 198ms (cache revalidated)
255 http fetch GET 200 https://registry.npmjs.org/lightningcss-linux-x64-musl 199ms (cache revalidated)
256 http fetch GET 200 https://registry.npmjs.org/lightningcss-linux-x64-gnu 202ms (cache revalidated)
257 http fetch GET 200 https://registry.npmjs.org/lightningcss-linux-arm64-gnu 203ms (cache revalidated)
258 http fetch GET 200 https://registry.npmjs.org/graceful-fs 206ms (cache revalidated)
259 http fetch GET 200 https://registry.npmjs.org/lightningcss-win32-arm64-msvc 216ms (cache revalidated)
260 http fetch GET 200 https://registry.npmjs.org/lightningcss-linux-arm64-musl 216ms (cache revalidated)
261 http fetch GET 200 https://registry.npmjs.org/@jridgewell%2ftrace-mapping 220ms (cache revalidated)
262 http fetch GET 200 https://registry.npmjs.org/lightningcss-darwin-x64 220ms (cache revalidated)
263 http fetch GET 200 https://registry.npmjs.org/detect-libc 225ms (cache revalidated)
264 http fetch GET 200 https://registry.npmjs.org/lightningcss-freebsd-x64 223ms (cache revalidated)
265 http fetch GET 200 https://registry.npmjs.org/lightningcss-darwin-arm64 226ms (cache revalidated)
266 http fetch GET 200 https://registry.npmjs.org/lightningcss-linux-arm-gnueabihf 338ms (cache revalidated)
267 http fetch GET 200 https://registry.npmjs.org/lightningcss-android-arm64 297ms (cache revalidated)
268 http fetch GET 200 https://registry.npmjs.org/@jridgewell%2fsourcemap-codec 306ms (cache revalidated)
269 silly placeDep ROOT @jridgewell/gen-mapping@0.3.13 OK for: @jridgewell/remapping@2.3.5 want: ^0.3.5
270 silly placeDep ROOT @jridgewell/trace-mapping@0.3.31 OK for: @jridgewell/remapping@2.3.5 want: ^0.3.24
271 silly fetch manifest @jridgewell/sourcemap-codec@^1.5.0
272 silly fetch manifest @jridgewell/resolve-uri@^3.1.0
273 silly fetch manifest @jridgewell/sourcemap-codec@^1.4.14
274 http fetch GET 200 https://registry.npmjs.org/@jridgewell%2fresolve-uri 188ms (cache revalidated)
275 silly placeDep ROOT @jridgewell/sourcemap-codec@1.5.5 OK for: @jridgewell/gen-mapping@0.3.13 want: ^1.5.0
276 silly placeDep ROOT @jridgewell/resolve-uri@3.1.2 OK for: @jridgewell/trace-mapping@0.3.31 want: ^3.1.0
277 silly placeDep ROOT @tailwindcss/oxide-android-arm64@4.3.3 OK for: @tailwindcss/oxide@4.3.3 want: 4.3.3
278 silly placeDep ROOT @tailwindcss/oxide-darwin-arm64@4.3.3 OK for: @tailwindcss/oxide@4.3.3 want: 4.3.3
279 silly placeDep ROOT @tailwindcss/oxide-darwin-x64@4.3.3 OK for: @tailwindcss/oxide@4.3.3 want: 4.3.3
280 silly placeDep ROOT @tailwindcss/oxide-freebsd-x64@4.3.3 OK for: @tailwindcss/oxide@4.3.3 want: 4.3.3
281 silly placeDep ROOT @tailwindcss/oxide-linux-arm-gnueabihf@4.3.3 OK for: @tailwindcss/oxide@4.3.3 want: 4.3.3
282 silly placeDep ROOT @tailwindcss/oxide-linux-arm64-gnu@4.3.3 OK for: @tailwindcss/oxide@4.3.3 want: 4.3.3
283 silly placeDep ROOT @tailwindcss/oxide-linux-arm64-musl@4.3.3 OK for: @tailwindcss/oxide@4.3.3 want: 4.3.3
284 silly placeDep ROOT @tailwindcss/oxide-linux-x64-gnu@4.3.3 OK for: @tailwindcss/oxide@4.3.3 want: 4.3.3
285 silly placeDep ROOT @tailwindcss/oxide-linux-x64-musl@4.3.3 OK for: @tailwindcss/oxide@4.3.3 want: 4.3.3
286 silly placeDep ROOT @tailwindcss/oxide-wasm32-wasi@4.3.3 OK for: @tailwindcss/oxide@4.3.3 want: 4.3.3
287 silly placeDep ROOT @tailwindcss/oxide-win32-arm64-msvc@4.3.3 OK for: @tailwindcss/oxide@4.3.3 want: 4.3.3
288 silly placeDep ROOT @tailwindcss/oxide-win32-x64-msvc@4.3.3 OK for: @tailwindcss/oxide@4.3.3 want: 4.3.3
289 silly placeDep ROOT undici-types@6.21.0 OK for: @types/node@20.19.43 want: ~6.21.0
290 silly placeDep ROOT csstype@3.2.3 OK for: @types/react@19.2.17 want: ^3.2.2
291 silly placeDep ROOT graceful-fs@4.2.11 OK for: enhanced-resolve@5.24.2 want: ^4.2.4
292 silly placeDep ROOT tapable@2.3.3 OK for: enhanced-resolve@5.24.2 want: ^2.3.3
293 silly fetch manifest eslint@^6.0.0 || ^7.0.0 || >=8.0.0
294 silly placeDep ROOT @eslint-community/eslint-utils@4.9.1 OK for: eslint@9.39.5 want: ^4.8.0
295 silly placeDep ROOT @eslint-community/regexpp@4.12.2 OK for: eslint@9.39.5 want: ^4.12.1
296 silly placeDep ROOT @eslint/config-array@0.21.2 OK for: eslint@9.39.5 want: ^0.21.2
297 silly placeDep ROOT @eslint/config-helpers@0.4.2 OK for: eslint@9.39.5 want: ^0.4.2
298 silly placeDep ROOT @eslint/core@0.17.0 OK for: eslint@9.39.5 want: ^0.17.0
299 silly placeDep ROOT @eslint/eslintrc@3.3.6 OK for: eslint@9.39.5 want: ^3.3.6
300 silly placeDep ROOT @eslint/js@9.39.5 OK for: eslint@9.39.5 want: 9.39.5
301 silly placeDep ROOT @eslint/plugin-kit@0.4.1 OK for: eslint@9.39.5 want: ^0.4.1
302 silly placeDep ROOT @humanfs/node@0.16.8 OK for: eslint@9.39.5 want: ^0.16.6
303 silly placeDep ROOT @humanwhocodes/module-importer@1.0.1 OK for: eslint@9.39.5 want: ^1.0.1
304 silly placeDep ROOT @humanwhocodes/retry@0.4.3 OK for: eslint@9.39.5 want: ^0.4.2
305 silly placeDep ROOT @types/estree@1.0.9 OK for: eslint@9.39.5 want: ^1.0.6
306 silly placeDep ROOT ajv@6.15.0 OK for: eslint@9.39.5 want: ^6.14.0
307 silly placeDep ROOT chalk@4.1.2 OK for: eslint@9.39.5 want: ^4.0.0
308 silly placeDep ROOT cross-spawn@7.0.6 OK for: eslint@9.39.5 want: ^7.0.6
309 silly placeDep ROOT debug@4.4.3 OK for: eslint@9.39.5 want: ^4.3.2
310 silly placeDep ROOT escape-string-regexp@4.0.0 OK for: eslint@9.39.5 want: ^4.0.0
311 silly placeDep ROOT eslint-scope@8.4.0 OK for: eslint@9.39.5 want: ^8.4.0
312 silly placeDep ROOT eslint-visitor-keys@4.2.1 OK for: eslint@9.39.5 want: ^4.2.1
313 silly placeDep ROOT espree@10.4.0 OK for: eslint@9.39.5 want: ^10.4.0
314 silly placeDep ROOT esquery@1.7.0 OK for: eslint@9.39.5 want: ^1.5.0
315 silly placeDep ROOT esutils@2.0.3 OK for: eslint@9.39.5 want: ^2.0.2
316 silly placeDep ROOT fast-deep-equal@3.1.3 OK for: eslint@9.39.5 want: ^3.1.3
317 silly placeDep ROOT file-entry-cache@8.0.0 OK for: eslint@9.39.5 want: ^8.0.0
318 silly placeDep ROOT find-up@5.0.0 OK for: eslint@9.39.5 want: ^5.0.0
319 silly placeDep ROOT glob-parent@6.0.2 OK for: eslint@9.39.5 want: ^6.0.2
320 silly placeDep ROOT ignore@5.3.2 OK for: eslint@9.39.5 want: ^5.2.0
321 silly placeDep ROOT imurmurhash@0.1.4 OK for: eslint@9.39.5 want: ^0.1.4
322 silly placeDep ROOT is-glob@4.0.3 OK for: eslint@9.39.5 want: ^4.0.0
323 silly placeDep ROOT json-stable-stringify-without-jsonify@1.0.1 OK for: eslint@9.39.5 want: ^1.0.1
324 silly placeDep ROOT lodash.merge@4.6.2 OK for: eslint@9.39.5 want: ^4.6.2
325 silly placeDep ROOT minimatch@3.1.5 OK for: eslint@9.39.5 want: ^3.1.5
326 silly placeDep ROOT natural-compare@1.4.0 OK for: eslint@9.39.5 want: ^1.4.0
327 silly placeDep ROOT optionator@0.9.4 OK for: eslint@9.39.5 want: ^0.9.3
328 silly fetch manifest eslint-visitor-keys@^3.4.3
329 silly fetch manifest debug@^4.3.1
330 silly fetch manifest @eslint/object-schema@^2.1.7
331 silly fetch manifest @types/json-schema@^7.0.15
332 silly fetch manifest espree@^10.0.1
333 silly fetch manifest globals@^14.0.0
334 silly fetch manifest import-fresh@^3.2.1
335 silly fetch manifest js-yaml@^4.3.0
336 silly fetch manifest strip-json-comments@^3.1.1
337 silly fetch manifest levn@^0.4.1
338 silly fetch manifest @humanwhocodes/retry@^0.4.0
339 silly fetch manifest @humanfs/core@^0.19.2
340 silly fetch manifest @humanfs/types@^0.15.0
341 silly fetch manifest uri-js@^4.2.2
342 silly fetch manifest fast-deep-equal@^3.1.1
343 silly fetch manifest json-schema-traverse@^0.4.1
344 silly fetch manifest fast-json-stable-stringify@^2.0.0
345 silly fetch manifest ansi-styles@^4.1.0
346 silly fetch manifest supports-color@^7.1.0
347 silly fetch manifest which@^2.0.1
348 silly fetch manifest path-key@^3.1.0
349 http fetch GET 200 https://registry.npmjs.org/@types%2fjson-schema 184ms (cache revalidated)
350 silly fetch manifest shebang-command@^2.0.0
351 http fetch GET 200 https://registry.npmjs.org/strip-json-comments 185ms (cache revalidated)
352 silly fetch manifest ms@^2.1.3
353 http fetch GET 200 https://registry.npmjs.org/@eslint%2fobject-schema 193ms (cache revalidated)
354 silly fetch manifest esrecurse@^4.3.0
355 http fetch GET 200 https://registry.npmjs.org/ansi-styles 184ms (cache revalidated)
356 silly fetch manifest estraverse@^5.2.0
357 http fetch GET 200 https://registry.npmjs.org/js-yaml 195ms (cache revalidated)
358 silly fetch manifest acorn@^8.15.0
359 http fetch GET 200 https://registry.npmjs.org/which 189ms (cache revalidated)
360 silly fetch manifest acorn-jsx@^5.3.2
361 http fetch GET 200 https://registry.npmjs.org/levn 196ms (cache revalidated)
362 silly fetch manifest estraverse@^5.1.0
363 http fetch GET 200 https://registry.npmjs.org/supports-color 195ms (cache revalidated)
364 silly fetch manifest flat-cache@^4.0.0
365 http fetch GET 200 https://registry.npmjs.org/path-key 197ms (cache revalidated)
366 silly fetch manifest locate-path@^6.0.0
367 http fetch GET 200 https://registry.npmjs.org/import-fresh 212ms (cache revalidated)
368 silly fetch manifest path-exists@^4.0.0
369 http fetch GET 200 https://registry.npmjs.org/uri-js 207ms (cache revalidated)
370 silly fetch manifest is-glob@^4.0.3
371 silly fetch manifest is-extglob@^2.1.1
372 http fetch GET 200 https://registry.npmjs.org/json-schema-traverse 208ms (cache revalidated)
373 silly fetch manifest brace-expansion@^1.1.7
374 http fetch GET 200 https://registry.npmjs.org/@humanfs%2fcore 215ms (cache revalidated)
375 silly fetch manifest prelude-ls@^1.2.1
376 http fetch GET 200 https://registry.npmjs.org/fast-json-stable-stringify 215ms (cache revalidated)
377 silly fetch manifest deep-is@^0.1.3
378 http fetch GET 200 https://registry.npmjs.org/@humanfs%2ftypes 227ms (cache revalidated)
379 silly fetch manifest word-wrap@^1.2.5
380 http fetch GET 200 https://registry.npmjs.org/ms 194ms (cache revalidated)
381 silly fetch manifest type-check@^0.4.0
382 http fetch GET 200 https://registry.npmjs.org/shebang-command 201ms (cache revalidated)
383 silly fetch manifest fast-levenshtein@^2.0.6
384 http fetch GET 200 https://registry.npmjs.org/estraverse 199ms (cache revalidated)
385 http fetch GET 200 https://registry.npmjs.org/esrecurse 203ms (cache revalidated)
386 http fetch GET 200 https://registry.npmjs.org/flat-cache 191ms (cache revalidated)
387 http fetch GET 200 https://registry.npmjs.org/acorn-jsx 199ms (cache revalidated)
388 http fetch GET 200 https://registry.npmjs.org/estraverse 202ms (cache revalidated)
389 http fetch GET 200 https://registry.npmjs.org/locate-path 197ms (cache revalidated)
390 http fetch GET 200 https://registry.npmjs.org/acorn 208ms (cache revalidated)
391 http fetch GET 200 https://registry.npmjs.org/brace-expansion 194ms (cache revalidated)
392 http fetch GET 200 https://registry.npmjs.org/path-exists 201ms (cache revalidated)
393 http fetch GET 200 https://registry.npmjs.org/is-extglob 202ms (cache revalidated)
394 http fetch GET 200 https://registry.npmjs.org/deep-is 202ms (cache revalidated)
395 http fetch GET 200 https://registry.npmjs.org/prelude-ls 204ms (cache revalidated)
396 http fetch GET 200 https://registry.npmjs.org/word-wrap 197ms (cache revalidated)
397 http fetch GET 200 https://registry.npmjs.org/type-check 158ms (cache revalidated)
398 http fetch GET 200 https://registry.npmjs.org/fast-levenshtein 174ms (cache revalidated)
399 silly placeDep node_modules/@eslint-community/eslint-utils eslint-visitor-keys@3.4.3 OK for: @eslint-community/eslint-utils@4.9.1 want: ^3.4.3
400 silly placeDep ROOT @eslint/object-schema@2.1.7 OK for: @eslint/config-array@0.21.2 want: ^2.1.7
401 silly placeDep ROOT @types/json-schema@7.0.15 OK for: @eslint/core@0.17.0 want: ^7.0.15
402 silly placeDep ROOT globals@14.0.0 OK for: @eslint/eslintrc@3.3.6 want: ^14.0.0
403 silly placeDep ROOT import-fresh@3.3.1 OK for: @eslint/eslintrc@3.3.6 want: ^3.2.1
404 silly placeDep ROOT js-yaml@4.3.0 OK for: @eslint/eslintrc@3.3.6 want: ^4.3.0
405 silly placeDep ROOT strip-json-comments@3.1.1 OK for: @eslint/eslintrc@3.3.6 want: ^3.1.1
406 silly fetch manifest resolve-from@^4.0.0
407 silly fetch manifest parent-module@^1.0.0
408 silly fetch manifest argparse@^2.0.1
409 http fetch GET 200 https://registry.npmjs.org/resolve-from 152ms (cache revalidated)
410 http fetch GET 200 https://registry.npmjs.org/parent-module 175ms (cache revalidated)
411 http fetch GET 200 https://registry.npmjs.org/argparse 176ms (cache revalidated)
412 silly placeDep ROOT levn@0.4.1 OK for: @eslint/plugin-kit@0.4.1 want: ^0.4.1
413 silly fetch manifest type-check@~0.4.0
414 silly placeDep ROOT @humanfs/core@0.19.2 OK for: @humanfs/node@0.16.8 want: ^0.19.2
415 silly placeDep ROOT @humanfs/types@0.15.0 OK for: @humanfs/node@0.16.8 want: ^0.15.0
416 silly placeDep ROOT fast-json-stable-stringify@2.1.0 OK for: ajv@6.15.0 want: ^2.0.0
417 silly placeDep ROOT json-schema-traverse@0.4.1 OK for: ajv@6.15.0 want: ^0.4.1
418 silly placeDep ROOT uri-js@4.4.1 OK for: ajv@6.15.0 want: ^4.2.2
419 silly fetch manifest punycode@^2.1.0
420 http fetch GET 200 https://registry.npmjs.org/punycode 165ms (cache revalidated)
421 silly placeDep ROOT ansi-styles@4.3.0 OK for: chalk@4.1.2 want: ^4.1.0
422 silly placeDep ROOT supports-color@7.2.0 OK for: chalk@4.1.2 want: ^7.1.0
423 silly fetch manifest color-convert@^2.0.1
424 silly fetch manifest has-flag@^4.0.0
425 http fetch GET 200 https://registry.npmjs.org/color-convert 285ms (cache revalidated)
426 http fetch GET 200 https://registry.npmjs.org/has-flag 294ms (cache revalidated)
427 silly placeDep ROOT color-convert@2.0.1 OK for: ansi-styles@4.3.0 want: ^2.0.1
428 silly fetch manifest color-name@~1.1.4
429 http fetch GET 200 https://registry.npmjs.org/color-name 278ms (cache revalidated)
430 silly placeDep ROOT color-name@1.1.4 OK for: color-convert@2.0.1 want: ~1.1.4
431 silly placeDep ROOT path-key@3.1.1 OK for: cross-spawn@7.0.6 want: ^3.1.0
432 silly placeDep ROOT shebang-command@2.0.0 OK for: cross-spawn@7.0.6 want: ^2.0.0
433 silly placeDep ROOT which@2.0.2 OK for: cross-spawn@7.0.6 want: ^2.0.1
434 silly fetch manifest shebang-regex@^3.0.0
435 silly fetch manifest isexe@^2.0.0
436 http fetch GET 200 https://registry.npmjs.org/shebang-regex 311ms (cache revalidated)
437 http fetch GET 200 https://registry.npmjs.org/isexe 315ms (cache revalidated)
438 silly placeDep ROOT ms@2.1.3 OK for: debug@4.4.3 want: ^2.1.3
439 silly fetch manifest eslint@>=9.0.0
440 silly fetch manifest typescript@>=3.3.1
441 silly fetch manifest typescript@>=4.8.4 <6.1.0
442 silly fetch manifest eslint@^3 || ^4 || ^5 || ^6 || ^7 || ^8 || ^9.7
443 silly fetch manifest eslint@^2 || ^3 || ^4 || ^5 || ^6 || ^7.2.0 || ^8 || ^9
444 silly fetch manifest eslint@^3 || ^4 || ^5 || ^6 || ^7 || ^8 || ^9
445 silly fetch manifest eslint-plugin-import-x@*
446 http fetch GET 200 https://registry.npmjs.org/eslint-plugin-import-x 168ms (cache revalidated)
447 silly fetch manifest @typescript-eslint/utils@^8.56.0
448 http fetch GET 200 https://registry.npmjs.org/@typescript-eslint%2futils 218ms (cache revalidated)
449 silly placeDep ROOT @next/eslint-plugin-next@16.2.10 OK for: eslint-config-next@16.2.10 want: 16.2.10
450 silly placeDep ROOT eslint-import-resolver-node@0.3.10 OK for: eslint-config-next@16.2.10 want: ^0.3.6
451 silly placeDep ROOT eslint-import-resolver-typescript@3.10.1 OK for: eslint-config-next@16.2.10 want: ^3.5.2
452 silly placeDep ROOT eslint-plugin-import@2.32.0 OK for: eslint-config-next@16.2.10 want: ^2.32.0
453 silly placeDep ROOT eslint-plugin-jsx-a11y@6.10.2 OK for: eslint-config-next@16.2.10 want: ^6.10.0
454 silly placeDep ROOT eslint-plugin-react@7.37.5 OK for: eslint-config-next@16.2.10 want: ^7.37.0
455 silly placeDep ROOT eslint-plugin-react-hooks@7.1.1 OK for: eslint-config-next@16.2.10 want: ^7.0.0
456 silly placeDep node_modules/eslint-config-next globals@16.4.0 OK for: eslint-config-next@16.2.10 want: 16.4.0
457 silly placeDep ROOT typescript-eslint@8.64.0 OK for: eslint-config-next@16.2.10 want: ^8.46.0
458 silly fetch manifest fast-glob@3.3.1
459 silly fetch manifest debug@^3.2.7
460 silly fetch manifest resolve@^2.0.0-next.6
461 silly fetch manifest is-core-module@^2.16.1
462 silly fetch manifest tinyglobby@^0.2.13
463 silly fetch manifest stable-hash@^0.0.5
464 silly fetch manifest get-tsconfig@^4.10.0
465 silly fetch manifest is-bun-module@^2.0.0
466 silly fetch manifest unrs-resolver@^1.6.2
467 silly fetch manifest @nolyfill/is-core-module@1.0.39
468 silly fetch manifest @rtsao/scc@^1.1.0
469 silly fetch manifest array-includes@^3.1.9
470 silly fetch manifest array.prototype.findlastindex@^1.2.6
471 silly fetch manifest array.prototype.flat@^1.3.3
472 silly fetch manifest array.prototype.flatmap@^1.3.3
473 silly fetch manifest doctrine@^2.1.0
474 http fetch GET 200 https://registry.npmjs.org/is-bun-module 188ms (cache revalidated)
475 silly fetch manifest eslint-module-utils@^2.12.1
476 http fetch GET 200 https://registry.npmjs.org/array.prototype.flatmap 187ms (cache revalidated)
477 silly fetch manifest hasown@^2.0.2
478 http fetch GET 200 https://registry.npmjs.org/tinyglobby 192ms (cache revalidated)
479 http fetch GET 200 https://registry.npmjs.org/array-includes 191ms (cache revalidated)
480 silly fetch manifest object.fromentries@^2.0.8
481 http fetch GET 200 https://registry.npmjs.org/fast-glob 196ms (cache revalidated)
482 silly fetch manifest object.groupby@^1.0.3
483 http fetch GET 200 https://registry.npmjs.org/resolve 199ms (cache revalidated)
484 silly fetch manifest object.values@^1.2.1
485 http fetch GET 200 https://registry.npmjs.org/@nolyfill%2fis-core-module 206ms (cache revalidated)
486 silly fetch manifest semver@^6.3.1
487 http fetch GET 200 https://registry.npmjs.org/unrs-resolver 209ms (cache revalidated)
488 silly fetch manifest string.prototype.trimend@^1.0.9
489 http fetch GET 200 https://registry.npmjs.org/array.prototype.flat 210ms (cache revalidated)
490 silly fetch manifest tsconfig-paths@^3.15.0
491 http fetch GET 200 https://registry.npmjs.org/stable-hash 213ms (cache revalidated)
492 silly fetch manifest aria-query@^5.3.2
493 http fetch GET 200 https://registry.npmjs.org/is-core-module 215ms (cache revalidated)
494 silly fetch manifest array-includes@^3.1.8
495 silly fetch manifest array.prototype.flatmap@^1.3.2
496 silly fetch manifest ast-types-flow@^0.0.8
497 silly fetch manifest axe-core@^4.10.0
498 http fetch GET 200 https://registry.npmjs.org/get-tsconfig 217ms (cache revalidated)
499 silly fetch manifest axobject-query@^4.1.0
500 http fetch GET 200 https://registry.npmjs.org/array.prototype.findlastindex 218ms (cache revalidated)
501 silly fetch manifest damerau-levenshtein@^1.0.8
502 http fetch GET 200 https://registry.npmjs.org/doctrine 220ms (cache revalidated)
503 silly fetch manifest emoji-regex@^9.2.2
504 http fetch GET 200 https://registry.npmjs.org/@rtsao%2fscc 232ms (cache revalidated)
505 http fetch GET 200 https://registry.npmjs.org/hasown 197ms (cache revalidated)
506 silly fetch manifest jsx-ast-utils@^3.3.5
507 silly fetch manifest language-tags@^1.0.9
508 http fetch GET 200 https://registry.npmjs.org/object.groupby 199ms (cache revalidated)
509 http fetch GET 200 https://registry.npmjs.org/aria-query 183ms (cache revalidated)
510 silly fetch manifest safe-regex-test@^1.0.3
511 http fetch GET 200 https://registry.npmjs.org/object.values 198ms (cache revalidated)
512 silly fetch manifest string.prototype.includes@^2.0.1
513 http fetch GET 200 https://registry.npmjs.org/semver 197ms (cache revalidated)
514 silly fetch manifest array.prototype.findlast@^1.2.5
515 http fetch GET 200 https://registry.npmjs.org/string.prototype.trimend 199ms (cache revalidated)
516 silly fetch manifest array.prototype.tosorted@^1.1.4
517 http fetch GET 200 https://registry.npmjs.org/axobject-query 194ms (cache revalidated)
518 silly fetch manifest es-iterator-helpers@^1.2.1
519 http fetch GET 200 https://registry.npmjs.org/damerau-levenshtein 194ms (cache revalidated)
520 silly fetch manifest estraverse@^5.3.0
521 silly fetch manifest jsx-ast-utils@^2.4.1 || ^3.0.0
522 http fetch GET 200 https://registry.npmjs.org/eslint-module-utils 228ms (cache revalidated)
523 silly fetch manifest object.entries@^1.1.9
524 http fetch GET 200 https://registry.npmjs.org/tsconfig-paths 213ms (cache revalidated)
525 http fetch GET 200 https://registry.npmjs.org/axe-core 236ms (cache revalidated)
526 silly fetch manifest prop-types@^15.8.1
527 http fetch GET 200 https://registry.npmjs.org/object.fromentries 337ms (cache revalidated)
528 silly fetch manifest resolve@^2.0.0-next.5
529 silly fetch manifest string.prototype.matchall@^4.0.12
530 silly fetch manifest string.prototype.repeat@^1.0.0
531 silly fetch manifest zod@^3.25.0 || ^4.0.0
532 http fetch GET 200 https://registry.npmjs.org/emoji-regex 307ms (cache revalidated)
533 silly fetch manifest @babel/core@^7.24.4
534 http fetch GET 200 https://registry.npmjs.org/ast-types-flow 319ms (cache revalidated)
535 silly fetch manifest @babel/parser@^7.24.4
536 http fetch GET 200 https://registry.npmjs.org/language-tags 169ms (cache revalidated)
537 silly fetch manifest hermes-parser@^0.25.1
538 http fetch GET 200 https://registry.npmjs.org/jsx-ast-utils 173ms (cache revalidated)
539 silly fetch manifest zod-validation-error@^3.5.0 || ^4.0.0
540 http fetch GET 200 https://registry.npmjs.org/string.prototype.includes 188ms (cache revalidated)
541 silly fetch manifest @typescript-eslint/utils@8.64.0
542 silly fetch manifest @typescript-eslint/parser@8.64.0
543 http fetch GET 200 https://registry.npmjs.org/safe-regex-test 192ms (cache revalidated)
544 silly fetch manifest @typescript-eslint/eslint-plugin@8.64.0
545 http fetch GET 200 https://registry.npmjs.org/array.prototype.findlast 292ms (cache revalidated)
546 silly fetch manifest @typescript-eslint/typescript-estree@8.64.0
547 http fetch GET 200 https://registry.npmjs.org/array.prototype.tosorted 291ms (cache revalidated)
548 http fetch GET 200 https://registry.npmjs.org/jsx-ast-utils 287ms (cache revalidated)
549 http fetch GET 200 https://registry.npmjs.org/object.entries 290ms (cache revalidated)
550 http fetch GET 200 https://registry.npmjs.org/prop-types 185ms (cache revalidated)
551 http fetch GET 200 https://registry.npmjs.org/es-iterator-helpers 298ms (cache revalidated)
552 http fetch GET 200 https://registry.npmjs.org/string.prototype.matchall 185ms (cache revalidated)
553 http fetch GET 200 https://registry.npmjs.org/hermes-parser 162ms (cache revalidated)
554 http fetch GET 200 https://registry.npmjs.org/string.prototype.repeat 196ms (cache revalidated)
555 http fetch GET 200 https://registry.npmjs.org/zod 203ms (cache revalidated)
556 http fetch GET 200 https://registry.npmjs.org/zod-validation-error 209ms (cache revalidated)
557 http fetch GET 200 https://registry.npmjs.org/@babel%2fparser 239ms (cache revalidated)
558 http fetch GET 200 https://registry.npmjs.org/@typescript-eslint%2fparser 228ms (cache revalidated)
559 http fetch GET 200 https://registry.npmjs.org/@babel%2fcore 421ms (cache revalidated)
560 http fetch GET 200 https://registry.npmjs.org/@typescript-eslint%2feslint-plugin 414ms (cache revalidated)
561 http fetch GET 200 https://registry.npmjs.org/@typescript-eslint%2ftypescript-estree 526ms (cache revalidated)
562 silly placeDep ROOT fast-glob@3.3.1 OK for: @next/eslint-plugin-next@16.2.10 want: 3.3.1
563 silly fetch manifest merge2@^1.3.0
564 silly fetch manifest micromatch@^4.0.4
565 silly fetch manifest glob-parent@^5.1.2
566 silly fetch manifest @nodelib/fs.stat@^2.0.2
567 silly fetch manifest @nodelib/fs.walk@^1.2.3
568 http fetch GET 200 https://registry.npmjs.org/merge2 158ms (cache revalidated)
569 http fetch GET 200 https://registry.npmjs.org/micromatch 162ms (cache revalidated)
570 http fetch GET 200 https://registry.npmjs.org/@nodelib%2ffs.walk 166ms (cache revalidated)
571 http fetch GET 200 https://registry.npmjs.org/@nodelib%2ffs.stat 171ms (cache revalidated)
572 silly placeDep node_modules/eslint-import-resolver-node debug@3.2.7 OK for: eslint-import-resolver-node@0.3.10 want: ^3.2.7
573 silly placeDep ROOT is-core-module@2.16.2 OK for: eslint-import-resolver-node@0.3.10 want: ^2.16.1
574 silly placeDep ROOT resolve@2.0.0-next.7 OK for: eslint-import-resolver-node@0.3.10 want: ^2.0.0-next.6
575 silly fetch manifest hasown@^2.0.3
576 silly fetch manifest es-errors@^1.3.0
577 silly fetch manifest node-exports-info@^1.6.0
578 silly fetch manifest object-keys@^1.1.1
579 silly fetch manifest path-parse@^1.0.7
580 silly fetch manifest supports-preserve-symlinks-flag@^1.0.0
581 http fetch GET 200 https://registry.npmjs.org/es-errors 176ms (cache revalidated)
582 http fetch GET 200 https://registry.npmjs.org/node-exports-info 179ms (cache revalidated)
583 http fetch GET 200 https://registry.npmjs.org/object-keys 189ms (cache revalidated)
584 http fetch GET 200 https://registry.npmjs.org/supports-preserve-symlinks-flag 205ms (cache revalidated)
585 http fetch GET 200 https://registry.npmjs.org/path-parse 206ms (cache revalidated)
586 silly placeDep ROOT @nolyfill/is-core-module@1.0.39 OK for: eslint-import-resolver-typescript@3.10.1 want: 1.0.39
587 silly placeDep ROOT get-tsconfig@4.14.0 OK for: eslint-import-resolver-typescript@3.10.1 want: ^4.10.0
588 silly placeDep ROOT is-bun-module@2.0.0 OK for: eslint-import-resolver-typescript@3.10.1 want: ^2.0.0
589 silly placeDep ROOT stable-hash@0.0.5 OK for: eslint-import-resolver-typescript@3.10.1 want: ^0.0.5
590 silly placeDep ROOT tinyglobby@0.2.17 OK for: eslint-import-resolver-typescript@3.10.1 want: ^0.2.13
591 silly placeDep ROOT unrs-resolver@1.12.2 OK for: eslint-import-resolver-typescript@3.10.1 want: ^1.6.2
592 silly fetch manifest resolve-pkg-maps@^1.0.0
593 silly fetch manifest semver@^7.7.1
594 silly fetch manifest fdir@^6.5.0
595 silly fetch manifest picomatch@^4.0.4
596 silly fetch manifest napi-postinstall@^0.3.4
597 silly fetch manifest @unrs/resolver-binding-darwin-arm64@1.12.2
598 silly fetch manifest @unrs/resolver-binding-android-arm64@1.12.2
599 silly fetch manifest @unrs/resolver-binding-win32-arm64-msvc@1.12.2
600 silly fetch manifest @unrs/resolver-binding-linux-arm64-gnu@1.12.2
601 silly fetch manifest @unrs/resolver-binding-linux-arm64-musl@1.12.2
602 silly fetch manifest @unrs/resolver-binding-openharmony-arm64@1.12.2
603 silly fetch manifest @unrs/resolver-binding-android-arm-eabi@1.12.2
604 silly fetch manifest @unrs/resolver-binding-linux-arm-gnueabihf@1.12.2
605 silly fetch manifest @unrs/resolver-binding-linux-arm-musleabihf@1.12.2
606 silly fetch manifest @unrs/resolver-binding-win32-ia32-msvc@1.12.2
607 silly fetch manifest @unrs/resolver-binding-linux-loong64-gnu@1.12.2
608 http fetch GET 200 https://registry.npmjs.org/picomatch 170ms (cache revalidated)
609 silly fetch manifest @unrs/resolver-binding-linux-loong64-musl@1.12.2
610 http fetch GET 200 https://registry.npmjs.org/fdir 174ms (cache revalidated)
611 silly fetch manifest @unrs/resolver-binding-linux-ppc64-gnu@1.12.2
612 http fetch GET 200 https://registry.npmjs.org/resolve-pkg-maps 180ms (cache revalidated)
613 silly fetch manifest @unrs/resolver-binding-linux-riscv64-gnu@1.12.2
614 http fetch GET 200 https://registry.npmjs.org/@unrs%2fresolver-binding-darwin-arm64 184ms (cache revalidated)
615 silly fetch manifest @unrs/resolver-binding-linux-riscv64-musl@1.12.2
616 http fetch GET 200 https://registry.npmjs.org/@unrs%2fresolver-binding-win32-arm64-msvc 185ms (cache revalidated)
617 silly fetch manifest @unrs/resolver-binding-linux-s390x-gnu@1.12.2
618 http fetch GET 200 https://registry.npmjs.org/@unrs%2fresolver-binding-openharmony-arm64 186ms (cache revalidated)
619 silly fetch manifest @unrs/resolver-binding-wasm32-wasi@1.12.2
620 http fetch GET 200 https://registry.npmjs.org/@unrs%2fresolver-binding-linux-arm64-gnu 188ms (cache revalidated)
621 silly fetch manifest @unrs/resolver-binding-darwin-x64@1.12.2
622 http fetch GET 200 https://registry.npmjs.org/@unrs%2fresolver-binding-android-arm64 194ms (cache revalidated)
623 silly fetch manifest @unrs/resolver-binding-win32-x64-msvc@1.12.2
624 http fetch GET 200 https://registry.npmjs.org/@unrs%2fresolver-binding-linux-arm64-musl 199ms (cache revalidated)
625 silly fetch manifest @unrs/resolver-binding-freebsd-x64@1.12.2
626 http fetch GET 200 https://registry.npmjs.org/napi-postinstall 202ms (cache revalidated)
627 silly fetch manifest @unrs/resolver-binding-linux-x64-gnu@1.12.2
628 http fetch GET 200 https://registry.npmjs.org/@unrs%2fresolver-binding-linux-arm-gnueabihf 202ms (cache revalidated)
629 silly fetch manifest @unrs/resolver-binding-linux-x64-musl@1.12.2
630 http fetch GET 200 https://registry.npmjs.org/@unrs%2fresolver-binding-linux-arm-musleabihf 207ms (cache revalidated)
631 http fetch GET 200 https://registry.npmjs.org/@unrs%2fresolver-binding-linux-loong64-gnu 208ms (cache revalidated)
632 http fetch GET 200 https://registry.npmjs.org/@unrs%2fresolver-binding-win32-ia32-msvc 223ms (cache revalidated)
633 http fetch GET 200 https://registry.npmjs.org/@unrs%2fresolver-binding-android-arm-eabi 323ms (cache revalidated)
634 http fetch GET 200 https://registry.npmjs.org/@unrs%2fresolver-binding-linux-ppc64-gnu 179ms (cache revalidated)
635 http fetch GET 200 https://registry.npmjs.org/@unrs%2fresolver-binding-linux-loong64-musl 187ms (cache revalidated)
636 http fetch GET 200 https://registry.npmjs.org/@unrs%2fresolver-binding-darwin-x64 183ms (cache revalidated)
637 http fetch GET 200 https://registry.npmjs.org/@unrs%2fresolver-binding-linux-s390x-gnu 203ms (cache revalidated)
638 http fetch GET 200 https://registry.npmjs.org/@unrs%2fresolver-binding-linux-riscv64-gnu 211ms (cache revalidated)
639 http fetch GET 200 https://registry.npmjs.org/@unrs%2fresolver-binding-linux-x64-gnu 189ms (cache revalidated)
640 http fetch GET 200 https://registry.npmjs.org/@unrs%2fresolver-binding-win32-x64-msvc 197ms (cache revalidated)
641 http fetch GET 200 https://registry.npmjs.org/@unrs%2fresolver-binding-linux-riscv64-musl 208ms (cache revalidated)
642 http fetch GET 200 https://registry.npmjs.org/@unrs%2fresolver-binding-wasm32-wasi 209ms (cache revalidated)
643 http fetch GET 200 https://registry.npmjs.org/@unrs%2fresolver-binding-freebsd-x64 196ms (cache revalidated)
644 http fetch GET 200 https://registry.npmjs.org/@unrs%2fresolver-binding-linux-x64-musl 205ms (cache revalidated)
645 silly placeDep ROOT @rtsao/scc@1.1.0 OK for: eslint-plugin-import@2.32.0 want: ^1.1.0
646 silly placeDep ROOT array-includes@3.1.9 OK for: eslint-plugin-import@2.32.0 want: ^3.1.9
647 silly placeDep ROOT array.prototype.findlastindex@1.2.6 OK for: eslint-plugin-import@2.32.0 want: ^1.2.6
648 silly placeDep ROOT array.prototype.flat@1.3.3 OK for: eslint-plugin-import@2.32.0 want: ^1.3.3
649 silly placeDep ROOT array.prototype.flatmap@1.3.3 OK for: eslint-plugin-import@2.32.0 want: ^1.3.3
650 silly placeDep node_modules/eslint-plugin-import debug@3.2.7 OK for: eslint-plugin-import@2.32.0 want: ^3.2.7
651 silly placeDep ROOT doctrine@2.1.0 OK for: eslint-plugin-import@2.32.0 want: ^2.1.0
652 silly placeDep ROOT eslint-module-utils@2.14.0 OK for: eslint-plugin-import@2.32.0 want: ^2.12.1
653 silly placeDep ROOT hasown@2.0.4 OK for: eslint-plugin-import@2.32.0 want: ^2.0.2
654 silly placeDep ROOT object.fromentries@2.0.8 OK for: eslint-plugin-import@2.32.0 want: ^2.0.8
655 silly placeDep ROOT object.groupby@1.0.3 OK for: eslint-plugin-import@2.32.0 want: ^1.0.3
656 silly placeDep ROOT object.values@1.2.1 OK for: eslint-plugin-import@2.32.0 want: ^1.2.1
657 silly placeDep ROOT semver@6.3.1 OK for: eslint-plugin-import@2.32.0 want: ^6.3.1
658 silly placeDep ROOT string.prototype.trimend@1.0.10 OK for: eslint-plugin-import@2.32.0 want: ^1.0.9
659 silly placeDep ROOT tsconfig-paths@3.15.0 OK for: eslint-plugin-import@2.32.0 want: ^3.15.0
660 silly fetch manifest call-bind@^1.0.8
661 silly fetch manifest call-bound@^1.0.4
662 silly fetch manifest define-properties@^1.2.1
663 silly fetch manifest es-abstract@^1.24.0
664 silly fetch manifest es-object-atoms@^1.1.1
665 silly fetch manifest get-intrinsic@^1.3.0
666 silly fetch manifest is-string@^1.1.1
667 silly fetch manifest math-intrinsics@^1.1.0
668 silly fetch manifest es-abstract@^1.23.9
669 silly fetch manifest es-shim-unscopables@^1.1.0
670 http fetch GET 200 https://registry.npmjs.org/es-shim-unscopables 225ms (cache revalidated)
671 http fetch GET 200 https://registry.npmjs.org/is-string 228ms (cache revalidated)
672 silly fetch manifest es-abstract@^1.23.5
673 http fetch GET 200 https://registry.npmjs.org/call-bound 235ms (cache revalidated)
674 silly fetch manifest es-shim-unscopables@^1.0.2
675 http fetch GET 200 https://registry.npmjs.org/es-object-atoms 235ms (cache revalidated)
676 silly fetch manifest function-bind@^1.1.2
677 http fetch GET 200 https://registry.npmjs.org/get-intrinsic 236ms (cache revalidated)
678 silly fetch manifest call-bind@^1.0.7
679 http fetch GET 200 https://registry.npmjs.org/math-intrinsics 240ms (cache revalidated)
680 http fetch GET 200 https://registry.npmjs.org/es-abstract 245ms (cache revalidated)
681 silly fetch manifest es-abstract@^1.23.2
682 silly fetch manifest es-object-atoms@^1.0.0
683 http fetch GET 200 https://registry.npmjs.org/call-bind 253ms (cache revalidated)
684 silly fetch manifest call-bound@^1.0.3
685 silly fetch manifest call-bind@^1.0.9
686 silly fetch manifest es-object-atoms@^1.1.2
687 silly fetch manifest json5@^1.0.2
688 http fetch GET 200 https://registry.npmjs.org/define-properties 258ms (cache revalidated)
689 silly fetch manifest minimist@^1.2.6
690 silly fetch manifest strip-bom@^3.0.0
691 silly fetch manifest @types/json5@^0.0.29
692 http fetch GET 200 https://registry.npmjs.org/es-abstract 260ms (cache revalidated)
693 http fetch GET 200 https://registry.npmjs.org/call-bind 173ms (cache revalidated)
694 http fetch GET 200 https://registry.npmjs.org/es-abstract 183ms (cache revalidated)
695 http fetch GET 200 https://registry.npmjs.org/function-bind 180ms (cache revalidated)
696 http fetch GET 200 https://registry.npmjs.org/@types%2fjson5 160ms (cache revalidated)
697 http fetch GET 200 https://registry.npmjs.org/strip-bom 166ms (cache revalidated)
698 http fetch GET 200 https://registry.npmjs.org/json5 171ms (cache revalidated)
699 http fetch GET 200 https://registry.npmjs.org/minimist 182ms (cache revalidated)
700 silly placeDep ROOT call-bind@1.0.9 OK for: array-includes@3.1.9 want: ^1.0.8
701 silly placeDep ROOT call-bound@1.0.4 OK for: array-includes@3.1.9 want: ^1.0.4
702 silly placeDep ROOT define-properties@1.2.1 OK for: array-includes@3.1.9 want: ^1.2.1
703 silly placeDep ROOT es-abstract@1.24.2 OK for: array-includes@3.1.9 want: ^1.24.0
704 silly placeDep ROOT es-object-atoms@1.1.2 OK for: array-includes@3.1.9 want: ^1.1.1
705 silly placeDep ROOT get-intrinsic@1.3.0 OK for: array-includes@3.1.9 want: ^1.3.0
706 silly placeDep ROOT is-string@1.1.1 OK for: array-includes@3.1.9 want: ^1.1.1
707 silly placeDep ROOT math-intrinsics@1.1.0 OK for: array-includes@3.1.9 want: ^1.1.0
708 silly fetch manifest call-bind-apply-helpers@^1.0.2
709 silly fetch manifest es-define-property@^1.0.1
710 silly fetch manifest set-function-length@^1.2.2
711 silly fetch manifest define-data-property@^1.0.1
712 silly fetch manifest has-property-descriptors@^1.0.0
713 silly fetch manifest array-buffer-byte-length@^1.0.2
714 silly fetch manifest arraybuffer.prototype.slice@^1.0.4
715 silly fetch manifest available-typed-arrays@^1.0.7
716 silly fetch manifest data-view-buffer@^1.0.2
717 silly fetch manifest data-view-byte-length@^1.0.2
718 silly fetch manifest data-view-byte-offset@^1.0.1
719 silly fetch manifest es-set-tostringtag@^2.1.0
720 silly fetch manifest es-to-primitive@^1.3.0
721 http fetch GET 200 https://registry.npmjs.org/call-bind-apply-helpers 178ms (cache revalidated)
722 silly fetch manifest function.prototype.name@^1.1.8
723 silly fetch manifest get-proto@^1.0.1
724 http fetch GET 200 https://registry.npmjs.org/define-data-property 184ms (cache revalidated)
725 silly fetch manifest get-symbol-description@^1.1.0
726 http fetch GET 200 https://registry.npmjs.org/es-to-primitive 206ms (cache revalidated)
727 silly fetch manifest globalthis@^1.0.4
728 http fetch GET 200 https://registry.npmjs.org/data-view-byte-length 210ms (cache revalidated)
729 silly fetch manifest gopd@^1.2.0
730 http fetch GET 200 https://registry.npmjs.org/data-view-byte-offset 210ms (cache revalidated)
731 silly fetch manifest has-property-descriptors@^1.0.2
732 http fetch GET 200 https://registry.npmjs.org/has-property-descriptors 226ms (cache revalidated)
733 silly fetch manifest has-proto@^1.2.0
734 http fetch GET 200 https://registry.npmjs.org/available-typed-arrays 226ms (cache revalidated)
735 silly fetch manifest has-symbols@^1.1.0
736 http fetch GET 200 https://registry.npmjs.org/set-function-length 229ms (cache revalidated)
737 silly fetch manifest internal-slot@^1.1.0
738 http fetch GET 200 https://registry.npmjs.org/es-set-tostringtag 227ms (cache revalidated)
739 silly fetch manifest is-array-buffer@^3.0.5
740 http fetch GET 200 https://registry.npmjs.org/array-buffer-byte-length 231ms (cache revalidated)
741 silly fetch manifest is-callable@^1.2.7
742 http fetch GET 200 https://registry.npmjs.org/arraybuffer.prototype.slice 231ms (cache revalidated)
743 silly fetch manifest is-data-view@^1.0.2
744 http fetch GET 200 https://registry.npmjs.org/es-define-property 235ms (cache revalidated)
745 silly fetch manifest is-negative-zero@^2.0.3
746 silly fetch manifest is-regex@^1.2.1
747 http fetch GET 200 https://registry.npmjs.org/data-view-buffer 235ms (cache revalidated)
748 silly fetch manifest is-set@^2.0.3
749 http fetch GET 200 https://registry.npmjs.org/get-symbol-description 159ms (cache revalidated)
750 silly fetch manifest is-shared-array-buffer@^1.0.4
751 http fetch GET 200 https://registry.npmjs.org/function.prototype.name 170ms (cache revalidated)
752 silly fetch manifest is-typed-array@^1.1.15
753 http fetch GET 200 https://registry.npmjs.org/get-proto 181ms (cache revalidated)
754 silly fetch manifest is-weakref@^1.1.1
755 http fetch GET 200 https://registry.npmjs.org/globalthis 162ms (cache revalidated)
756 silly fetch manifest object-inspect@^1.13.4
757 http fetch GET 200 https://registry.npmjs.org/has-property-descriptors 170ms (cache revalidated)
758 silly fetch manifest object.assign@^4.1.7
759 http fetch GET 200 https://registry.npmjs.org/gopd 173ms (cache revalidated)
760 silly fetch manifest own-keys@^1.0.1
761 http fetch GET 200 https://registry.npmjs.org/has-proto 165ms (cache revalidated)
762 silly fetch manifest regexp.prototype.flags@^1.5.4
763 http fetch GET 200 https://registry.npmjs.org/has-symbols 166ms (cache revalidated)
764 silly fetch manifest safe-array-concat@^1.1.3
765 http fetch GET 200 https://registry.npmjs.org/is-callable 165ms (cache revalidated)
766 silly fetch manifest safe-push-apply@^1.0.0
767 http fetch GET 200 https://registry.npmjs.org/internal-slot 174ms (cache revalidated)
768 silly fetch manifest safe-regex-test@^1.1.0
769 silly fetch manifest set-proto@^1.0.0
770 http fetch GET 200 https://registry.npmjs.org/is-data-view 173ms (cache revalidated)
771 silly fetch manifest stop-iteration-iterator@^1.1.0
772 http fetch GET 200 https://registry.npmjs.org/is-array-buffer 177ms (cache revalidated)
773 silly fetch manifest string.prototype.trim@^1.2.10
774 http fetch GET 200 https://registry.npmjs.org/is-negative-zero 175ms (cache revalidated)
775 silly fetch manifest string.prototype.trimstart@^1.0.8
776 http fetch GET 200 https://registry.npmjs.org/is-regex 182ms (cache revalidated)
777 silly fetch manifest typed-array-buffer@^1.0.3
778 http fetch GET 200 https://registry.npmjs.org/is-set 185ms (cache revalidated)
779 silly fetch manifest typed-array-byte-length@^1.0.3
780 http fetch GET 200 https://registry.npmjs.org/is-shared-array-buffer 176ms (cache revalidated)
781 silly fetch manifest typed-array-byte-offset@^1.0.4
782 http fetch GET 200 https://registry.npmjs.org/is-typed-array 176ms (cache revalidated)
783 silly fetch manifest typed-array-length@^1.0.7
784 http fetch GET 200 https://registry.npmjs.org/object-inspect 159ms (cache revalidated)
785 silly fetch manifest unbox-primitive@^1.1.0
786 http fetch GET 200 https://registry.npmjs.org/is-weakref 183ms (cache revalidated)
787 silly fetch manifest which-typed-array@^1.1.19
788 http fetch GET 200 https://registry.npmjs.org/object.assign 161ms (cache revalidated)
789 silly fetch manifest has-tostringtag@^1.0.2
790 http fetch GET 200 https://registry.npmjs.org/own-keys 165ms (cache revalidated)
791 http fetch GET 200 https://registry.npmjs.org/safe-array-concat 157ms (cache revalidated)
792 http fetch GET 200 https://registry.npmjs.org/safe-push-apply 158ms (cache revalidated)
793 http fetch GET 200 https://registry.npmjs.org/regexp.prototype.flags 167ms (cache revalidated)
794 http fetch GET 200 https://registry.npmjs.org/set-proto 164ms (cache revalidated)
795 http fetch GET 200 https://registry.npmjs.org/stop-iteration-iterator 180ms (cache revalidated)
796 http fetch GET 200 https://registry.npmjs.org/string.prototype.trim 180ms (cache revalidated)
797 http fetch GET 200 https://registry.npmjs.org/string.prototype.trimstart 179ms (cache revalidated)
798 http fetch GET 200 https://registry.npmjs.org/typed-array-byte-length 172ms (cache revalidated)
799 http fetch GET 200 https://registry.npmjs.org/typed-array-buffer 182ms (cache revalidated)
800 http fetch GET 200 https://registry.npmjs.org/unbox-primitive 168ms (cache revalidated)
801 http fetch GET 200 https://registry.npmjs.org/typed-array-byte-offset 182ms (cache revalidated)
802 http fetch GET 200 https://registry.npmjs.org/has-tostringtag 158ms (cache revalidated)
803 http fetch GET 200 https://registry.npmjs.org/typed-array-length 180ms (cache revalidated)
804 http fetch GET 200 https://registry.npmjs.org/which-typed-array 185ms (cache revalidated)
805 silly placeDep ROOT es-errors@1.3.0 OK for: array.prototype.findlastindex@1.2.6 want: ^1.3.0
806 silly placeDep ROOT es-shim-unscopables@1.1.0 OK for: array.prototype.findlastindex@1.2.6 want: ^1.1.0
807 silly placeDep ROOT call-bind-apply-helpers@1.0.2 OK for: call-bind@1.0.9 want: ^1.0.2
808 silly placeDep ROOT es-define-property@1.0.1 OK for: call-bind@1.0.9 want: ^1.0.1
809 silly placeDep ROOT set-function-length@1.2.2 OK for: call-bind@1.0.9 want: ^1.2.2
810 silly fetch manifest define-data-property@^1.1.4
811 silly fetch manifest gopd@^1.0.1
812 silly placeDep ROOT function-bind@1.1.2 OK for: call-bind-apply-helpers@1.0.2 want: ^1.1.2
813 silly placeDep ROOT define-data-property@1.1.4 OK for: define-properties@1.2.1 want: ^1.0.1
814 silly placeDep ROOT has-property-descriptors@1.0.2 OK for: define-properties@1.2.1 want: ^1.0.0
815 silly placeDep ROOT object-keys@1.1.1 OK for: define-properties@1.2.1 want: ^1.1.1
816 silly placeDep ROOT gopd@1.2.0 OK for: define-data-property@1.1.4 want: ^1.0.1
817 silly placeDep ROOT array-buffer-byte-length@1.0.2 OK for: es-abstract@1.24.2 want: ^1.0.2
818 silly placeDep ROOT arraybuffer.prototype.slice@1.0.4 OK for: es-abstract@1.24.2 want: ^1.0.4
819 silly placeDep ROOT available-typed-arrays@1.0.7 OK for: es-abstract@1.24.2 want: ^1.0.7
820 silly placeDep ROOT data-view-buffer@1.0.2 OK for: es-abstract@1.24.2 want: ^1.0.2
821 silly placeDep ROOT data-view-byte-length@1.0.2 OK for: es-abstract@1.24.2 want: ^1.0.2
822 silly placeDep ROOT data-view-byte-offset@1.0.1 OK for: es-abstract@1.24.2 want: ^1.0.1
823 silly placeDep ROOT es-set-tostringtag@2.1.0 OK for: es-abstract@1.24.2 want: ^2.1.0
824 silly placeDep ROOT es-to-primitive@1.3.4 OK for: es-abstract@1.24.2 want: ^1.3.0
825 silly placeDep ROOT function.prototype.name@1.2.0 OK for: es-abstract@1.24.2 want: ^1.1.8
826 silly placeDep ROOT get-proto@1.0.1 OK for: es-abstract@1.24.2 want: ^1.0.1
827 silly placeDep ROOT get-symbol-description@1.1.0 OK for: es-abstract@1.24.2 want: ^1.1.0
828 silly placeDep ROOT globalthis@1.0.4 OK for: es-abstract@1.24.2 want: ^1.0.4
829 silly placeDep ROOT has-proto@1.2.0 OK for: es-abstract@1.24.2 want: ^1.2.0
830 silly placeDep ROOT has-symbols@1.1.0 OK for: es-abstract@1.24.2 want: ^1.1.0
831 silly placeDep ROOT internal-slot@1.1.0 OK for: es-abstract@1.24.2 want: ^1.1.0
832 silly placeDep ROOT is-array-buffer@3.0.5 OK for: es-abstract@1.24.2 want: ^3.0.5
833 silly placeDep ROOT is-callable@1.2.7 OK for: es-abstract@1.24.2 want: ^1.2.7
834 silly placeDep ROOT is-data-view@1.0.2 OK for: es-abstract@1.24.2 want: ^1.0.2
835 silly placeDep ROOT is-negative-zero@2.0.3 OK for: es-abstract@1.24.2 want: ^2.0.3
836 silly placeDep ROOT is-regex@1.2.1 OK for: es-abstract@1.24.2 want: ^1.2.1
837 silly placeDep ROOT is-set@2.0.3 OK for: es-abstract@1.24.2 want: ^2.0.3
838 silly placeDep ROOT is-shared-array-buffer@1.0.4 OK for: es-abstract@1.24.2 want: ^1.0.4
839 silly placeDep ROOT is-typed-array@1.1.15 OK for: es-abstract@1.24.2 want: ^1.1.15
840 silly placeDep ROOT is-weakref@1.1.1 OK for: es-abstract@1.24.2 want: ^1.1.1
841 silly placeDep ROOT object-inspect@1.13.4 OK for: es-abstract@1.24.2 want: ^1.13.4
842 silly placeDep ROOT object.assign@4.1.7 OK for: es-abstract@1.24.2 want: ^4.1.7
843 silly placeDep ROOT own-keys@1.0.1 OK for: es-abstract@1.24.2 want: ^1.0.1
844 silly placeDep ROOT regexp.prototype.flags@1.5.4 OK for: es-abstract@1.24.2 want: ^1.5.4
845 silly placeDep ROOT safe-array-concat@1.1.4 OK for: es-abstract@1.24.2 want: ^1.1.3
846 silly placeDep ROOT safe-push-apply@1.0.0 OK for: es-abstract@1.24.2 want: ^1.0.0
847 silly placeDep ROOT safe-regex-test@1.1.0 OK for: es-abstract@1.24.2 want: ^1.1.0
848 silly placeDep ROOT set-proto@1.0.0 OK for: es-abstract@1.24.2 want: ^1.0.0
849 silly placeDep ROOT stop-iteration-iterator@1.1.0 OK for: es-abstract@1.24.2 want: ^1.1.0
850 silly placeDep ROOT string.prototype.trim@1.2.11 OK for: es-abstract@1.24.2 want: ^1.2.10
851 silly placeDep ROOT string.prototype.trimstart@1.0.8 OK for: es-abstract@1.24.2 want: ^1.0.8
852 silly placeDep ROOT typed-array-buffer@1.0.3 OK for: es-abstract@1.24.2 want: ^1.0.3
853 silly placeDep ROOT typed-array-byte-length@1.0.3 OK for: es-abstract@1.24.2 want: ^1.0.3
854 silly placeDep ROOT typed-array-byte-offset@1.0.4 OK for: es-abstract@1.24.2 want: ^1.0.4
855 silly placeDep ROOT typed-array-length@1.0.8 OK for: es-abstract@1.24.2 want: ^1.0.7
856 silly placeDep ROOT unbox-primitive@1.1.0 OK for: es-abstract@1.24.2 want: ^1.1.0
857 silly placeDep ROOT which-typed-array@1.1.22 OK for: es-abstract@1.24.2 want: ^1.1.19
858 silly fetch manifest is-array-buffer@^3.0.4
859 silly fetch manifest possible-typed-array-names@^1.0.0
860 silly fetch manifest is-data-view@^1.0.1
861 silly fetch manifest is-symbol@^1.1.1
862 silly fetch manifest is-date-object@^1.1.0
863 silly fetch manifest es-abstract-get@^1.0.0
864 silly fetch manifest is-document.all@^1.0.0
865 silly fetch manifest functions-have-names@^1.2.3
866 silly fetch manifest dunder-proto@^1.0.1
867 silly fetch manifest dunder-proto@^1.0.0
868 silly fetch manifest side-channel@^1.1.0
869 silly fetch manifest is-typed-array@^1.1.13
870 silly fetch manifest which-typed-array@^1.1.16
871 silly fetch manifest set-function-name@^2.0.2
872 silly fetch manifest isarray@^2.0.5
873 silly fetch manifest for-each@^0.3.3
874 http fetch GET 200 https://registry.npmjs.org/is-document.all 173ms (cache revalidated)
875 silly fetch manifest reflect.getprototypeof@^1.0.9
876 http fetch GET 200 https://registry.npmjs.org/is-symbol 180ms (cache revalidated)
877 silly fetch manifest for-each@^0.3.5
878 http fetch GET 200 https://registry.npmjs.org/dunder-proto 221ms (cache revalidated)
879 silly fetch manifest possible-typed-array-names@^1.1.0
880 http fetch GET 200 https://registry.npmjs.org/es-abstract-get 225ms (cache revalidated)
881 silly fetch manifest reflect.getprototypeof@^1.0.10
882 http fetch GET 200 https://registry.npmjs.org/possible-typed-array-names 227ms (cache revalidated)
883 silly fetch manifest has-bigints@^1.0.2
884 http fetch GET 200 https://registry.npmjs.org/set-function-name 224ms (cache revalidated)
885 silly fetch manifest which-boxed-primitive@^1.1.1
886 http fetch GET 200 https://registry.npmjs.org/is-date-object 229ms (cache revalidated)
887 http fetch GET 200 https://registry.npmjs.org/side-channel 227ms (cache revalidated)
888 http fetch GET 200 https://registry.npmjs.org/dunder-proto 230ms (cache revalidated)
889 http fetch GET 200 https://registry.npmjs.org/functions-have-names 230ms (cache revalidated)
890 http fetch GET 200 https://registry.npmjs.org/isarray 228ms (cache revalidated)
891 http fetch GET 200 https://registry.npmjs.org/for-each 229ms (cache revalidated)
892 http fetch GET 200 https://registry.npmjs.org/possible-typed-array-names 14ms (cache hit)
893 http fetch GET 200 https://registry.npmjs.org/reflect.getprototypeof 156ms (cache revalidated)
894 http fetch GET 200 https://registry.npmjs.org/for-each 170ms (cache revalidated)
895 http fetch GET 200 https://registry.npmjs.org/which-boxed-primitive 170ms (cache revalidated)
896 http fetch GET 200 https://registry.npmjs.org/has-bigints 175ms (cache revalidated)
897 http fetch GET 200 https://registry.npmjs.org/reflect.getprototypeof 192ms (cache revalidated)
898 silly placeDep ROOT possible-typed-array-names@1.1.0 OK for: available-typed-arrays@1.0.7 want: ^1.0.0
899 silly placeDep ROOT has-tostringtag@1.0.2 OK for: es-set-tostringtag@2.1.0 want: ^1.0.2
900 silly placeDep ROOT es-abstract-get@1.0.0 OK for: es-to-primitive@1.3.4 want: ^1.0.0
901 silly placeDep ROOT is-date-object@1.1.0 OK for: es-to-primitive@1.3.4 want: ^1.1.0
902 silly placeDep ROOT is-symbol@1.1.1 OK for: es-to-primitive@1.3.4 want: ^1.1.1
903 silly placeDep node_modules/eslint-module-utils debug@3.2.7 OK for: eslint-module-utils@2.14.0 want: ^3.2.7
904 silly placeDep ROOT aria-query@5.3.2 OK for: eslint-plugin-jsx-a11y@6.10.2 want: ^5.3.2
905 silly placeDep ROOT ast-types-flow@0.0.8 OK for: eslint-plugin-jsx-a11y@6.10.2 want: ^0.0.8
906 silly placeDep ROOT axe-core@4.12.1 OK for: eslint-plugin-jsx-a11y@6.10.2 want: ^4.10.0
907 silly placeDep ROOT axobject-query@4.1.0 OK for: eslint-plugin-jsx-a11y@6.10.2 want: ^4.1.0
908 silly placeDep ROOT damerau-levenshtein@1.0.8 OK for: eslint-plugin-jsx-a11y@6.10.2 want: ^1.0.8
909 silly placeDep ROOT emoji-regex@9.2.2 OK for: eslint-plugin-jsx-a11y@6.10.2 want: ^9.2.2
910 silly placeDep ROOT jsx-ast-utils@3.3.5 OK for: eslint-plugin-jsx-a11y@6.10.2 want: ^3.3.5
911 silly placeDep ROOT language-tags@1.0.9 OK for: eslint-plugin-jsx-a11y@6.10.2 want: ^1.0.9
912 silly placeDep ROOT string.prototype.includes@2.0.1 OK for: eslint-plugin-jsx-a11y@6.10.2 want: ^2.0.1
913 silly fetch manifest language-subtag-registry@^0.3.20
914 http fetch GET 200 https://registry.npmjs.org/language-subtag-registry 302ms (cache revalidated)
915 silly placeDep ROOT array.prototype.findlast@1.2.5 OK for: eslint-plugin-react@7.37.5 want: ^1.2.5
916 silly placeDep ROOT array.prototype.tosorted@1.1.4 OK for: eslint-plugin-react@7.37.5 want: ^1.1.4
917 silly placeDep ROOT es-iterator-helpers@1.4.0 OK for: eslint-plugin-react@7.37.5 want: ^1.2.1
918 silly placeDep ROOT estraverse@5.3.0 OK for: eslint-plugin-react@7.37.5 want: ^5.3.0
919 silly placeDep ROOT object.entries@1.1.9 OK for: eslint-plugin-react@7.37.5 want: ^1.1.9
920 silly placeDep ROOT prop-types@15.8.1 OK for: eslint-plugin-react@7.37.5 want: ^15.8.1
921 silly placeDep ROOT string.prototype.matchall@4.0.12 OK for: eslint-plugin-react@7.37.5 want: ^4.0.12
922 silly placeDep ROOT string.prototype.repeat@1.0.0 OK for: eslint-plugin-react@7.37.5 want: ^1.0.0
923 silly fetch manifest iterator.prototype@^1.1.5
924 silly fetch manifest loose-envify@^1.4.0
925 silly fetch manifest object-assign@^4.1.1
926 silly fetch manifest react-is@^16.13.1
927 http fetch GET 200 https://registry.npmjs.org/object-assign 153ms (cache revalidated)
928 http fetch GET 200 https://registry.npmjs.org/iterator.prototype 160ms (cache revalidated)
929 http fetch GET 200 https://registry.npmjs.org/loose-envify 164ms (cache revalidated)
930 http fetch GET 200 https://registry.npmjs.org/react-is 176ms (cache revalidated)
931 silly placeDep ROOT iterator.prototype@1.1.5 OK for: es-iterator-helpers@1.4.0 want: ^1.1.5
932 silly placeDep ROOT @babel/core@7.29.7 OK for: eslint-plugin-react-hooks@7.1.1 want: ^7.24.4
933 silly placeDep ROOT @babel/parser@7.29.7 OK for: eslint-plugin-react-hooks@7.1.1 want: ^7.24.4
934 silly placeDep ROOT hermes-parser@0.25.1 OK for: eslint-plugin-react-hooks@7.1.1 want: ^0.25.1
935 silly placeDep ROOT zod@4.4.3 OK for: eslint-plugin-react-hooks@7.1.1 want: ^3.25.0 || ^4.0.0
936 silly placeDep ROOT zod-validation-error@4.0.2 OK for: eslint-plugin-react-hooks@7.1.1 want: ^3.5.0 || ^4.0.0
937 silly fetch manifest json5@^2.2.3
938 silly fetch manifest gensync@^1.0.0-beta.2
939 silly fetch manifest @babel/types@^7.29.7
940 silly fetch manifest @babel/parser@^7.29.7
941 silly fetch manifest @babel/helpers@^7.29.7
942 silly fetch manifest @babel/template@^7.29.7
943 silly fetch manifest @babel/traverse@^7.29.7
944 silly fetch manifest @babel/generator@^7.29.7
945 silly fetch manifest @babel/code-frame@^7.29.7
946 silly fetch manifest convert-source-map@^2.0.0
947 silly fetch manifest @babel/helper-module-transforms@^7.29.7
948 silly fetch manifest @babel/helper-compilation-targets@^7.29.7
949 silly fetch manifest hermes-estree@0.25.1
950 http fetch GET 200 https://registry.npmjs.org/gensync 186ms (cache revalidated)
951 http fetch GET 200 https://registry.npmjs.org/@babel%2ftemplate 186ms (cache revalidated)
952 http fetch GET 200 https://registry.npmjs.org/hermes-estree 187ms (cache revalidated)
953 http fetch GET 200 https://registry.npmjs.org/@babel%2fcode-frame 195ms (cache revalidated)
954 http fetch GET 200 https://registry.npmjs.org/@babel%2fhelper-compilation-targets 198ms (cache revalidated)
955 http fetch GET 200 https://registry.npmjs.org/@babel%2ftypes 205ms (cache revalidated)
956 http fetch GET 200 https://registry.npmjs.org/@babel%2ftraverse 210ms (cache revalidated)
957 http fetch GET 200 https://registry.npmjs.org/@babel%2fhelper-module-transforms 215ms (cache revalidated)
958 http fetch GET 200 https://registry.npmjs.org/@babel%2fhelpers 220ms (cache revalidated)
959 http fetch GET 200 https://registry.npmjs.org/@babel%2fgenerator 224ms (cache revalidated)
960 http fetch GET 200 https://registry.npmjs.org/convert-source-map 231ms (cache revalidated)
961 silly fetch manifest @babel/core@^7.0.0
962 silly placeDep ROOT @babel/code-frame@7.29.7 OK for: @babel/core@7.29.7 want: ^7.29.7
963 silly placeDep ROOT @babel/generator@7.29.7 OK for: @babel/core@7.29.7 want: ^7.29.7
964 silly placeDep ROOT @babel/helper-compilation-targets@7.29.7 OK for: @babel/core@7.29.7 want: ^7.29.7
965 silly placeDep ROOT @babel/helper-module-transforms@7.29.7 OK for: @babel/core@7.29.7 want: ^7.29.7
966 silly placeDep ROOT @babel/helpers@7.29.7 OK for: @babel/core@7.29.7 want: ^7.29.7
967 silly placeDep ROOT @babel/template@7.29.7 OK for: @babel/core@7.29.7 want: ^7.29.7
968 silly placeDep ROOT @babel/traverse@7.29.7 OK for: @babel/core@7.29.7 want: ^7.29.7
969 silly placeDep ROOT @babel/types@7.29.7 OK for: @babel/core@7.29.7 want: ^7.29.7
970 silly placeDep ROOT convert-source-map@2.0.0 OK for: @babel/core@7.29.7 want: ^2.0.0
971 silly placeDep ROOT gensync@1.0.0-beta.2 OK for: @babel/core@7.29.7 want: ^1.0.0-beta.2
972 silly placeDep ROOT json5@2.2.3 OK for: @babel/core@7.29.7 want: ^2.2.3
973 silly fetch manifest js-tokens@^4.0.0
974 silly fetch manifest @babel/helper-validator-identifier@^7.29.7
975 silly fetch manifest jsesc@^3.0.2
976 silly fetch manifest lru-cache@^5.1.1
977 silly fetch manifest browserslist@^4.24.0
978 silly fetch manifest @babel/compat-data@^7.29.7
979 silly fetch manifest @babel/helper-validator-option@^7.29.7
980 silly fetch manifest @babel/helper-module-imports@^7.29.7
981 silly fetch manifest @babel/helper-globals@^7.29.7
982 silly fetch manifest @babel/helper-string-parser@^7.29.7
983 http fetch GET 200 https://registry.npmjs.org/jsesc 169ms (cache revalidated)
984 http fetch GET 200 https://registry.npmjs.org/js-tokens 171ms (cache revalidated)
985 http fetch GET 200 https://registry.npmjs.org/lru-cache 174ms (cache revalidated)
986 http fetch GET 200 https://registry.npmjs.org/@babel%2fcompat-data 180ms (cache revalidated)
987 http fetch GET 200 https://registry.npmjs.org/browserslist 185ms (cache revalidated)
988 http fetch GET 200 https://registry.npmjs.org/@babel%2fhelper-validator-identifier 194ms (cache revalidated)
989 http fetch GET 200 https://registry.npmjs.org/@babel%2fhelper-module-imports 195ms (cache revalidated)
990 http fetch GET 200 https://registry.npmjs.org/@babel%2fhelper-string-parser 199ms (cache revalidated)
991 http fetch GET 200 https://registry.npmjs.org/@babel%2fhelper-globals 201ms (cache revalidated)
992 http fetch GET 200 https://registry.npmjs.org/@babel%2fhelper-validator-option 205ms (cache revalidated)
993 silly placeDep ROOT @babel/helper-validator-identifier@7.29.7 OK for: @babel/code-frame@7.29.7 want: ^7.29.7
994 silly placeDep ROOT js-tokens@4.0.0 OK for: @babel/code-frame@7.29.7 want: ^4.0.0
995 silly placeDep ROOT picocolors@1.1.1 OK for: @babel/code-frame@7.29.7 want: ^1.1.1
996 silly placeDep ROOT jsesc@3.1.0 OK for: @babel/generator@7.29.7 want: ^3.0.2
997 silly placeDep ROOT @babel/compat-data@7.29.7 OK for: @babel/helper-compilation-targets@7.29.7 want: ^7.29.7
998 silly placeDep ROOT @babel/helper-validator-option@7.29.7 OK for: @babel/helper-compilation-targets@7.29.7 want: ^7.29.7
999 silly placeDep ROOT browserslist@4.28.6 OK for: @babel/helper-compilation-targets@7.29.7 want: ^4.24.0
1000 silly placeDep ROOT lru-cache@5.1.1 OK for: @babel/helper-compilation-targets@7.29.7 want: ^5.1.1
1001 silly fetch manifest caniuse-lite@^1.0.30001803
1002 silly fetch manifest node-releases@^2.0.51
1003 silly fetch manifest electron-to-chromium@^1.5.389
1004 silly fetch manifest update-browserslist-db@^1.2.3
1005 silly fetch manifest baseline-browser-mapping@^2.10.42
1006 silly fetch manifest yallist@^3.0.2
1007 http fetch GET 200 https://registry.npmjs.org/electron-to-chromium 199ms (cache revalidated)
1008 http fetch GET 200 https://registry.npmjs.org/yallist 241ms (cache revalidated)
1009 http fetch GET 200 https://registry.npmjs.org/update-browserslist-db 242ms (cache revalidated)
1010 http fetch GET 200 https://registry.npmjs.org/node-releases 245ms (cache revalidated)
1011 silly placeDep ROOT @babel/helper-module-imports@7.29.7 OK for: @babel/helper-module-transforms@7.29.7 want: ^7.29.7
1012 silly placeDep ROOT @babel/helper-globals@7.29.7 OK for: @babel/traverse@7.29.7 want: ^7.29.7
1013 silly placeDep ROOT @babel/helper-string-parser@7.29.7 OK for: @babel/types@7.29.7 want: ^7.29.7
1014 silly fetch manifest browserslist@>= 4.21.0
1015 silly placeDep ROOT baseline-browser-mapping@2.10.43 OK for: browserslist@4.28.6 want: ^2.10.42
1016 silly placeDep ROOT caniuse-lite@1.0.30001806 OK for: browserslist@4.28.6 want: ^1.0.30001803
1017 silly placeDep ROOT electron-to-chromium@1.5.393 OK for: browserslist@4.28.6 want: ^1.5.389
1018 silly placeDep ROOT node-releases@2.0.51 OK for: browserslist@4.28.6 want: ^2.0.51
1019 silly placeDep ROOT update-browserslist-db@1.2.3 OK for: browserslist@4.28.6 want: ^1.2.3
1020 silly fetch manifest escalade@^3.2.0
1021 http fetch GET 200 https://registry.npmjs.org/escalade 200ms (cache revalidated)
1022 silly placeDep ROOT esrecurse@4.3.0 OK for: eslint-scope@8.4.0 want: ^4.3.0
1023 silly placeDep ROOT acorn@8.17.0 OK for: espree@10.4.0 want: ^8.15.0
1024 silly placeDep ROOT acorn-jsx@5.3.2 OK for: espree@10.4.0 want: ^5.3.2
1025 silly placeDep ROOT @nodelib/fs.stat@2.0.5 OK for: fast-glob@3.3.1 want: ^2.0.2
1026 silly placeDep ROOT @nodelib/fs.walk@1.2.8 OK for: fast-glob@3.3.1 want: ^1.2.3
1027 silly placeDep node_modules/fast-glob glob-parent@5.1.2 OK for: fast-glob@3.3.1 want: ^5.1.2
1028 silly placeDep ROOT merge2@1.4.1 OK for: fast-glob@3.3.1 want: ^1.3.0
1029 silly placeDep ROOT micromatch@4.0.8 OK for: fast-glob@3.3.1 want: ^4.0.4
1030 silly fetch manifest fastq@^1.6.0
1031 silly fetch manifest @nodelib/fs.scandir@2.1.5
1032 silly fetch manifest braces@^3.0.3
1033 silly fetch manifest picomatch@^2.3.1
1034 http fetch GET 200 https://registry.npmjs.org/fastq 170ms (cache revalidated)
1035 http fetch GET 200 https://registry.npmjs.org/braces 173ms (cache revalidated)
1036 http fetch GET 200 https://registry.npmjs.org/@nodelib%2ffs.scandir 200ms (cache revalidated)
1037 silly placeDep ROOT @nodelib/fs.scandir@2.1.5 OK for: @nodelib/fs.walk@1.2.8 want: 2.1.5
1038 silly placeDep ROOT fastq@1.20.1 OK for: @nodelib/fs.walk@1.2.8 want: ^1.6.0
1039 silly fetch manifest run-parallel@^1.1.9
1040 silly fetch manifest reusify@^1.0.4
1041 http fetch GET 200 https://registry.npmjs.org/run-parallel 185ms (cache revalidated)
1042 http fetch GET 200 https://registry.npmjs.org/reusify 186ms (cache revalidated)
1043 silly placeDep ROOT run-parallel@1.2.0 OK for: @nodelib/fs.scandir@2.1.5 want: ^1.1.9
1044 silly fetch manifest queue-microtask@^1.2.2
1045 http fetch GET 200 https://registry.npmjs.org/queue-microtask 163ms (cache revalidated)
1046 silly placeDep ROOT reusify@1.1.0 OK for: fastq@1.20.1 want: ^1.0.4
1047 silly placeDep ROOT flat-cache@4.0.1 OK for: file-entry-cache@8.0.0 want: ^4.0.0
1048 silly fetch manifest keyv@^4.5.4
1049 silly fetch manifest flatted@^3.2.9
1050 http fetch GET 200 https://registry.npmjs.org/keyv 183ms (cache revalidated)
1051 http fetch GET 200 https://registry.npmjs.org/flatted 186ms (cache revalidated)
1052 silly placeDep ROOT locate-path@6.0.0 OK for: find-up@5.0.0 want: ^6.0.0
1053 silly placeDep ROOT path-exists@4.0.0 OK for: find-up@5.0.0 want: ^4.0.0
1054 silly fetch manifest p-locate@^5.0.0
1055 http fetch GET 200 https://registry.npmjs.org/p-locate 182ms (cache revalidated)
1056 silly placeDep ROOT flatted@3.4.2 OK for: flat-cache@4.0.1 want: ^3.2.9
1057 silly placeDep ROOT keyv@4.5.4 OK for: flat-cache@4.0.1 want: ^4.5.4
1058 silly fetch manifest json-buffer@3.0.1
1059 http fetch GET 200 https://registry.npmjs.org/json-buffer 163ms (cache revalidated)
1060 silly placeDep ROOT functions-have-names@1.2.3 OK for: function.prototype.name@1.2.0 want: ^1.2.3
1061 silly placeDep ROOT is-document.all@1.0.0 OK for: function.prototype.name@1.2.0 want: ^1.0.0
1062 silly placeDep ROOT dunder-proto@1.0.1 OK for: get-proto@1.0.1 want: ^1.0.1
1063 silly placeDep ROOT resolve-pkg-maps@1.0.0 OK for: get-tsconfig@4.14.0 want: ^1.0.0
1064 silly placeDep ROOT hermes-estree@0.25.1 OK for: hermes-parser@0.25.1 want: 0.25.1
1065 silly placeDep ROOT parent-module@1.0.1 OK for: import-fresh@3.3.1 want: ^1.0.0
1066 silly placeDep ROOT resolve-from@4.0.0 OK for: import-fresh@3.3.1 want: ^4.0.0
1067 silly fetch manifest callsites@^3.0.0
1068 http fetch GET 200 https://registry.npmjs.org/callsites 166ms (cache revalidated)
1069 silly placeDep ROOT side-channel@1.1.1 OK for: internal-slot@1.1.0 want: ^1.1.0
1070 silly fetch manifest side-channel-list@^1.0.1
1071 silly fetch manifest side-channel-map@^1.0.1
1072 silly fetch manifest side-channel-weakmap@^1.0.2
1073 http fetch GET 200 https://registry.npmjs.org/side-channel-map 157ms (cache revalidated)
1074 http fetch GET 200 https://registry.npmjs.org/side-channel-list 171ms (cache revalidated)
1075 http fetch GET 200 https://registry.npmjs.org/side-channel-weakmap 177ms (cache revalidated)
1076 silly placeDep node_modules/is-bun-module semver@7.8.5 OK for: is-bun-module@2.0.0 want: ^7.7.1
1077 silly placeDep ROOT is-extglob@2.1.1 OK for: is-glob@4.0.3 want: ^2.1.1
1078 silly placeDep ROOT set-function-name@2.0.2 OK for: iterator.prototype@1.1.5 want: ^2.0.2
1079 silly placeDep ROOT argparse@2.0.1 OK for: js-yaml@4.3.0 want: ^2.0.1
1080 silly placeDep ROOT json-buffer@3.0.1 OK for: keyv@4.5.4 want: 3.0.1
1081 silly placeDep ROOT language-subtag-registry@0.3.23 OK for: language-tags@1.0.9 want: ^0.3.20
1082 silly placeDep ROOT prelude-ls@1.2.1 OK for: levn@0.4.1 want: ^1.2.1
1083 silly placeDep ROOT type-check@0.4.0 OK for: levn@0.4.1 want: ~0.4.0
1084 silly placeDep ROOT detect-libc@2.1.2 OK for: lightningcss@1.32.0 want: ^2.0.3
1085 silly placeDep ROOT lightningcss-android-arm64@1.32.0 OK for: lightningcss@1.32.0 want: 1.32.0
1086 silly placeDep ROOT lightningcss-darwin-arm64@1.32.0 OK for: lightningcss@1.32.0 want: 1.32.0
1087 silly placeDep ROOT lightningcss-darwin-x64@1.32.0 OK for: lightningcss@1.32.0 want: 1.32.0
1088 silly placeDep ROOT lightningcss-freebsd-x64@1.32.0 OK for: lightningcss@1.32.0 want: 1.32.0
1089 silly placeDep ROOT lightningcss-linux-arm-gnueabihf@1.32.0 OK for: lightningcss@1.32.0 want: 1.32.0
1090 silly placeDep ROOT lightningcss-linux-arm64-gnu@1.32.0 OK for: lightningcss@1.32.0 want: 1.32.0
1091 silly placeDep ROOT lightningcss-linux-arm64-musl@1.32.0 OK for: lightningcss@1.32.0 want: 1.32.0
1092 silly placeDep ROOT lightningcss-linux-x64-gnu@1.32.0 OK for: lightningcss@1.32.0 want: 1.32.0
1093 silly placeDep ROOT lightningcss-linux-x64-musl@1.32.0 OK for: lightningcss@1.32.0 want: 1.32.0
1094 silly placeDep ROOT lightningcss-win32-arm64-msvc@1.32.0 OK for: lightningcss@1.32.0 want: 1.32.0
1095 silly placeDep ROOT lightningcss-win32-x64-msvc@1.32.0 OK for: lightningcss@1.32.0 want: 1.32.0
1096 silly placeDep ROOT p-locate@5.0.0 OK for: locate-path@6.0.0 want: ^5.0.0
1097 silly fetch manifest p-limit@^3.0.2
1098 http fetch GET 200 https://registry.npmjs.org/p-limit 178ms (cache revalidated)
1099 silly placeDep ROOT yallist@3.1.1 OK for: lru-cache@5.1.1 want: ^3.0.2
1100 silly placeDep ROOT braces@3.0.3 OK for: micromatch@4.0.8 want: ^3.0.3
1101 silly placeDep ROOT picomatch@2.3.2 OK for: micromatch@4.0.8 want: ^2.3.1
1102 silly fetch manifest fill-range@^7.1.1
1103 http fetch GET 200 https://registry.npmjs.org/fill-range 168ms (cache revalidated)
1104 silly placeDep ROOT fill-range@7.1.1 OK for: braces@3.0.3 want: ^7.1.1
1105 silly fetch manifest to-regex-range@^5.0.1
1106 http fetch GET 200 https://registry.npmjs.org/to-regex-range 158ms (cache revalidated)
1107 silly placeDep ROOT to-regex-range@5.0.1 OK for: fill-range@7.1.1 want: ^5.0.1
1108 silly fetch manifest is-number@^7.0.0
1109 http fetch GET 200 https://registry.npmjs.org/is-number 162ms (cache revalidated)
1110 silly placeDep ROOT brace-expansion@1.1.16 OK for: minimatch@3.1.5 want: ^1.1.7
1111 silly fetch manifest concat-map@0.0.1
1112 silly fetch manifest balanced-match@^1.0.0
1113 http fetch GET 200 https://registry.npmjs.org/concat-map 184ms (cache revalidated)
1114 http fetch GET 200 https://registry.npmjs.org/balanced-match 188ms (cache revalidated)
1115 silly placeDep ROOT balanced-match@1.0.2 OK for: brace-expansion@1.1.16 want: ^1.0.0
1116 silly placeDep ROOT concat-map@0.0.1 OK for: brace-expansion@1.1.16 want: 0.0.1
1117 silly fetch manifest react@^18.2.0 || 19.0.0-rc-de68d2f4-20241204 || ^19.0.0
1118 silly placeDep ROOT @next/env@16.2.10 OK for: next@16.2.10 want: 16.2.10
1119 silly placeDep ROOT @next/swc-darwin-arm64@16.2.10 OK for: next@16.2.10 want: 16.2.10
1120 silly placeDep ROOT @next/swc-darwin-x64@16.2.10 OK for: next@16.2.10 want: 16.2.10
1121 silly placeDep ROOT @next/swc-linux-arm64-gnu@16.2.10 OK for: next@16.2.10 want: 16.2.10
1122 silly placeDep ROOT @next/swc-linux-arm64-musl@16.2.10 OK for: next@16.2.10 want: 16.2.10
1123 silly placeDep ROOT @next/swc-linux-x64-gnu@16.2.10 OK for: next@16.2.10 want: 16.2.10
1124 silly placeDep ROOT @next/swc-linux-x64-musl@16.2.10 OK for: next@16.2.10 want: 16.2.10
1125 silly placeDep ROOT @next/swc-win32-arm64-msvc@16.2.10 OK for: next@16.2.10 want: 16.2.10
1126 silly placeDep ROOT @next/swc-win32-x64-msvc@16.2.10 OK for: next@16.2.10 want: 16.2.10
1127 silly placeDep ROOT @swc/helpers@0.5.15 OK for: next@16.2.10 want: 0.5.15
1128 silly placeDep node_modules/next postcss@8.4.31 OK for: next@16.2.10 want: 8.4.31
1129 silly placeDep ROOT sharp@0.34.5 OK for: next@16.2.10 want: ^0.34.5
1130 silly placeDep ROOT styled-jsx@5.1.6 OK for: next@16.2.10 want: 5.1.6
1131 silly fetch manifest tslib@^2.8.0
1132 silly fetch manifest nanoid@^3.3.6
1133 silly fetch manifest semver@^7.7.3
1134 silly fetch manifest @img/colour@^1.0.0
1135 silly fetch manifest @img/sharp-wasm32@0.34.5
1136 silly fetch manifest @img/sharp-linux-arm@0.34.5
1137 silly fetch manifest @img/sharp-linux-x64@0.34.5
1138 silly fetch manifest @img/sharp-win32-x64@0.34.5
1139 silly fetch manifest @img/sharp-darwin-x64@0.34.5
1140 silly fetch manifest @img/sharp-win32-ia32@0.34.5
1141 silly fetch manifest @img/sharp-linux-arm64@0.34.5
1142 silly fetch manifest @img/sharp-linux-ppc64@0.34.5
1143 silly fetch manifest @img/sharp-linux-s390x@0.34.5
1144 silly fetch manifest @img/sharp-win32-arm64@0.34.5
1145 silly fetch manifest @img/sharp-darwin-arm64@0.34.5
1146 silly fetch manifest @img/sharp-linux-riscv64@0.34.5
1147 silly fetch manifest @img/sharp-linuxmusl-x64@0.34.5
1148 http fetch GET 200 https://registry.npmjs.org/@img%2fcolour 176ms (cache revalidated)
1149 silly fetch manifest @img/sharp-linuxmusl-arm64@0.34.5
1150 http fetch GET 200 https://registry.npmjs.org/@img%2fsharp-wasm32 179ms (cache revalidated)
1151 silly fetch manifest @img/sharp-libvips-linux-arm@1.2.4
1152 http fetch GET 200 https://registry.npmjs.org/tslib 185ms (cache revalidated)
1153 silly fetch manifest @img/sharp-libvips-linux-x64@1.2.4
1154 http fetch GET 200 https://registry.npmjs.org/@img%2fsharp-linux-x64 188ms (cache revalidated)
1155 silly fetch manifest @img/sharp-libvips-darwin-x64@1.2.4
1156 http fetch GET 200 https://registry.npmjs.org/@img%2fsharp-win32-x64 193ms (cache revalidated)
1157 silly fetch manifest @img/sharp-libvips-linux-arm64@1.2.4
1158 http fetch GET 200 https://registry.npmjs.org/@img%2fsharp-linux-arm64 199ms (cache revalidated)
1159 silly fetch manifest @img/sharp-libvips-linux-ppc64@1.2.4
1160 http fetch GET 200 https://registry.npmjs.org/@img%2fsharp-darwin-x64 205ms (cache revalidated)
1161 silly fetch manifest @img/sharp-libvips-linux-s390x@1.2.4
1162 http fetch GET 200 https://registry.npmjs.org/@img%2fsharp-darwin-arm64 205ms (cache revalidated)
1163 silly fetch manifest @img/sharp-libvips-darwin-arm64@1.2.4
1164 http fetch GET 200 https://registry.npmjs.org/@img%2fsharp-linux-riscv64 208ms (cache revalidated)
1165 silly fetch manifest @img/sharp-libvips-linux-riscv64@1.2.4
1166 http fetch GET 200 https://registry.npmjs.org/@img%2fsharp-linux-s390x 213ms (cache revalidated)
1167 silly fetch manifest @img/sharp-libvips-linuxmusl-x64@1.2.4
1168 http fetch GET 200 https://registry.npmjs.org/@img%2fsharp-linux-arm 216ms (cache revalidated)
1169 silly fetch manifest @img/sharp-libvips-linuxmusl-arm64@1.2.4
1170 http fetch GET 200 https://registry.npmjs.org/@img%2fsharp-linuxmusl-x64 214ms (cache revalidated)
1171 silly fetch manifest client-only@0.0.1
1172 http fetch GET 200 https://registry.npmjs.org/@img%2fsharp-linux-ppc64 220ms (cache revalidated)
1173 http fetch GET 200 https://registry.npmjs.org/@img%2fsharp-win32-arm64 234ms (cache revalidated)
1174 http fetch GET 200 https://registry.npmjs.org/@img%2fsharp-win32-ia32 347ms (cache revalidated)
1175 http fetch GET 200 https://registry.npmjs.org/@img%2fsharp-linuxmusl-arm64 213ms (cache revalidated)
1176 http fetch GET 200 https://registry.npmjs.org/@img%2fsharp-libvips-linux-arm 213ms (cache revalidated)
1177 http fetch GET 200 https://registry.npmjs.org/@img%2fsharp-libvips-darwin-x64 205ms (cache revalidated)
1178 http fetch GET 200 https://registry.npmjs.org/@img%2fsharp-libvips-linux-arm64 202ms (cache revalidated)
1179 http fetch GET 200 https://registry.npmjs.org/client-only 180ms (cache revalidated)
1180 http fetch GET 200 https://registry.npmjs.org/@img%2fsharp-libvips-linux-s390x 195ms (cache revalidated)
1181 http fetch GET 200 https://registry.npmjs.org/@img%2fsharp-libvips-linux-riscv64 191ms (cache revalidated)
1182 http fetch GET 200 https://registry.npmjs.org/@img%2fsharp-libvips-linuxmusl-x64 190ms (cache revalidated)
1183 http fetch GET 200 https://registry.npmjs.org/@img%2fsharp-libvips-linux-x64 221ms (cache revalidated)
1184 http fetch GET 200 https://registry.npmjs.org/@img%2fsharp-libvips-darwin-arm64 206ms (cache revalidated)
1185 http fetch GET 200 https://registry.npmjs.org/@img%2fsharp-libvips-linuxmusl-arm64 201ms (cache revalidated)
1186 http fetch GET 200 https://registry.npmjs.org/@img%2fsharp-libvips-linux-ppc64 352ms (cache revalidated)
1187 silly placeDep ROOT tslib@2.8.1 OK for: @swc/helpers@0.5.15 want: ^2.8.0
1188 silly placeDep ROOT deep-is@0.1.4 OK for: optionator@0.9.4 want: ^0.1.3
1189 silly placeDep ROOT fast-levenshtein@2.0.6 OK for: optionator@0.9.4 want: ^2.0.6
1190 silly placeDep ROOT word-wrap@1.2.5 OK for: optionator@0.9.4 want: ^1.2.5
1191 silly placeDep ROOT p-limit@3.1.0 OK for: p-locate@5.0.0 want: ^3.0.2
1192 silly fetch manifest yocto-queue@^0.1.0
1193 http fetch GET 200 https://registry.npmjs.org/yocto-queue 155ms (cache revalidated)
1194 silly placeDep ROOT yocto-queue@0.1.0 OK for: p-limit@3.1.0 want: ^0.1.0
1195 silly placeDep ROOT callsites@3.1.0 OK for: parent-module@1.0.1 want: ^3.0.0
1196 silly placeDep ROOT nanoid@3.3.16 OK for: postcss@8.5.20 want: ^3.3.16
1197 silly placeDep ROOT loose-envify@1.4.0 OK for: prop-types@15.8.1 want: ^1.4.0
1198 silly placeDep ROOT object-assign@4.1.1 OK for: prop-types@15.8.1 want: ^4.1.1
1199 silly placeDep ROOT react-is@16.13.1 OK for: prop-types@15.8.1 want: ^16.13.1
1200 silly placeDep ROOT scheduler@0.27.0 OK for: react-dom@19.2.4 want: ^0.27.0
1201 silly placeDep ROOT node-exports-info@1.6.2 OK for: resolve@2.0.0-next.7 want: ^1.6.0
1202 silly placeDep ROOT path-parse@1.0.7 OK for: resolve@2.0.0-next.7 want: ^1.0.7
1203 silly placeDep ROOT supports-preserve-symlinks-flag@1.0.0 OK for: resolve@2.0.0-next.7 want: ^1.0.0
1204 silly placeDep ROOT queue-microtask@1.2.3 OK for: run-parallel@1.2.0 want: ^1.2.2
1205 silly placeDep ROOT isarray@2.0.5 OK for: safe-array-concat@1.1.4 want: ^2.0.5
1206 silly placeDep ROOT @img/colour@1.1.0 OK for: sharp@0.34.5 want: ^1.0.0
1207 silly placeDep ROOT @img/sharp-darwin-arm64@0.34.5 OK for: sharp@0.34.5 want: 0.34.5
1208 silly placeDep ROOT @img/sharp-darwin-x64@0.34.5 OK for: sharp@0.34.5 want: 0.34.5
1209 silly placeDep ROOT @img/sharp-libvips-darwin-arm64@1.2.4 OK for: sharp@0.34.5 want: 1.2.4
1210 silly placeDep ROOT @img/sharp-libvips-darwin-x64@1.2.4 OK for: sharp@0.34.5 want: 1.2.4
1211 silly placeDep ROOT @img/sharp-libvips-linux-arm@1.2.4 OK for: sharp@0.34.5 want: 1.2.4
1212 silly placeDep ROOT @img/sharp-libvips-linux-arm64@1.2.4 OK for: sharp@0.34.5 want: 1.2.4
1213 silly placeDep ROOT @img/sharp-libvips-linux-ppc64@1.2.4 OK for: sharp@0.34.5 want: 1.2.4
1214 silly placeDep ROOT @img/sharp-libvips-linux-riscv64@1.2.4 OK for: sharp@0.34.5 want: 1.2.4
1215 silly placeDep ROOT @img/sharp-libvips-linux-s390x@1.2.4 OK for: sharp@0.34.5 want: 1.2.4
1216 silly placeDep ROOT @img/sharp-libvips-linux-x64@1.2.4 OK for: sharp@0.34.5 want: 1.2.4
1217 silly placeDep ROOT @img/sharp-libvips-linuxmusl-arm64@1.2.4 OK for: sharp@0.34.5 want: 1.2.4
1218 silly placeDep ROOT @img/sharp-libvips-linuxmusl-x64@1.2.4 OK for: sharp@0.34.5 want: 1.2.4
1219 silly placeDep ROOT @img/sharp-linux-arm@0.34.5 OK for: sharp@0.34.5 want: 0.34.5
1220 silly placeDep ROOT @img/sharp-linux-arm64@0.34.5 OK for: sharp@0.34.5 want: 0.34.5
1221 silly placeDep ROOT @img/sharp-linux-ppc64@0.34.5 OK for: sharp@0.34.5 want: 0.34.5
1222 silly placeDep ROOT @img/sharp-linux-riscv64@0.34.5 OK for: sharp@0.34.5 want: 0.34.5
1223 silly placeDep ROOT @img/sharp-linux-s390x@0.34.5 OK for: sharp@0.34.5 want: 0.34.5
1224 silly placeDep ROOT @img/sharp-linux-x64@0.34.5 OK for: sharp@0.34.5 want: 0.34.5
1225 silly placeDep ROOT @img/sharp-linuxmusl-arm64@0.34.5 OK for: sharp@0.34.5 want: 0.34.5
1226 silly placeDep ROOT @img/sharp-linuxmusl-x64@0.34.5 OK for: sharp@0.34.5 want: 0.34.5
1227 silly placeDep ROOT @img/sharp-wasm32@0.34.5 OK for: sharp@0.34.5 want: 0.34.5
1228 silly placeDep ROOT @img/sharp-win32-arm64@0.34.5 OK for: sharp@0.34.5 want: 0.34.5
1229 silly placeDep ROOT @img/sharp-win32-ia32@0.34.5 OK for: sharp@0.34.5 want: 0.34.5
1230 silly placeDep ROOT @img/sharp-win32-x64@0.34.5 OK for: sharp@0.34.5 want: 0.34.5
1231 silly placeDep node_modules/sharp semver@7.8.5 OK for: sharp@0.34.5 want: ^7.7.3
1232 silly fetch manifest @emnapi/runtime@^1.7.0
1233 http fetch GET 200 https://registry.npmjs.org/@emnapi%2fruntime 204ms (cache revalidated)
1234 silly placeDep ROOT @emnapi/runtime@1.11.2 OK for: @img/sharp-wasm32@0.34.5 want: ^1.7.0
1235 silly placeDep ROOT shebang-regex@3.0.0 OK for: shebang-command@2.0.0 want: ^3.0.0
1236 silly placeDep ROOT side-channel-list@1.0.1 OK for: side-channel@1.1.1 want: ^1.0.1
1237 silly placeDep ROOT side-channel-map@1.0.1 OK for: side-channel@1.1.1 want: ^1.0.1
1238 silly placeDep ROOT side-channel-weakmap@1.0.2 OK for: side-channel@1.1.1 want: ^1.0.2
1239 silly placeDep ROOT client-only@0.0.1 OK for: styled-jsx@5.1.6 want: 0.0.1
1240 silly placeDep ROOT has-flag@4.0.0 OK for: supports-color@7.2.0 want: ^4.0.0
1241 silly placeDep node_modules/tinyglobby fdir@6.5.0 OK for: tinyglobby@0.2.17 want: ^6.5.0
1242 silly placeDep node_modules/tinyglobby picomatch@4.0.5 OK for: fdir@6.5.0 want: ^3 || ^4
1243 silly placeDep ROOT is-number@7.0.0 OK for: to-regex-range@5.0.1 want: ^7.0.0
1244 silly placeDep ROOT @types/json5@0.0.29 OK for: tsconfig-paths@3.15.0 want: ^0.0.29
1245 silly placeDep node_modules/tsconfig-paths json5@1.0.2 OK for: tsconfig-paths@3.15.0 want: ^1.0.2
1246 silly placeDep ROOT minimist@1.2.8 OK for: tsconfig-paths@3.15.0 want: ^1.2.6
1247 silly placeDep ROOT strip-bom@3.0.0 OK for: tsconfig-paths@3.15.0 want: ^3.0.0
1248 silly fetch manifest minimist@^1.2.0
1249 silly placeDep ROOT for-each@0.3.5 OK for: typed-array-byte-length@1.0.3 want: ^0.3.3
1250 silly placeDep ROOT reflect.getprototypeof@1.0.10 OK for: typed-array-byte-offset@1.0.4 want: ^1.0.9
1251 silly fetch manifest which-builtin-type@^1.2.1
1252 http fetch GET 200 https://registry.npmjs.org/which-builtin-type 210ms (cache revalidated)
1253 silly placeDep ROOT which-builtin-type@1.2.1 OK for: reflect.getprototypeof@1.0.10 want: ^1.2.1
1254 silly fetch manifest is-async-function@^2.0.0
1255 silly fetch manifest is-finalizationregistry@^1.1.0
1256 silly fetch manifest is-generator-function@^1.0.10
1257 silly fetch manifest which-boxed-primitive@^1.1.0
1258 silly fetch manifest which-collection@^1.0.2
1259 http fetch GET 200 https://registry.npmjs.org/is-async-function 159ms (cache revalidated)
1260 http fetch GET 200 https://registry.npmjs.org/is-finalizationregistry 160ms (cache revalidated)
1261 http fetch GET 200 https://registry.npmjs.org/is-generator-function 162ms (cache revalidated)
1262 http fetch GET 200 https://registry.npmjs.org/which-collection 164ms (cache revalidated)
1263 silly fetch manifest eslint@^8.57.0 || ^9.0.0 || ^10.0.0
1264 silly placeDep ROOT @typescript-eslint/eslint-plugin@8.64.0 OK for: typescript-eslint@8.64.0 want: 8.64.0
1265 silly placeDep ROOT @typescript-eslint/parser@8.64.0 OK for: @typescript-eslint/eslint-plugin@8.64.0 want: ^8.64.0
1266 silly placeDep ROOT @typescript-eslint/typescript-estree@8.64.0 OK for: typescript-eslint@8.64.0 want: 8.64.0
1267 silly placeDep ROOT @typescript-eslint/utils@8.64.0 OK for: typescript-eslint@8.64.0 want: 8.64.0
1268 silly fetch manifest ignore@^7.0.5
1269 silly fetch manifest ts-api-utils@^2.5.0
1270 silly fetch manifest @typescript-eslint/type-utils@8.64.0
1271 silly fetch manifest @typescript-eslint/visitor-keys@8.64.0
1272 silly fetch manifest @typescript-eslint/scope-manager@8.64.0
1273 silly fetch manifest @typescript-eslint/types@8.64.0
1274 silly fetch manifest minimatch@^10.2.2
1275 silly fetch manifest @typescript-eslint/tsconfig-utils@8.64.0
1276 silly fetch manifest @typescript-eslint/project-service@8.64.0
1277 http fetch GET 200 https://registry.npmjs.org/ts-api-utils 176ms (cache revalidated)
1278 http fetch GET 200 https://registry.npmjs.org/@typescript-eslint%2fproject-service 187ms (cache revalidated)
1279 http fetch GET 200 https://registry.npmjs.org/@typescript-eslint%2fvisitor-keys 230ms (cache revalidated)
1280 http fetch GET 200 https://registry.npmjs.org/@typescript-eslint%2ftsconfig-utils 365ms (cache revalidated)
1281 http fetch GET 200 https://registry.npmjs.org/@typescript-eslint%2ftype-utils 411ms (cache revalidated)
1282 http fetch GET 200 https://registry.npmjs.org/@typescript-eslint%2fscope-manager 548ms (cache revalidated)
1283 http fetch GET 200 https://registry.npmjs.org/@typescript-eslint%2ftypes 666ms (cache revalidated)
1284 silly placeDep ROOT @typescript-eslint/scope-manager@8.64.0 OK for: @typescript-eslint/eslint-plugin@8.64.0 want: 8.64.0
1285 silly placeDep ROOT @typescript-eslint/type-utils@8.64.0 OK for: @typescript-eslint/eslint-plugin@8.64.0 want: 8.64.0
1286 silly placeDep ROOT @typescript-eslint/visitor-keys@8.64.0 OK for: @typescript-eslint/eslint-plugin@8.64.0 want: 8.64.0
1287 silly placeDep node_modules/@typescript-eslint/eslint-plugin ignore@7.0.6 OK for: @typescript-eslint/eslint-plugin@8.64.0 want: ^7.0.5
1288 silly placeDep ROOT ts-api-utils@2.5.0 OK for: @typescript-eslint/eslint-plugin@8.64.0 want: ^2.5.0
1289 silly fetch manifest eslint-visitor-keys@^5.0.0
1290 silly placeDep ROOT @typescript-eslint/types@8.64.0 OK for: @typescript-eslint/parser@8.64.0 want: 8.64.0
1291 silly placeDep ROOT @typescript-eslint/project-service@8.64.0 OK for: @typescript-eslint/typescript-estree@8.64.0 want: 8.64.0
1292 silly placeDep ROOT @typescript-eslint/tsconfig-utils@8.64.0 OK for: @typescript-eslint/typescript-estree@8.64.0 want: 8.64.0
1293 silly placeDep node_modules/@typescript-eslint/typescript-estree minimatch@10.2.5 OK for: @typescript-eslint/typescript-estree@8.64.0 want: ^10.2.2
1294 silly placeDep node_modules/@typescript-eslint/typescript-estree semver@7.8.5 OK for: @typescript-eslint/typescript-estree@8.64.0 want: ^7.7.3
1295 silly fetch manifest @typescript-eslint/tsconfig-utils@^8.64.0
1296 silly fetch manifest brace-expansion@^5.0.5
1297 silly placeDep node_modules/@typescript-eslint/visitor-keys eslint-visitor-keys@5.0.1 OK for: @typescript-eslint/visitor-keys@8.64.0 want: ^5.0.0
1298 silly placeDep ROOT has-bigints@1.1.0 OK for: unbox-primitive@1.1.0 want: ^1.0.2
1299 silly placeDep ROOT which-boxed-primitive@1.1.1 OK for: unbox-primitive@1.1.0 want: ^1.1.1
1300 silly fetch manifest is-bigint@^1.1.0
1301 silly fetch manifest is-boolean-object@^1.2.1
1302 silly fetch manifest is-number-object@^1.1.1
1303 http fetch GET 200 https://registry.npmjs.org/is-boolean-object 156ms (cache revalidated)
1304 http fetch GET 200 https://registry.npmjs.org/is-number-object 169ms (cache revalidated)
1305 http fetch GET 200 https://registry.npmjs.org/is-bigint 188ms (cache revalidated)
1306 silly placeDep ROOT @unrs/resolver-binding-android-arm-eabi@1.12.2 OK for: unrs-resolver@1.12.2 want: 1.12.2
1307 silly placeDep ROOT @unrs/resolver-binding-android-arm64@1.12.2 OK for: unrs-resolver@1.12.2 want: 1.12.2
1308 silly placeDep ROOT @unrs/resolver-binding-darwin-arm64@1.12.2 OK for: unrs-resolver@1.12.2 want: 1.12.2
1309 silly placeDep ROOT @unrs/resolver-binding-darwin-x64@1.12.2 OK for: unrs-resolver@1.12.2 want: 1.12.2
1310 silly placeDep ROOT @unrs/resolver-binding-freebsd-x64@1.12.2 OK for: unrs-resolver@1.12.2 want: 1.12.2
1311 silly placeDep ROOT @unrs/resolver-binding-linux-arm-gnueabihf@1.12.2 OK for: unrs-resolver@1.12.2 want: 1.12.2
1312 silly placeDep ROOT @unrs/resolver-binding-linux-arm-musleabihf@1.12.2 OK for: unrs-resolver@1.12.2 want: 1.12.2
1313 silly placeDep ROOT @unrs/resolver-binding-linux-arm64-gnu@1.12.2 OK for: unrs-resolver@1.12.2 want: 1.12.2
1314 silly placeDep ROOT @unrs/resolver-binding-linux-arm64-musl@1.12.2 OK for: unrs-resolver@1.12.2 want: 1.12.2
1315 silly placeDep ROOT @unrs/resolver-binding-linux-loong64-gnu@1.12.2 OK for: unrs-resolver@1.12.2 want: 1.12.2
1316 silly placeDep ROOT @unrs/resolver-binding-linux-loong64-musl@1.12.2 OK for: unrs-resolver@1.12.2 want: 1.12.2
1317 silly placeDep ROOT @unrs/resolver-binding-linux-ppc64-gnu@1.12.2 OK for: unrs-resolver@1.12.2 want: 1.12.2
1318 silly placeDep ROOT @unrs/resolver-binding-linux-riscv64-gnu@1.12.2 OK for: unrs-resolver@1.12.2 want: 1.12.2
1319 silly placeDep ROOT @unrs/resolver-binding-linux-riscv64-musl@1.12.2 OK for: unrs-resolver@1.12.2 want: 1.12.2
1320 silly placeDep ROOT @unrs/resolver-binding-linux-s390x-gnu@1.12.2 OK for: unrs-resolver@1.12.2 want: 1.12.2
1321 silly placeDep ROOT @unrs/resolver-binding-linux-x64-gnu@1.12.2 OK for: unrs-resolver@1.12.2 want: 1.12.2
1322 silly placeDep ROOT @unrs/resolver-binding-linux-x64-musl@1.12.2 OK for: unrs-resolver@1.12.2 want: 1.12.2
1323 silly placeDep ROOT @unrs/resolver-binding-openharmony-arm64@1.12.2 OK for: unrs-resolver@1.12.2 want: 1.12.2
1324 silly placeDep ROOT @unrs/resolver-binding-wasm32-wasi@1.12.2 OK for: unrs-resolver@1.12.2 want: 1.12.2
1325 silly placeDep ROOT @unrs/resolver-binding-win32-arm64-msvc@1.12.2 OK for: unrs-resolver@1.12.2 want: 1.12.2
1326 silly placeDep ROOT @unrs/resolver-binding-win32-ia32-msvc@1.12.2 OK for: unrs-resolver@1.12.2 want: 1.12.2
1327 silly placeDep ROOT @unrs/resolver-binding-win32-x64-msvc@1.12.2 OK for: unrs-resolver@1.12.2 want: 1.12.2
1328 silly placeDep ROOT napi-postinstall@0.3.4 OK for: unrs-resolver@1.12.2 want: ^0.3.4
1329 silly fetch manifest @napi-rs/wasm-runtime@^1.1.4
1330 silly fetch manifest @emnapi/core@1.10.0
1331 silly fetch manifest @emnapi/runtime@1.10.0
1332 http fetch GET 200 https://registry.npmjs.org/@emnapi%2fcore 167ms (cache revalidated)
1333 http fetch GET 200 https://registry.npmjs.org/@napi-rs%2fwasm-runtime 179ms (cache revalidated)
1334 silly placeDep ROOT @emnapi/core@1.10.0 OK for: @unrs/resolver-binding-wasm32-wasi@1.12.2 want: 1.10.0
1335 silly placeDep node_modules/@unrs/resolver-binding-wasm32-wasi @emnapi/runtime@1.10.0 OK for: @unrs/resolver-binding-wasm32-wasi@1.12.2 want: 1.10.0
1336 silly placeDep ROOT @napi-rs/wasm-runtime@1.1.6 OK for: @unrs/resolver-binding-wasm32-wasi@1.12.2 want: ^1.1.4
1337 silly fetch manifest @emnapi/wasi-threads@1.2.1
1338 silly fetch manifest @tybys/wasm-util@^0.10.3
1339 http fetch GET 200 https://registry.npmjs.org/@emnapi%2fwasi-threads 187ms (cache revalidated)
1340 http fetch GET 200 https://registry.npmjs.org/@tybys%2fwasm-util 188ms (cache revalidated)
1341 silly placeDep ROOT @emnapi/wasi-threads@1.2.1 OK for: @emnapi/core@1.10.0 want: 1.2.1
1342 silly placeDep ROOT @tybys/wasm-util@0.10.3 OK for: @napi-rs/wasm-runtime@1.1.6 want: ^0.10.3
1343 silly placeDep ROOT escalade@3.2.0 OK for: update-browserslist-db@1.2.3 want: ^3.2.0
1344 silly placeDep ROOT punycode@2.3.1 OK for: uri-js@4.4.1 want: ^2.1.0
1345 silly placeDep ROOT isexe@2.0.0 OK for: which@2.0.2 want: ^2.0.0
1346 silly placeDep ROOT is-bigint@1.1.0 OK for: which-boxed-primitive@1.1.1 want: ^1.1.0
1347 silly placeDep ROOT is-boolean-object@1.2.2 OK for: which-boxed-primitive@1.1.1 want: ^1.2.1
1348 silly placeDep ROOT is-number-object@1.1.1 OK for: which-boxed-primitive@1.1.1 want: ^1.1.1
1349 silly placeDep ROOT is-async-function@2.1.1 OK for: which-builtin-type@1.2.1 want: ^2.0.0
1350 silly placeDep ROOT is-finalizationregistry@1.1.1 OK for: which-builtin-type@1.2.1 want: ^1.1.0
1351 silly placeDep ROOT is-generator-function@1.1.2 OK for: which-builtin-type@1.2.1 want: ^1.0.10
1352 silly placeDep ROOT which-collection@1.0.2 OK for: which-builtin-type@1.2.1 want: ^1.0.2
1353 silly fetch manifest async-function@^1.0.0
1354 silly fetch manifest generator-function@^2.0.0
1355 silly fetch manifest is-map@^2.0.3
1356 silly fetch manifest is-weakmap@^2.0.2
1357 silly fetch manifest is-weakset@^2.0.3
1358 http fetch GET 200 https://registry.npmjs.org/is-weakset 160ms (cache revalidated)
1359 http fetch GET 200 https://registry.npmjs.org/is-map 162ms (cache revalidated)
1360 http fetch GET 200 https://registry.npmjs.org/is-weakmap 163ms (cache revalidated)
1361 http fetch GET 200 https://registry.npmjs.org/async-function 167ms (cache revalidated)
1362 http fetch GET 200 https://registry.npmjs.org/generator-function 167ms (cache revalidated)
1363 silly placeDep ROOT async-function@1.0.0 OK for: is-async-function@2.1.1 want: ^1.0.0
1364 silly placeDep ROOT generator-function@2.0.1 OK for: is-generator-function@1.1.2 want: ^2.0.0
1365 silly placeDep ROOT is-map@2.0.3 OK for: which-collection@1.0.2 want: ^2.0.3
1366 silly placeDep ROOT is-weakmap@2.0.2 OK for: which-collection@1.0.2 want: ^2.0.2
1367 silly placeDep ROOT is-weakset@2.0.4 OK for: which-collection@1.0.2 want: ^2.0.3
1368 silly placeDep node_modules/@typescript-eslint/typescript-estree brace-expansion@5.0.7 OK for: minimatch@10.2.5 want: ^5.0.5
1369 silly fetch manifest balanced-match@^4.0.2
1370 silly placeDep node_modules/@typescript-eslint/typescript-estree balanced-match@4.0.4 OK for: brace-expansion@5.0.7 want: ^4.0.2
1371 warn EBADENGINE Unsupported engine {
1371 warn EBADENGINE   package: 'eslint-visitor-keys@5.0.1',
1371 warn EBADENGINE   required: { node: '^20.19.0 || ^22.13.0 || >=24' },
1371 warn EBADENGINE   current: { node: 'v22.1.0', npm: '10.7.0' }
1371 warn EBADENGINE }
1372 silly reify moves {}
1373 verbose reify failed optional dependency /Users/nelsonoluwole/Documents/Frontend/node_modules/@tailwindcss/oxide-wasm32-wasi
1374 silly reify mark deleted [
1374 silly reify   '/Users/nelsonoluwole/Documents/Frontend/node_modules/@tailwindcss/oxide-wasm32-wasi'
1374 silly reify ]
1375 silly audit bulk request {
1375 silly audit   '@tailwindcss/postcss': [ '4.3.3' ],
1375 silly audit   '@types/node': [ '20.19.43' ],
1375 silly audit   '@types/react': [ '19.2.17' ],
1375 silly audit   '@types/react-dom': [ '19.2.3' ],
1375 silly audit   eslint: [ '9.39.5' ],
1375 silly audit   'eslint-config-next': [ '16.2.10' ],
1375 silly audit   next: [ '16.2.10' ],
1375 silly audit   react: [ '19.2.4' ],
1375 silly audit   'react-dom': [ '19.2.4' ],
1375 silly audit   tailwindcss: [ '4.3.3' ],
1375 silly audit   typescript: [ '5.9.3' ],
1375 silly audit   '@alloc/quick-lru': [ '5.2.0' ],
1375 silly audit   '@tailwindcss/node': [ '4.3.3' ],
1375 silly audit   '@tailwindcss/oxide': [ '4.3.3' ],
1375 silly audit   postcss: [ '8.5.20', '8.4.31' ],
1375 silly audit   '@jridgewell/remapping': [ '2.3.5' ],
1375 silly audit   'enhanced-resolve': [ '5.24.2' ],
1375 silly audit   jiti: [ '2.7.0' ],
1375 silly audit   lightningcss: [ '1.32.0' ],
1375 silly audit   'magic-string': [ '0.30.21' ],
1375 silly audit   'source-map-js': [ '1.2.1' ],
1375 silly audit   '@jridgewell/gen-mapping': [ '0.3.13' ],
1375 silly audit   '@jridgewell/trace-mapping': [ '0.3.31' ],
1375 silly audit   '@jridgewell/sourcemap-codec': [ '1.5.5' ],
1375 silly audit   '@jridgewell/resolve-uri': [ '3.1.2' ],
1375 silly audit   '@tailwindcss/oxide-android-arm64': [ '4.3.3' ],
1375 silly audit   '@tailwindcss/oxide-darwin-arm64': [ '4.3.3' ],
1375 silly audit   '@tailwindcss/oxide-darwin-x64': [ '4.3.3' ],
1375 silly audit   '@tailwindcss/oxide-freebsd-x64': [ '4.3.3' ],
1375 silly audit   '@tailwindcss/oxide-linux-arm-gnueabihf': [ '4.3.3' ],
1375 silly audit   '@tailwindcss/oxide-linux-arm64-gnu': [ '4.3.3' ],
1375 silly audit   '@tailwindcss/oxide-linux-arm64-musl': [ '4.3.3' ],
1375 silly audit   '@tailwindcss/oxide-linux-x64-gnu': [ '4.3.3' ],
1375 silly audit   '@tailwindcss/oxide-linux-x64-musl': [ '4.3.3' ],
1375 silly audit   '@tailwindcss/oxide-win32-arm64-msvc': [ '4.3.3' ],
1375 silly audit   '@tailwindcss/oxide-win32-x64-msvc': [ '4.3.3' ],
1375 silly audit   'undici-types': [ '6.21.0' ],
1375 silly audit   csstype: [ '3.2.3' ],
1375 silly audit   'graceful-fs': [ '4.2.11' ],
1375 silly audit   tapable: [ '2.3.3' ],
1375 silly audit   '@eslint-community/eslint-utils': [ '4.9.1' ],
1375 silly audit   '@eslint-community/regexpp': [ '4.12.2' ],
1375 silly audit   '@eslint/config-array': [ '0.21.2' ],
1375 silly audit   '@eslint/config-helpers': [ '0.4.2' ],
1375 silly audit   '@eslint/core': [ '0.17.0' ],
1375 silly audit   '@eslint/eslintrc': [ '3.3.6' ],
1375 silly audit   '@eslint/js': [ '9.39.5' ],
1375 silly audit   '@eslint/plugin-kit': [ '0.4.1' ],
1375 silly audit   '@humanfs/node': [ '0.16.8' ],
1375 silly audit   '@humanwhocodes/module-importer': [ '1.0.1' ],
1375 silly audit   '@humanwhocodes/retry': [ '0.4.3' ],
1375 silly audit   '@types/estree': [ '1.0.9' ],
1375 silly audit   ajv: [ '6.15.0' ],
1375 silly audit   chalk: [ '4.1.2' ],
1375 silly audit   'cross-spawn': [ '7.0.6' ],
1375 silly audit   debug: [ '4.4.3', '3.2.7' ],
1375 silly audit   'escape-string-regexp': [ '4.0.0' ],
1375 silly audit   'eslint-scope': [ '8.4.0' ],
1375 silly audit   'eslint-visitor-keys': [ '4.2.1', '3.4.3', '5.0.1' ],
1375 silly audit   espree: [ '10.4.0' ],
1375 silly audit   esquery: [ '1.7.0' ],
1375 silly audit   esutils: [ '2.0.3' ],
1375 silly audit   'fast-deep-equal': [ '3.1.3' ],
1375 silly audit   'file-entry-cache': [ '8.0.0' ],
1375 silly audit   'find-up': [ '5.0.0' ],
1375 silly audit   'glob-parent': [ '6.0.2', '5.1.2' ],
1375 silly audit   ignore: [ '5.3.2', '7.0.6' ],
1375 silly audit   imurmurhash: [ '0.1.4' ],
1375 silly audit   'is-glob': [ '4.0.3' ],
1375 silly audit   'json-stable-stringify-without-jsonify': [ '1.0.1' ],
1375 silly audit   'lodash.merge': [ '4.6.2' ],
1375 silly audit   minimatch: [ '3.1.5', '10.2.5' ],
1375 silly audit   'natural-compare': [ '1.4.0' ],
1375 silly audit   optionator: [ '0.9.4' ],
1375 silly audit   '@eslint/object-schema': [ '2.1.7' ],
1375 silly audit   '@types/json-schema': [ '7.0.15' ],
1375 silly audit   globals: [ '14.0.0', '16.4.0' ],
1375 silly audit   'import-fresh': [ '3.3.1' ],
1375 silly audit   'js-yaml': [ '4.3.0' ],
1375 silly audit   'strip-json-comments': [ '3.1.1' ],
1375 silly audit   levn: [ '0.4.1' ],
1375 silly audit   '@humanfs/core': [ '0.19.2' ],
1375 silly audit   '@humanfs/types': [ '0.15.0' ],
1375 silly audit   'fast-json-stable-stringify': [ '2.1.0' ],
1375 silly audit   'json-schema-traverse': [ '0.4.1' ],
1375 silly audit   'uri-js': [ '4.4.1' ],
1375 silly audit   'ansi-styles': [ '4.3.0' ],
1375 silly audit   'supports-color': [ '7.2.0' ],
1375 silly audit   'color-convert': [ '2.0.1' ],
1375 silly audit   'color-name': [ '1.1.4' ],
1375 silly audit   'path-key': [ '3.1.1' ],
1375 silly audit   'shebang-command': [ '2.0.0' ],
1375 silly audit   which: [ '2.0.2' ],
1375 silly audit   ms: [ '2.1.3' ],
1375 silly audit   '@next/eslint-plugin-next': [ '16.2.10' ],
1375 silly audit   'eslint-import-resolver-node': [ '0.3.10' ],
1375 silly audit   'eslint-import-resolver-typescript': [ '3.10.1' ],
1375 silly audit   'eslint-plugin-import': [ '2.32.0' ],
1375 silly audit   'eslint-plugin-jsx-a11y': [ '6.10.2' ],
1375 silly audit   'eslint-plugin-react': [ '7.37.5' ],
1375 silly audit   'eslint-plugin-react-hooks': [ '7.1.1' ],
1375 silly audit   'typescript-eslint': [ '8.64.0' ],
1375 silly audit   'fast-glob': [ '3.3.1' ],
1375 silly audit   'is-core-module': [ '2.16.2' ],
1375 silly audit   resolve: [ '2.0.0-next.7' ],
1375 silly audit   '@nolyfill/is-core-module': [ '1.0.39' ],
1375 silly audit   'get-tsconfig': [ '4.14.0' ],
1375 silly audit   'is-bun-module': [ '2.0.0' ],
1375 silly audit   'stable-hash': [ '0.0.5' ],
1375 silly audit   tinyglobby: [ '0.2.17' ],
1375 silly audit   'unrs-resolver': [ '1.12.2' ],
1375 silly audit   '@rtsao/scc': [ '1.1.0' ],
1375 silly audit   'array-includes': [ '3.1.9' ],
1375 silly audit   'array.prototype.findlastindex': [ '1.2.6' ],
1375 silly audit   'array.prototype.flat': [ '1.3.3' ],
1375 silly audit   'array.prototype.flatmap': [ '1.3.3' ],
1375 silly audit   doctrine: [ '2.1.0' ],
1375 silly audit   'eslint-module-utils': [ '2.14.0' ],
1375 silly audit   hasown: [ '2.0.4' ],
1375 silly audit   'object.fromentries': [ '2.0.8' ],
1375 silly audit   'object.groupby': [ '1.0.3' ],
1375 silly audit   'object.values': [ '1.2.1' ],
1375 silly audit   semver: [ '6.3.1', '7.8.5' ],
1375 silly audit   'string.prototype.trimend': [ '1.0.10' ],
1375 silly audit   'tsconfig-paths': [ '3.15.0' ],
1375 silly audit   'call-bind': [ '1.0.9' ],
1375 silly audit   'call-bound': [ '1.0.4' ],
1375 silly audit   'define-properties': [ '1.2.1' ],
1375 silly audit   'es-abstract': [ '1.24.2' ],
1375 silly audit   'es-object-atoms': [ '1.1.2' ],
1375 silly audit   'get-intrinsic': [ '1.3.0' ],
1375 silly audit   'is-string': [ '1.1.1' ],
1375 silly audit   'math-intrinsics': [ '1.1.0' ],
1375 silly audit   'es-errors': [ '1.3.0' ],
1375 silly audit   'es-shim-unscopables': [ '1.1.0' ],
1375 silly audit   'call-bind-apply-helpers': [ '1.0.2' ],
1375 silly audit   'es-define-property': [ '1.0.1' ],
1375 silly audit   'set-function-length': [ '1.2.2' ],
1375 silly audit   'function-bind': [ '1.1.2' ],
1375 silly audit   'define-data-property': [ '1.1.4' ],
1375 silly audit   'has-property-descriptors': [ '1.0.2' ],
1375 silly audit   'object-keys': [ '1.1.1' ],
1375 silly audit   gopd: [ '1.2.0' ],
1375 silly audit   'array-buffer-byte-length': [ '1.0.2' ],
1375 silly audit   'arraybuffer.prototype.slice': [ '1.0.4' ],
1375 silly audit   'available-typed-arrays': [ '1.0.7' ],
1375 silly audit   'data-view-buffer': [ '1.0.2' ],
1375 silly audit   'data-view-byte-length': [ '1.0.2' ],
1375 silly audit   'data-view-byte-offset': [ '1.0.1' ],
1375 silly audit   'es-set-tostringtag': [ '2.1.0' ],
1375 silly audit   'es-to-primitive': [ '1.3.4' ],
1375 silly audit   'function.prototype.name': [ '1.2.0' ],
1375 silly audit   'get-proto': [ '1.0.1' ],
1375 silly audit   'get-symbol-description': [ '1.1.0' ],
1375 silly audit   globalthis: [ '1.0.4' ],
1375 silly audit   'has-proto': [ '1.2.0' ],
1375 silly audit   'has-symbols': [ '1.1.0' ],
1375 silly audit   'internal-slot': [ '1.1.0' ],
1375 silly audit   'is-array-buffer': [ '3.0.5' ],
1375 silly audit   'is-callable': [ '1.2.7' ],
1375 silly audit   'is-data-view': [ '1.0.2' ],
1375 silly audit   'is-negative-zero': [ '2.0.3' ],
1375 silly audit   'is-regex': [ '1.2.1' ],
1375 silly audit   'is-set': [ '2.0.3' ],
1375 silly audit   'is-shared-array-buffer': [ '1.0.4' ],
1375 silly audit   'is-typed-array': [ '1.1.15' ],
1375 silly audit   'is-weakref': [ '1.1.1' ],
1375 silly audit   'object-inspect': [ '1.13.4' ],
1375 silly audit   'object.assign': [ '4.1.7' ],
1375 silly audit   'own-keys': [ '1.0.1' ],
1375 silly audit   'regexp.prototype.flags': [ '1.5.4' ],
1375 silly audit   'safe-array-concat': [ '1.1.4' ],
1375 silly audit   'safe-push-apply': [ '1.0.0' ],
1375 silly audit   'safe-regex-test': [ '1.1.0' ],
1375 silly audit   'set-proto': [ '1.0.0' ],
1375 silly audit   'stop-iteration-iterator': [ '1.1.0' ],
1375 silly audit   'string.prototype.trim': [ '1.2.11' ],
1375 silly audit   'string.prototype.trimstart': [ '1.0.8' ],
1375 silly audit   'typed-array-buffer': [ '1.0.3' ],
1375 silly audit   'typed-array-byte-length': [ '1.0.3' ],
1375 silly audit   'typed-array-byte-offset': [ '1.0.4' ],
1375 silly audit   'typed-array-length': [ '1.0.8' ],
1375 silly audit   'unbox-primitive': [ '1.1.0' ],
1375 silly audit   'which-typed-array': [ '1.1.22' ],
1375 silly audit   'possible-typed-array-names': [ '1.1.0' ],
1375 silly audit   'has-tostringtag': [ '1.0.2' ],
1375 silly audit   'es-abstract-get': [ '1.0.0' ],
1375 silly audit   'is-date-object': [ '1.1.0' ],
1375 silly audit   'is-symbol': [ '1.1.1' ],
1375 silly audit   'aria-query': [ '5.3.2' ],
1375 silly audit   'ast-types-flow': [ '0.0.8' ],
1375 silly audit   'axe-core': [ '4.12.1' ],
1375 silly audit   'axobject-query': [ '4.1.0' ],
1375 silly audit   'damerau-levenshtein': [ '1.0.8' ],
1375 silly audit   'emoji-regex': [ '9.2.2' ],
1375 silly audit   'jsx-ast-utils': [ '3.3.5' ],
1375 silly audit   'language-tags': [ '1.0.9' ],
1375 silly audit   'string.prototype.includes': [ '2.0.1' ],
1375 silly audit   'array.prototype.findlast': [ '1.2.5' ],
1375 silly audit   'array.prototype.tosorted': [ '1.1.4' ],
1375 silly audit   'es-iterator-helpers': [ '1.4.0' ],
1375 silly audit   estraverse: [ '5.3.0' ],
1375 silly audit   'object.entries': [ '1.1.9' ],
1375 silly audit   'prop-types': [ '15.8.1' ],
1375 silly audit   'string.prototype.matchall': [ '4.0.12' ],
1375 silly audit   'string.prototype.repeat': [ '1.0.0' ],
1375 silly audit   'iterator.prototype': [ '1.1.5' ],
1375 silly audit   '@babel/core': [ '7.29.7' ],
1375 silly audit   '@babel/parser': [ '7.29.7' ],
1375 silly audit   'hermes-parser': [ '0.25.1' ],
1375 silly audit   zod: [ '4.4.3' ],
1375 silly audit   'zod-validation-error': [ '4.0.2' ],
1375 silly audit   '@babel/code-frame': [ '7.29.7' ],
1375 silly audit   '@babel/generator': [ '7.29.7' ],
1375 silly audit   '@babel/helper-compilation-targets': [ '7.29.7' ],
1375 silly audit   '@babel/helper-module-transforms': [ '7.29.7' ],
1375 silly audit   '@babel/helpers': [ '7.29.7' ],
1375 silly audit   '@babel/template': [ '7.29.7' ],
1375 silly audit   '@babel/traverse': [ '7.29.7' ],
1375 silly audit   '@babel/types': [ '7.29.7' ],
1375 silly audit   'convert-source-map': [ '2.0.0' ],
1375 silly audit   gensync: [ '1.0.0-beta.2' ],
1375 silly audit   json5: [ '2.2.3', '1.0.2' ],
1375 silly audit   '@babel/helper-validator-identifier': [ '7.29.7' ],
1375 silly audit   'js-tokens': [ '4.0.0' ],
1375 silly audit   picocolors: [ '1.1.1' ],
1375 silly audit   jsesc: [ '3.1.0' ],
1375 silly audit   '@babel/compat-data': [ '7.29.7' ],
1375 silly audit   '@babel/helper-validator-option': [ '7.29.7' ],
1375 silly audit   browserslist: [ '4.28.6' ],
1375 silly audit   'lru-cache': [ '5.1.1' ],
1375 silly audit   '@babel/helper-module-imports': [ '7.29.7' ],
1375 silly audit   '@babel/helper-globals': [ '7.29.7' ],
1375 silly audit   '@babel/helper-string-parser': [ '7.29.7' ],
1375 silly audit   'baseline-browser-mapping': [ '2.10.43' ],
1375 silly audit   'caniuse-lite': [ '1.0.30001806' ],
1375 silly audit   'electron-to-chromium': [ '1.5.393' ],
1375 silly audit   'node-releases': [ '2.0.51' ],
1375 silly audit   'update-browserslist-db': [ '1.2.3' ],
1375 silly audit   esrecurse: [ '4.3.0' ],
1375 silly audit   acorn: [ '8.17.0' ],
1375 silly audit   'acorn-jsx': [ '5.3.2' ],
1375 silly audit   '@nodelib/fs.stat': [ '2.0.5' ],
1375 silly audit   '@nodelib/fs.walk': [ '1.2.8' ],
1375 silly audit   merge2: [ '1.4.1' ],
1375 silly audit   micromatch: [ '4.0.8' ],
1375 silly audit   '@nodelib/fs.scandir': [ '2.1.5' ],
1375 silly audit   fastq: [ '1.20.1' ],
1375 silly audit   'run-parallel': [ '1.2.0' ],
1375 silly audit   reusify: [ '1.1.0' ],
1375 silly audit   'flat-cache': [ '4.0.1' ],
1375 silly audit   'locate-path': [ '6.0.0' ],
1375 silly audit   'path-exists': [ '4.0.0' ],
1375 silly audit   flatted: [ '3.4.2' ],
1375 silly audit   keyv: [ '4.5.4' ],
1375 silly audit   'functions-have-names': [ '1.2.3' ],
1375 silly audit   'is-document.all': [ '1.0.0' ],
1375 silly audit   'dunder-proto': [ '1.0.1' ],
1375 silly audit   'resolve-pkg-maps': [ '1.0.0' ],
1375 silly audit   'hermes-estree': [ '0.25.1' ],
1375 silly audit   'parent-module': [ '1.0.1' ],
1375 silly audit   'resolve-from': [ '4.0.0' ],
1375 silly audit   'side-channel': [ '1.1.1' ],
1375 silly audit   'is-extglob': [ '2.1.1' ],
1375 silly audit   'set-function-name': [ '2.0.2' ],
1375 silly audit   argparse: [ '2.0.1' ],
1375 silly audit   'json-buffer': [ '3.0.1' ],
1375 silly audit   'language-subtag-registry': [ '0.3.23' ],
1375 silly audit   'prelude-ls': [ '1.2.1' ],
1375 silly audit   'type-check': [ '0.4.0' ],
1375 silly audit   'detect-libc': [ '2.1.2' ],
1375 silly audit   'lightningcss-android-arm64': [ '1.32.0' ],
1375 silly audit   'lightningcss-darwin-arm64': [ '1.32.0' ],
1375 silly audit   'lightningcss-darwin-x64': [ '1.32.0' ],
1375 silly audit   'lightningcss-freebsd-x64': [ '1.32.0' ],
1375 silly audit   'lightningcss-linux-arm-gnueabihf': [ '1.32.0' ],
1375 silly audit   'lightningcss-linux-arm64-gnu': [ '1.32.0' ],
1375 silly audit   'lightningcss-linux-arm64-musl': [ '1.32.0' ],
1375 silly audit   'lightningcss-linux-x64-gnu': [ '1.32.0' ],
1375 silly audit   'lightningcss-linux-x64-musl': [ '1.32.0' ],
1375 silly audit   'lightningcss-win32-arm64-msvc': [ '1.32.0' ],
1375 silly audit   'lightningcss-win32-x64-msvc': [ '1.32.0' ],
1375 silly audit   'p-locate': [ '5.0.0' ],
1375 silly audit   yallist: [ '3.1.1' ],
1375 silly audit   braces: [ '3.0.3' ],
1375 silly audit   picomatch: [ '2.3.2', '4.0.5' ],
1375 silly audit   'fill-range': [ '7.1.1' ],
1375 silly audit   'to-regex-range': [ '5.0.1' ],
1375 silly audit   'brace-expansion': [ '1.1.16', '5.0.7' ],
1375 silly audit   'balanced-match': [ '1.0.2', '4.0.4' ],
1375 silly audit   'concat-map': [ '0.0.1' ],
1375 silly audit   '@next/env': [ '16.2.10' ],
1375 silly audit   '@next/swc-darwin-arm64': [ '16.2.10' ],
1375 silly audit   '@next/swc-darwin-x64': [ '16.2.10' ],
1375 silly audit   '@next/swc-linux-arm64-gnu': [ '16.2.10' ],
1375 silly audit   '@next/swc-linux-arm64-musl': [ '16.2.10' ],
1375 silly audit   '@next/swc-linux-x64-gnu': [ '16.2.10' ],
1375 silly audit   '@next/swc-linux-x64-musl': [ '16.2.10' ],
1375 silly audit   '@next/swc-win32-arm64-msvc': [ '16.2.10' ],
1375 silly audit   '@next/swc-win32-x64-msvc': [ '16.2.10' ],
1375 silly audit   '@swc/helpers': [ '0.5.15' ],
1375 silly audit   sharp: [ '0.34.5' ],
1375 silly audit   'styled-jsx': [ '5.1.6' ],
1375 silly audit   tslib: [ '2.8.1' ],
1375 silly audit   'deep-is': [ '0.1.4' ],
1375 silly audit   'fast-levenshtein': [ '2.0.6' ],
1375 silly audit   'word-wrap': [ '1.2.5' ],
1375 silly audit   'p-limit': [ '3.1.0' ],
1375 silly audit   'yocto-queue': [ '0.1.0' ],
1375 silly audit   callsites: [ '3.1.0' ],
1375 silly audit   nanoid: [ '3.3.16' ],
1375 silly audit   'loose-envify': [ '1.4.0' ],
1375 silly audit   'object-assign': [ '4.1.1' ],
1375 silly audit   'react-is': [ '16.13.1' ],
1375 silly audit   scheduler: [ '0.27.0' ],
1375 silly audit   'node-exports-info': [ '1.6.2' ],
1375 silly audit   'path-parse': [ '1.0.7' ],
1375 silly audit   'supports-preserve-symlinks-flag': [ '1.0.0' ],
1375 silly audit   'queue-microtask': [ '1.2.3' ],
1375 silly audit   isarray: [ '2.0.5' ],
1375 silly audit   '@img/colour': [ '1.1.0' ],
1375 silly audit   '@img/sharp-darwin-arm64': [ '0.34.5' ],
1375 silly audit   '@img/sharp-darwin-x64': [ '0.34.5' ],
1375 silly audit   '@img/sharp-libvips-darwin-arm64': [ '1.2.4' ],
1375 silly audit   '@img/sharp-libvips-darwin-x64': [ '1.2.4' ],
1375 silly audit   '@img/sharp-libvips-linux-arm': [ '1.2.4' ],
1375 silly audit   '@img/sharp-libvips-linux-arm64': [ '1.2.4' ],
1375 silly audit   '@img/sharp-libvips-linux-ppc64': [ '1.2.4' ],
1375 silly audit   '@img/sharp-libvips-linux-riscv64': [ '1.2.4' ],
1375 silly audit   '@img/sharp-libvips-linux-s390x': [ '1.2.4' ],
1375 silly audit   '@img/sharp-libvips-linux-x64': [ '1.2.4' ],
1375 silly audit   '@img/sharp-libvips-linuxmusl-arm64': [ '1.2.4' ],
1375 silly audit   '@img/sharp-libvips-linuxmusl-x64': [ '1.2.4' ],
1375 silly audit   '@img/sharp-linux-arm': [ '0.34.5' ],
1375 silly audit   '@img/sharp-linux-arm64': [ '0.34.5' ],
1375 silly audit   '@img/sharp-linux-ppc64': [ '0.34.5' ],
1375 silly audit   '@img/sharp-linux-riscv64': [ '0.34.5' ],
1375 silly audit   '@img/sharp-linux-s390x': [ '0.34.5' ],
1375 silly audit   '@img/sharp-linux-x64': [ '0.34.5' ],
1375 silly audit   '@img/sharp-linuxmusl-arm64': [ '0.34.5' ],
1375 silly audit   '@img/sharp-linuxmusl-x64': [ '0.34.5' ],
1375 silly audit   '@img/sharp-wasm32': [ '0.34.5' ],
1375 silly audit   '@img/sharp-win32-arm64': [ '0.34.5' ],
1375 silly audit   '@img/sharp-win32-ia32': [ '0.34.5' ],
1375 silly audit   '@img/sharp-win32-x64': [ '0.34.5' ],
1375 silly audit   '@emnapi/runtime': [ '1.11.2', '1.10.0' ],
1375 silly audit   'shebang-regex': [ '3.0.0' ],
1375 silly audit   'side-channel-list': [ '1.0.1' ],
1375 silly audit   'side-channel-map': [ '1.0.1' ],
1375 silly audit   'side-channel-weakmap': [ '1.0.2' ],
1375 silly audit   'client-only': [ '0.0.1' ],
1375 silly audit   'has-flag': [ '4.0.0' ],
1375 silly audit   fdir: [ '6.5.0' ],
1375 silly audit   'is-number': [ '7.0.0' ],
1375 silly audit   '@types/json5': [ '0.0.29' ],
1375 silly audit   minimist: [ '1.2.8' ],
1375 silly audit   'strip-bom': [ '3.0.0' ],
1375 silly audit   'for-each': [ '0.3.5' ],
1375 silly audit   'reflect.getprototypeof': [ '1.0.10' ],
1375 silly audit   'which-builtin-type': [ '1.2.1' ],
1375 silly audit   '@typescript-eslint/eslint-plugin': [ '8.64.0' ],
1375 silly audit   '@typescript-eslint/parser': [ '8.64.0' ],
1375 silly audit   '@typescript-eslint/typescript-estree': [ '8.64.0' ],
1375 silly audit   '@typescript-eslint/utils': [ '8.64.0' ],
1375 silly audit   '@typescript-eslint/scope-manager': [ '8.64.0' ],
1375 silly audit   '@typescript-eslint/type-utils': [ '8.64.0' ],
1375 silly audit   '@typescript-eslint/visitor-keys': [ '8.64.0' ],
1375 silly audit   'ts-api-utils': [ '2.5.0' ],
1375 silly audit   '@typescript-eslint/types': [ '8.64.0' ],
1375 silly audit   '@typescript-eslint/project-service': [ '8.64.0' ],
1375 silly audit   '@typescript-eslint/tsconfig-utils': [ '8.64.0' ],
1375 silly audit   'has-bigints': [ '1.1.0' ],
1375 silly audit   'which-boxed-primitive': [ '1.1.1' ],
1375 silly audit   '@unrs/resolver-binding-android-arm-eabi': [ '1.12.2' ],
1375 silly audit   '@unrs/resolver-binding-android-arm64': [ '1.12.2' ],
1375 silly audit   '@unrs/resolver-binding-darwin-arm64': [ '1.12.2' ],
1375 silly audit   '@unrs/resolver-binding-darwin-x64': [ '1.12.2' ],
1375 silly audit   '@unrs/resolver-binding-freebsd-x64': [ '1.12.2' ],
1375 silly audit   '@unrs/resolver-binding-linux-arm-gnueabihf': [ '1.12.2' ],
1375 silly audit   '@unrs/resolver-binding-linux-arm-musleabihf': [ '1.12.2' ],
1375 silly audit   '@unrs/resolver-binding-linux-arm64-gnu': [ '1.12.2' ],
1375 silly audit   '@unrs/resolver-binding-linux-arm64-musl': [ '1.12.2' ],
1375 silly audit   '@unrs/resolver-binding-linux-loong64-gnu': [ '1.12.2' ],
1375 silly audit   '@unrs/resolver-binding-linux-loong64-musl': [ '1.12.2' ],
1375 silly audit   '@unrs/resolver-binding-linux-ppc64-gnu': [ '1.12.2' ],
1375 silly audit   '@unrs/resolver-binding-linux-riscv64-gnu': [ '1.12.2' ],
1375 silly audit   '@unrs/resolver-binding-linux-riscv64-musl': [ '1.12.2' ],
1375 silly audit   '@unrs/resolver-binding-linux-s390x-gnu': [ '1.12.2' ],
1375 silly audit   '@unrs/resolver-binding-linux-x64-gnu': [ '1.12.2' ],
1375 silly audit   '@unrs/resolver-binding-linux-x64-musl': [ '1.12.2' ],
1375 silly audit   '@unrs/resolver-binding-openharmony-arm64': [ '1.12.2' ],
1375 silly audit   '@unrs/resolver-binding-wasm32-wasi': [ '1.12.2' ],
1375 silly audit   '@unrs/resolver-binding-win32-arm64-msvc': [ '1.12.2' ],
1375 silly audit   '@unrs/resolver-binding-win32-ia32-msvc': [ '1.12.2' ],
1375 silly audit   '@unrs/resolver-binding-win32-x64-msvc': [ '1.12.2' ],
1375 silly audit   'napi-postinstall': [ '0.3.4' ],
1375 silly audit   '@emnapi/core': [ '1.10.0' ],
1375 silly audit   '@napi-rs/wasm-runtime': [ '1.1.6' ],
1375 silly audit   '@emnapi/wasi-threads': [ '1.2.1' ],
1375 silly audit   '@tybys/wasm-util': [ '0.10.3' ],
1375 silly audit   escalade: [ '3.2.0' ],
1375 silly audit   punycode: [ '2.3.1' ],
1375 silly audit   isexe: [ '2.0.0' ],
1375 silly audit   'is-bigint': [ '1.1.0' ],
1375 silly audit   'is-boolean-object': [ '1.2.2' ],
1375 silly audit   'is-number-object': [ '1.1.1' ],
1375 silly audit   'is-async-function': [ '2.1.1' ],
1375 silly audit   'is-finalizationregistry': [ '1.1.1' ],
1375 silly audit   'is-generator-function': [ '1.1.2' ],
1375 silly audit   'which-collection': [ '1.0.2' ],
1375 silly audit   'async-function': [ '1.0.0' ],
1375 silly audit   'generator-function': [ '2.0.1' ],
1375 silly audit   'is-map': [ '2.0.3' ],
1375 silly audit   'is-weakmap': [ '2.0.2' ],
1375 silly audit   'is-weakset': [ '2.0.4' ],
1375 silly audit   '@tailwindcss/oxide-wasm32-wasi': [ '4.3.3' ]
1375 silly audit }
1376 verbose reify failed optional dependency /Users/nelsonoluwole/Documents/Frontend/node_modules/@unrs/resolver-binding-win32-x64-msvc
1377 silly reify mark deleted [
1377 silly reify   '/Users/nelsonoluwole/Documents/Frontend/node_modules/@unrs/resolver-binding-win32-x64-msvc'
1377 silly reify ]
1378 verbose reify failed optional dependency /Users/nelsonoluwole/Documents/Frontend/node_modules/@unrs/resolver-binding-win32-ia32-msvc
1379 silly reify mark deleted [
1379 silly reify   '/Users/nelsonoluwole/Documents/Frontend/node_modules/@unrs/resolver-binding-win32-ia32-msvc'
1379 silly reify ]
1380 verbose reify failed optional dependency /Users/nelsonoluwole/Documents/Frontend/node_modules/@unrs/resolver-binding-win32-arm64-msvc
1381 silly reify mark deleted [
1381 silly reify   '/Users/nelsonoluwole/Documents/Frontend/node_modules/@unrs/resolver-binding-win32-arm64-msvc'
1381 silly reify ]
1382 verbose reify failed optional dependency /Users/nelsonoluwole/Documents/Frontend/node_modules/@unrs/resolver-binding-wasm32-wasi
1383 silly reify mark deleted [
1383 silly reify   '/Users/nelsonoluwole/Documents/Frontend/node_modules/@unrs/resolver-binding-wasm32-wasi'
1383 silly reify ]
1384 verbose reify failed optional dependency /Users/nelsonoluwole/Documents/Frontend/node_modules/@unrs/resolver-binding-wasm32-wasi/node_modules/@emnapi/runtime
1385 silly reify mark deleted [
1385 silly reify   '/Users/nelsonoluwole/Documents/Frontend/node_modules/@unrs/resolver-binding-wasm32-wasi/node_modules/@emnapi/runtime'
1385 silly reify ]
1386 verbose reify failed optional dependency /Users/nelsonoluwole/Documents/Frontend/node_modules/@unrs/resolver-binding-openharmony-arm64
1387 silly reify mark deleted [
1387 silly reify   '/Users/nelsonoluwole/Documents/Frontend/node_modules/@unrs/resolver-binding-openharmony-arm64'
1387 silly reify ]
1388 verbose reify failed optional dependency /Users/nelsonoluwole/Documents/Frontend/node_modules/@unrs/resolver-binding-linux-x64-musl
1389 silly reify mark deleted [
1389 silly reify   '/Users/nelsonoluwole/Documents/Frontend/node_modules/@unrs/resolver-binding-linux-x64-musl'
1389 silly reify ]
1390 verbose reify failed optional dependency /Users/nelsonoluwole/Documents/Frontend/node_modules/@unrs/resolver-binding-linux-x64-gnu
1391 silly reify mark deleted [
1391 silly reify   '/Users/nelsonoluwole/Documents/Frontend/node_modules/@unrs/resolver-binding-linux-x64-gnu'
1391 silly reify ]
1392 verbose reify failed optional dependency /Users/nelsonoluwole/Documents/Frontend/node_modules/@unrs/resolver-binding-linux-s390x-gnu
1393 silly reify mark deleted [
1393 silly reify   '/Users/nelsonoluwole/Documents/Frontend/node_modules/@unrs/resolver-binding-linux-s390x-gnu'
1393 silly reify ]
1394 verbose reify failed optional dependency /Users/nelsonoluwole/Documents/Frontend/node_modules/@unrs/resolver-binding-linux-riscv64-musl
1395 silly reify mark deleted [
1395 silly reify   '/Users/nelsonoluwole/Documents/Frontend/node_modules/@unrs/resolver-binding-linux-riscv64-musl'
1395 silly reify ]
1396 verbose reify failed optional dependency /Users/nelsonoluwole/Documents/Frontend/node_modules/@unrs/resolver-binding-linux-riscv64-gnu
1397 silly reify mark deleted [
1397 silly reify   '/Users/nelsonoluwole/Documents/Frontend/node_modules/@unrs/resolver-binding-linux-riscv64-gnu'
1397 silly reify ]
1398 verbose reify failed optional dependency /Users/nelsonoluwole/Documents/Frontend/node_modules/@unrs/resolver-binding-linux-ppc64-gnu
1399 silly reify mark deleted [
1399 silly reify   '/Users/nelsonoluwole/Documents/Frontend/node_modules/@unrs/resolver-binding-linux-ppc64-gnu'
1399 silly reify ]
1400 verbose reify failed optional dependency /Users/nelsonoluwole/Documents/Frontend/node_modules/@unrs/resolver-binding-linux-loong64-musl
1401 silly reify mark deleted [
1401 silly reify   '/Users/nelsonoluwole/Documents/Frontend/node_modules/@unrs/resolver-binding-linux-loong64-musl'
1401 silly reify ]
1402 verbose reify failed optional dependency /Users/nelsonoluwole/Documents/Frontend/node_modules/@unrs/resolver-binding-linux-loong64-gnu
1403 silly reify mark deleted [
1403 silly reify   '/Users/nelsonoluwole/Documents/Frontend/node_modules/@unrs/resolver-binding-linux-loong64-gnu'
1403 silly reify ]
1404 verbose reify failed optional dependency /Users/nelsonoluwole/Documents/Frontend/node_modules/@unrs/resolver-binding-linux-arm64-musl
1405 silly reify mark deleted [
1405 silly reify   '/Users/nelsonoluwole/Documents/Frontend/node_modules/@unrs/resolver-binding-linux-arm64-musl'
1405 silly reify ]
1406 verbose reify failed optional dependency /Users/nelsonoluwole/Documents/Frontend/node_modules/@unrs/resolver-binding-linux-arm64-gnu
1407 silly reify mark deleted [
1407 silly reify   '/Users/nelsonoluwole/Documents/Frontend/node_modules/@unrs/resolver-binding-linux-arm64-gnu'
1407 silly reify ]
1408 verbose reify failed optional dependency /Users/nelsonoluwole/Documents/Frontend/node_modules/@unrs/resolver-binding-linux-arm-musleabihf
1409 silly reify mark deleted [
1409 silly reify   '/Users/nelsonoluwole/Documents/Frontend/node_modules/@unrs/resolver-binding-linux-arm-musleabihf'
1409 silly reify ]
1410 verbose reify failed optional dependency /Users/nelsonoluwole/Documents/Frontend/node_modules/@unrs/resolver-binding-linux-arm-gnueabihf
1411 silly reify mark deleted [
1411 silly reify   '/Users/nelsonoluwole/Documents/Frontend/node_modules/@unrs/resolver-binding-linux-arm-gnueabihf'
1411 silly reify ]
1412 verbose reify failed optional dependency /Users/nelsonoluwole/Documents/Frontend/node_modules/@unrs/resolver-binding-freebsd-x64
1413 silly reify mark deleted [
1413 silly reify   '/Users/nelsonoluwole/Documents/Frontend/node_modules/@unrs/resolver-binding-freebsd-x64'
1413 silly reify ]
1414 verbose reify failed optional dependency /Users/nelsonoluwole/Documents/Frontend/node_modules/@unrs/resolver-binding-darwin-arm64
1415 silly reify mark deleted [
1415 silly reify   '/Users/nelsonoluwole/Documents/Frontend/node_modules/@unrs/resolver-binding-darwin-arm64'
1415 silly reify ]
1416 verbose reify failed optional dependency /Users/nelsonoluwole/Documents/Frontend/node_modules/@unrs/resolver-binding-android-arm64
1417 silly reify mark deleted [
1417 silly reify   '/Users/nelsonoluwole/Documents/Frontend/node_modules/@unrs/resolver-binding-android-arm64'
1417 silly reify ]
1418 verbose reify failed optional dependency /Users/nelsonoluwole/Documents/Frontend/node_modules/@unrs/resolver-binding-android-arm-eabi
1419 silly reify mark deleted [
1419 silly reify   '/Users/nelsonoluwole/Documents/Frontend/node_modules/@unrs/resolver-binding-android-arm-eabi'
1419 silly reify ]
1420 verbose reify failed optional dependency /Users/nelsonoluwole/Documents/Frontend/node_modules/@img/sharp-win32-x64
1421 silly reify mark deleted [
1421 silly reify   '/Users/nelsonoluwole/Documents/Frontend/node_modules/@img/sharp-win32-x64'
1421 silly reify ]
1422 verbose reify failed optional dependency /Users/nelsonoluwole/Documents/Frontend/node_modules/@img/sharp-win32-ia32
1423 silly reify mark deleted [
1423 silly reify   '/Users/nelsonoluwole/Documents/Frontend/node_modules/@img/sharp-win32-ia32'
1423 silly reify ]
1424 verbose reify failed optional dependency /Users/nelsonoluwole/Documents/Frontend/node_modules/@img/sharp-win32-arm64
1425 silly reify mark deleted [
1425 silly reify   '/Users/nelsonoluwole/Documents/Frontend/node_modules/@img/sharp-win32-arm64'
1425 silly reify ]
1426 verbose reify failed optional dependency /Users/nelsonoluwole/Documents/Frontend/node_modules/@img/sharp-wasm32
1427 silly reify mark deleted [
1427 silly reify   '/Users/nelsonoluwole/Documents/Frontend/node_modules/@img/sharp-wasm32'
1427 silly reify ]
1428 verbose reify failed optional dependency /Users/nelsonoluwole/Documents/Frontend/node_modules/@img/sharp-linuxmusl-x64
1429 silly reify mark deleted [
1429 silly reify   '/Users/nelsonoluwole/Documents/Frontend/node_modules/@img/sharp-linuxmusl-x64'
1429 silly reify ]
1430 verbose reify failed optional dependency /Users/nelsonoluwole/Documents/Frontend/node_modules/@img/sharp-linuxmusl-arm64
1431 silly reify mark deleted [
1431 silly reify   '/Users/nelsonoluwole/Documents/Frontend/node_modules/@img/sharp-linuxmusl-arm64'
1431 silly reify ]
1432 verbose reify failed optional dependency /Users/nelsonoluwole/Documents/Frontend/node_modules/@img/sharp-linux-x64
1433 silly reify mark deleted [
1433 silly reify   '/Users/nelsonoluwole/Documents/Frontend/node_modules/@img/sharp-linux-x64'
1433 silly reify ]
1434 verbose reify failed optional dependency /Users/nelsonoluwole/Documents/Frontend/node_modules/@img/sharp-linux-s390x
1435 silly reify mark deleted [
1435 silly reify   '/Users/nelsonoluwole/Documents/Frontend/node_modules/@img/sharp-linux-s390x'
1435 silly reify ]
1436 verbose reify failed optional dependency /Users/nelsonoluwole/Documents/Frontend/node_modules/@img/sharp-linux-riscv64
1437 silly reify mark deleted [
1437 silly reify   '/Users/nelsonoluwole/Documents/Frontend/node_modules/@img/sharp-linux-riscv64'
1437 silly reify ]
1438 verbose reify failed optional dependency /Users/nelsonoluwole/Documents/Frontend/node_modules/@img/sharp-linux-ppc64
1439 silly reify mark deleted [
1439 silly reify   '/Users/nelsonoluwole/Documents/Frontend/node_modules/@img/sharp-linux-ppc64'
1439 silly reify ]
1440 verbose reify failed optional dependency /Users/nelsonoluwole/Documents/Frontend/node_modules/@img/sharp-linux-arm64
1441 silly reify mark deleted [
1441 silly reify   '/Users/nelsonoluwole/Documents/Frontend/node_modules/@img/sharp-linux-arm64'
1441 silly reify ]
1442 verbose reify failed optional dependency /Users/nelsonoluwole/Documents/Frontend/node_modules/@img/sharp-linux-arm
1443 silly reify mark deleted [
1443 silly reify   '/Users/nelsonoluwole/Documents/Frontend/node_modules/@img/sharp-linux-arm'
1443 silly reify ]
1444 verbose reify failed optional dependency /Users/nelsonoluwole/Documents/Frontend/node_modules/@img/sharp-libvips-linuxmusl-x64
1445 silly reify mark deleted [
1445 silly reify   '/Users/nelsonoluwole/Documents/Frontend/node_modules/@img/sharp-libvips-linuxmusl-x64'
1445 silly reify ]
1446 verbose reify failed optional dependency /Users/nelsonoluwole/Documents/Frontend/node_modules/@img/sharp-libvips-linuxmusl-arm64
1447 silly reify mark deleted [
1447 silly reify   '/Users/nelsonoluwole/Documents/Frontend/node_modules/@img/sharp-libvips-linuxmusl-arm64'
1447 silly reify ]
1448 verbose reify failed optional dependency /Users/nelsonoluwole/Documents/Frontend/node_modules/@img/sharp-libvips-linux-x64
1449 silly reify mark deleted [
1449 silly reify   '/Users/nelsonoluwole/Documents/Frontend/node_modules/@img/sharp-libvips-linux-x64'
1449 silly reify ]
1450 verbose reify failed optional dependency /Users/nelsonoluwole/Documents/Frontend/node_modules/@img/sharp-libvips-linux-s390x
1451 silly reify mark deleted [
1451 silly reify   '/Users/nelsonoluwole/Documents/Frontend/node_modules/@img/sharp-libvips-linux-s390x'
1451 silly reify ]
1452 verbose reify failed optional dependency /Users/nelsonoluwole/Documents/Frontend/node_modules/@img/sharp-libvips-linux-riscv64
1453 silly reify mark deleted [
1453 silly reify   '/Users/nelsonoluwole/Documents/Frontend/node_modules/@img/sharp-libvips-linux-riscv64'
1453 silly reify ]
1454 verbose reify failed optional dependency /Users/nelsonoluwole/Documents/Frontend/node_modules/@img/sharp-libvips-linux-ppc64
1455 silly reify mark deleted [
1455 silly reify   '/Users/nelsonoluwole/Documents/Frontend/node_modules/@img/sharp-libvips-linux-ppc64'
1455 silly reify ]
1456 verbose reify failed optional dependency /Users/nelsonoluwole/Documents/Frontend/node_modules/@img/sharp-libvips-linux-arm64
1457 silly reify mark deleted [
1457 silly reify   '/Users/nelsonoluwole/Documents/Frontend/node_modules/@img/sharp-libvips-linux-arm64'
1457 silly reify ]
1458 verbose reify failed optional dependency /Users/nelsonoluwole/Documents/Frontend/node_modules/@img/sharp-libvips-linux-arm
1459 silly reify mark deleted [
1459 silly reify   '/Users/nelsonoluwole/Documents/Frontend/node_modules/@img/sharp-libvips-linux-arm'
1459 silly reify ]
1460 verbose reify failed optional dependency /Users/nelsonoluwole/Documents/Frontend/node_modules/@img/sharp-libvips-darwin-arm64
1461 silly reify mark deleted [
1461 silly reify   '/Users/nelsonoluwole/Documents/Frontend/node_modules/@img/sharp-libvips-darwin-arm64'
1461 silly reify ]
1462 verbose reify failed optional dependency /Users/nelsonoluwole/Documents/Frontend/node_modules/@img/sharp-darwin-arm64
1463 silly reify mark deleted [
1463 silly reify   '/Users/nelsonoluwole/Documents/Frontend/node_modules/@img/sharp-darwin-arm64'
1463 silly reify ]
1464 verbose reify failed optional dependency /Users/nelsonoluwole/Documents/Frontend/node_modules/@next/swc-win32-x64-msvc
1465 silly reify mark deleted [
1465 silly reify   '/Users/nelsonoluwole/Documents/Frontend/node_modules/@next/swc-win32-x64-msvc'
1465 silly reify ]
1466 verbose reify failed optional dependency /Users/nelsonoluwole/Documents/Frontend/node_modules/@next/swc-win32-arm64-msvc
1467 silly reify mark deleted [
1467 silly reify   '/Users/nelsonoluwole/Documents/Frontend/node_modules/@next/swc-win32-arm64-msvc'
1467 silly reify ]
1468 verbose reify failed optional dependency /Users/nelsonoluwole/Documents/Frontend/node_modules/@next/swc-linux-x64-musl
1469 silly reify mark deleted [
1469 silly reify   '/Users/nelsonoluwole/Documents/Frontend/node_modules/@next/swc-linux-x64-musl'
1469 silly reify ]
1470 verbose reify failed optional dependency /Users/nelsonoluwole/Documents/Frontend/node_modules/@next/swc-linux-x64-gnu
1471 silly reify mark deleted [
1471 silly reify   '/Users/nelsonoluwole/Documents/Frontend/node_modules/@next/swc-linux-x64-gnu'
1471 silly reify ]
1472 verbose reify failed optional dependency /Users/nelsonoluwole/Documents/Frontend/node_modules/@next/swc-linux-arm64-musl
1473 silly reify mark deleted [
1473 silly reify   '/Users/nelsonoluwole/Documents/Frontend/node_modules/@next/swc-linux-arm64-musl'
1473 silly reify ]
1474 verbose reify failed optional dependency /Users/nelsonoluwole/Documents/Frontend/node_modules/@next/swc-linux-arm64-gnu
1475 silly reify mark deleted [
1475 silly reify   '/Users/nelsonoluwole/Documents/Frontend/node_modules/@next/swc-linux-arm64-gnu'
1475 silly reify ]
1476 verbose reify failed optional dependency /Users/nelsonoluwole/Documents/Frontend/node_modules/@next/swc-darwin-arm64
1477 silly reify mark deleted [
1477 silly reify   '/Users/nelsonoluwole/Documents/Frontend/node_modules/@next/swc-darwin-arm64'
1477 silly reify ]
1478 verbose reify failed optional dependency /Users/nelsonoluwole/Documents/Frontend/node_modules/lightningcss-win32-x64-msvc
1479 silly reify mark deleted [
1479 silly reify   '/Users/nelsonoluwole/Documents/Frontend/node_modules/lightningcss-win32-x64-msvc'
1479 silly reify ]
1480 verbose reify failed optional dependency /Users/nelsonoluwole/Documents/Frontend/node_modules/lightningcss-win32-arm64-msvc
1481 silly reify mark deleted [
1481 silly reify   '/Users/nelsonoluwole/Documents/Frontend/node_modules/lightningcss-win32-arm64-msvc'
1481 silly reify ]
1482 verbose reify failed optional dependency /Users/nelsonoluwole/Documents/Frontend/node_modules/lightningcss-linux-x64-musl
1483 silly reify mark deleted [
1483 silly reify   '/Users/nelsonoluwole/Documents/Frontend/node_modules/lightningcss-linux-x64-musl'
1483 silly reify ]
1484 verbose reify failed optional dependency /Users/nelsonoluwole/Documents/Frontend/node_modules/lightningcss-linux-x64-gnu
1485 silly reify mark deleted [
1485 silly reify   '/Users/nelsonoluwole/Documents/Frontend/node_modules/lightningcss-linux-x64-gnu'
1485 silly reify ]
1486 verbose reify failed optional dependency /Users/nelsonoluwole/Documents/Frontend/node_modules/lightningcss-linux-arm64-musl
1487 silly reify mark deleted [
1487 silly reify   '/Users/nelsonoluwole/Documents/Frontend/node_modules/lightningcss-linux-arm64-musl'
1487 silly reify ]
1488 verbose reify failed optional dependency /Users/nelsonoluwole/Documents/Frontend/node_modules/lightningcss-linux-arm64-gnu
1489 silly reify mark deleted [
1489 silly reify   '/Users/nelsonoluwole/Documents/Frontend/node_modules/lightningcss-linux-arm64-gnu'
1489 silly reify ]
1490 verbose reify failed optional dependency /Users/nelsonoluwole/Documents/Frontend/node_modules/lightningcss-linux-arm-gnueabihf
1491 silly reify mark deleted [
1491 silly reify   '/Users/nelsonoluwole/Documents/Frontend/node_modules/lightningcss-linux-arm-gnueabihf'
1491 silly reify ]
1492 verbose reify failed optional dependency /Users/nelsonoluwole/Documents/Frontend/node_modules/lightningcss-freebsd-x64
1493 silly reify mark deleted [
1493 silly reify   '/Users/nelsonoluwole/Documents/Frontend/node_modules/lightningcss-freebsd-x64'
1493 silly reify ]
1494 verbose reify failed optional dependency /Users/nelsonoluwole/Documents/Frontend/node_modules/lightningcss-darwin-arm64
1495 silly reify mark deleted [
1495 silly reify   '/Users/nelsonoluwole/Documents/Frontend/node_modules/lightningcss-darwin-arm64'
1495 silly reify ]
1496 verbose reify failed optional dependency /Users/nelsonoluwole/Documents/Frontend/node_modules/lightningcss-android-arm64
1497 silly reify mark deleted [
1497 silly reify   '/Users/nelsonoluwole/Documents/Frontend/node_modules/lightningcss-android-arm64'
1497 silly reify ]
1498 verbose reify failed optional dependency /Users/nelsonoluwole/Documents/Frontend/node_modules/@tailwindcss/oxide-win32-x64-msvc
1499 silly reify mark deleted [
1499 silly reify   '/Users/nelsonoluwole/Documents/Frontend/node_modules/@tailwindcss/oxide-win32-x64-msvc'
1499 silly reify ]
1500 verbose reify failed optional dependency /Users/nelsonoluwole/Documents/Frontend/node_modules/@tailwindcss/oxide-win32-arm64-msvc
1501 silly reify mark deleted [
1501 silly reify   '/Users/nelsonoluwole/Documents/Frontend/node_modules/@tailwindcss/oxide-win32-arm64-msvc'
1501 silly reify ]
1502 verbose reify failed optional dependency /Users/nelsonoluwole/Documents/Frontend/node_modules/@tailwindcss/oxide-linux-x64-musl
1503 silly reify mark deleted [
1503 silly reify   '/Users/nelsonoluwole/Documents/Frontend/node_modules/@tailwindcss/oxide-linux-x64-musl'
1503 silly reify ]
1504 verbose reify failed optional dependency /Users/nelsonoluwole/Documents/Frontend/node_modules/@tailwindcss/oxide-linux-x64-gnu
1505 silly reify mark deleted [
1505 silly reify   '/Users/nelsonoluwole/Documents/Frontend/node_modules/@tailwindcss/oxide-linux-x64-gnu'
1505 silly reify ]
1506 verbose reify failed optional dependency /Users/nelsonoluwole/Documents/Frontend/node_modules/@tailwindcss/oxide-linux-arm64-musl
1507 silly reify mark deleted [
1507 silly reify   '/Users/nelsonoluwole/Documents/Frontend/node_modules/@tailwindcss/oxide-linux-arm64-musl'
1507 silly reify ]
1508 verbose reify failed optional dependency /Users/nelsonoluwole/Documents/Frontend/node_modules/@tailwindcss/oxide-linux-arm64-gnu
1509 silly reify mark deleted [
1509 silly reify   '/Users/nelsonoluwole/Documents/Frontend/node_modules/@tailwindcss/oxide-linux-arm64-gnu'
1509 silly reify ]
1510 verbose reify failed optional dependency /Users/nelsonoluwole/Documents/Frontend/node_modules/@tailwindcss/oxide-linux-arm-gnueabihf
1511 silly reify mark deleted [
1511 silly reify   '/Users/nelsonoluwole/Documents/Frontend/node_modules/@tailwindcss/oxide-linux-arm-gnueabihf'
1511 silly reify ]
1512 verbose reify failed optional dependency /Users/nelsonoluwole/Documents/Frontend/node_modules/@tailwindcss/oxide-freebsd-x64
1513 silly reify mark deleted [
1513 silly reify   '/Users/nelsonoluwole/Documents/Frontend/node_modules/@tailwindcss/oxide-freebsd-x64'
1513 silly reify ]
1514 verbose reify failed optional dependency /Users/nelsonoluwole/Documents/Frontend/node_modules/@tailwindcss/oxide-darwin-arm64
1515 silly reify mark deleted [
1515 silly reify   '/Users/nelsonoluwole/Documents/Frontend/node_modules/@tailwindcss/oxide-darwin-arm64'
1515 silly reify ]
1516 verbose reify failed optional dependency /Users/nelsonoluwole/Documents/Frontend/node_modules/@tailwindcss/oxide-android-arm64
1517 silly reify mark deleted [
1517 silly reify   '/Users/nelsonoluwole/Documents/Frontend/node_modules/@tailwindcss/oxide-android-arm64'
1517 silly reify ]
1518 silly tarball no local data for is-weakset@https://registry.npmjs.org/is-weakset/-/is-weakset-2.0.4.tgz. Extracting by manifest.
1519 silly tarball no local data for async-function@https://registry.npmjs.org/async-function/-/async-function-1.0.0.tgz. Extracting by manifest.
1520 silly tarball no local data for is-weakmap@https://registry.npmjs.org/is-weakmap/-/is-weakmap-2.0.2.tgz. Extracting by manifest.
1521 silly tarball no local data for generator-function@https://registry.npmjs.org/generator-function/-/generator-function-2.0.1.tgz. Extracting by manifest.
1522 silly tarball no local data for is-map@https://registry.npmjs.org/is-map/-/is-map-2.0.3.tgz. Extracting by manifest.
1523 silly tarball no local data for which-collection@https://registry.npmjs.org/which-collection/-/which-collection-1.0.2.tgz. Extracting by manifest.
1524 silly tarball no local data for is-generator-function@https://registry.npmjs.org/is-generator-function/-/is-generator-function-1.1.2.tgz. Extracting by manifest.
1525 silly tarball no local data for is-finalizationregistry@https://registry.npmjs.org/is-finalizationregistry/-/is-finalizationregistry-1.1.1.tgz. Extracting by manifest.
1526 silly tarball no local data for is-number-object@https://registry.npmjs.org/is-number-object/-/is-number-object-1.1.1.tgz. Extracting by manifest.
1527 silly tarball no local data for is-async-function@https://registry.npmjs.org/is-async-function/-/is-async-function-2.1.1.tgz. Extracting by manifest.
1528 silly tarball no local data for is-boolean-object@https://registry.npmjs.org/is-boolean-object/-/is-boolean-object-1.2.2.tgz. Extracting by manifest.
1529 silly tarball no local data for is-bigint@https://registry.npmjs.org/is-bigint/-/is-bigint-1.1.0.tgz. Extracting by manifest.
1530 silly tarball no local data for isexe@https://registry.npmjs.org/isexe/-/isexe-2.0.0.tgz. Extracting by manifest.
1531 silly tarball no local data for punycode@https://registry.npmjs.org/punycode/-/punycode-2.3.1.tgz. Extracting by manifest.
1532 silly tarball no local data for escalade@https://registry.npmjs.org/escalade/-/escalade-3.2.0.tgz. Extracting by manifest.
1533 silly tarball no local data for @tybys/wasm-util@https://registry.npmjs.org/@tybys/wasm-util/-/wasm-util-0.10.3.tgz. Extracting by manifest.
1534 silly tarball no local data for @emnapi/core@https://registry.npmjs.org/@emnapi/core/-/core-1.10.0.tgz. Extracting by manifest.
1535 silly tarball no local data for @emnapi/wasi-threads@https://registry.npmjs.org/@emnapi/wasi-threads/-/wasi-threads-1.2.1.tgz. Extracting by manifest.
1536 silly tarball no local data for napi-postinstall@https://registry.npmjs.org/napi-postinstall/-/napi-postinstall-0.3.4.tgz. Extracting by manifest.
1537 silly tarball no local data for @napi-rs/wasm-runtime@https://registry.npmjs.org/@napi-rs/wasm-runtime/-/wasm-runtime-1.1.6.tgz. Extracting by manifest.
1538 silly tarball no local data for @unrs/resolver-binding-darwin-x64@https://registry.npmjs.org/@unrs/resolver-binding-darwin-x64/-/resolver-binding-darwin-x64-1.12.2.tgz. Extracting by manifest.
1539 silly tarball no local data for has-bigints@https://registry.npmjs.org/has-bigints/-/has-bigints-1.1.0.tgz. Extracting by manifest.
1540 silly tarball no local data for @typescript-eslint/project-service@https://registry.npmjs.org/@typescript-eslint/project-service/-/project-service-8.64.0.tgz. Extracting by manifest.
1541 silly tarball no local data for @typescript-eslint/tsconfig-utils@https://registry.npmjs.org/@typescript-eslint/tsconfig-utils/-/tsconfig-utils-8.64.0.tgz. Extracting by manifest.
1542 silly tarball no local data for @typescript-eslint/types@https://registry.npmjs.org/@typescript-eslint/types/-/types-8.64.0.tgz. Extracting by manifest.
1543 silly tarball no local data for which-boxed-primitive@https://registry.npmjs.org/which-boxed-primitive/-/which-boxed-primitive-1.1.1.tgz. Extracting by manifest.
1544 silly tarball no local data for ts-api-utils@https://registry.npmjs.org/ts-api-utils/-/ts-api-utils-2.5.0.tgz. Extracting by manifest.
1545 silly tarball no local data for @typescript-eslint/visitor-keys@https://registry.npmjs.org/@typescript-eslint/visitor-keys/-/visitor-keys-8.64.0.tgz. Extracting by manifest.
1546 silly tarball no local data for @typescript-eslint/type-utils@https://registry.npmjs.org/@typescript-eslint/type-utils/-/type-utils-8.64.0.tgz. Extracting by manifest.
1547 silly tarball no local data for @typescript-eslint/scope-manager@https://registry.npmjs.org/@typescript-eslint/scope-manager/-/scope-manager-8.64.0.tgz. Extracting by manifest.
1548 silly tarball no local data for @typescript-eslint/utils@https://registry.npmjs.org/@typescript-eslint/utils/-/utils-8.64.0.tgz. Extracting by manifest.
1549 silly tarball no local data for @typescript-eslint/typescript-estree@https://registry.npmjs.org/@typescript-eslint/typescript-estree/-/typescript-estree-8.64.0.tgz. Extracting by manifest.
1550 silly tarball no local data for @typescript-eslint/eslint-plugin@https://registry.npmjs.org/@typescript-eslint/eslint-plugin/-/eslint-plugin-8.64.0.tgz. Extracting by manifest.
1551 silly tarball no local data for which-builtin-type@https://registry.npmjs.org/which-builtin-type/-/which-builtin-type-1.2.1.tgz. Extracting by manifest.
1552 silly tarball no local data for reflect.getprototypeof@https://registry.npmjs.org/reflect.getprototypeof/-/reflect.getprototypeof-1.0.10.tgz. Extracting by manifest.
1553 silly tarball no local data for strip-bom@https://registry.npmjs.org/strip-bom/-/strip-bom-3.0.0.tgz. Extracting by manifest.
1554 silly tarball no local data for @typescript-eslint/parser@https://registry.npmjs.org/@typescript-eslint/parser/-/parser-8.64.0.tgz. Extracting by manifest.
1555 silly tarball no local data for minimist@https://registry.npmjs.org/minimist/-/minimist-1.2.8.tgz. Extracting by manifest.
1556 silly tarball no local data for for-each@https://registry.npmjs.org/for-each/-/for-each-0.3.5.tgz. Extracting by manifest.
1557 silly tarball no local data for @types/json5@https://registry.npmjs.org/@types/json5/-/json5-0.0.29.tgz. Extracting by manifest.
1558 silly tarball no local data for is-number@https://registry.npmjs.org/is-number/-/is-number-7.0.0.tgz. Extracting by manifest.
1559 silly tarball no local data for client-only@https://registry.npmjs.org/client-only/-/client-only-0.0.1.tgz. Extracting by manifest.
1560 silly tarball no local data for has-flag@https://registry.npmjs.org/has-flag/-/has-flag-4.0.0.tgz. Extracting by manifest.
1561 silly tarball no local data for side-channel-weakmap@https://registry.npmjs.org/side-channel-weakmap/-/side-channel-weakmap-1.0.2.tgz. Extracting by manifest.
1562 silly tarball no local data for side-channel-map@https://registry.npmjs.org/side-channel-map/-/side-channel-map-1.0.1.tgz. Extracting by manifest.
1563 silly tarball no local data for side-channel-list@https://registry.npmjs.org/side-channel-list/-/side-channel-list-1.0.1.tgz. Extracting by manifest.
1564 silly tarball no local data for @emnapi/runtime@https://registry.npmjs.org/@emnapi/runtime/-/runtime-1.11.2.tgz. Extracting by manifest.
1565 silly tarball no local data for @img/sharp-libvips-darwin-x64@https://registry.npmjs.org/@img/sharp-libvips-darwin-x64/-/sharp-libvips-darwin-x64-1.2.4.tgz. Extracting by manifest.
1566 silly tarball no local data for @img/colour@https://registry.npmjs.org/@img/colour/-/colour-1.1.0.tgz. Extracting by manifest.
1567 silly tarball no local data for shebang-regex@https://registry.npmjs.org/shebang-regex/-/shebang-regex-3.0.0.tgz. Extracting by manifest.
1568 silly tarball no local data for @img/sharp-darwin-x64@https://registry.npmjs.org/@img/sharp-darwin-x64/-/sharp-darwin-x64-0.34.5.tgz. Extracting by manifest.
1569 silly tarball no local data for isarray@https://registry.npmjs.org/isarray/-/isarray-2.0.5.tgz. Extracting by manifest.
1570 silly tarball no local data for queue-microtask@https://registry.npmjs.org/queue-microtask/-/queue-microtask-1.2.3.tgz. Extracting by manifest.
1571 silly tarball no local data for path-parse@https://registry.npmjs.org/path-parse/-/path-parse-1.0.7.tgz. Extracting by manifest.
1572 silly tarball no local data for supports-preserve-symlinks-flag@https://registry.npmjs.org/supports-preserve-symlinks-flag/-/supports-preserve-symlinks-flag-1.0.0.tgz. Extracting by manifest.
1573 silly tarball no local data for node-exports-info@https://registry.npmjs.org/node-exports-info/-/node-exports-info-1.6.2.tgz. Extracting by manifest.
1574 silly tarball no local data for scheduler@https://registry.npmjs.org/scheduler/-/scheduler-0.27.0.tgz. Extracting by manifest.
1575 silly tarball no local data for object-assign@https://registry.npmjs.org/object-assign/-/object-assign-4.1.1.tgz. Extracting by manifest.
1576 silly tarball no local data for react-is@https://registry.npmjs.org/react-is/-/react-is-16.13.1.tgz. Extracting by manifest.
1577 silly tarball no local data for loose-envify@https://registry.npmjs.org/loose-envify/-/loose-envify-1.4.0.tgz. Extracting by manifest.
1578 silly tarball no local data for nanoid@https://registry.npmjs.org/nanoid/-/nanoid-3.3.16.tgz. Extracting by manifest.
1579 silly tarball no local data for callsites@https://registry.npmjs.org/callsites/-/callsites-3.1.0.tgz. Extracting by manifest.
1580 silly tarball no local data for yocto-queue@https://registry.npmjs.org/yocto-queue/-/yocto-queue-0.1.0.tgz. Extracting by manifest.
1581 silly tarball no local data for p-limit@https://registry.npmjs.org/p-limit/-/p-limit-3.1.0.tgz. Extracting by manifest.
1582 silly tarball no local data for fast-levenshtein@https://registry.npmjs.org/fast-levenshtein/-/fast-levenshtein-2.0.6.tgz. Extracting by manifest.
1583 silly tarball no local data for deep-is@https://registry.npmjs.org/deep-is/-/deep-is-0.1.4.tgz. Extracting by manifest.
1584 silly tarball no local data for tslib@https://registry.npmjs.org/tslib/-/tslib-2.8.1.tgz. Extracting by manifest.
1585 silly tarball no local data for styled-jsx@https://registry.npmjs.org/styled-jsx/-/styled-jsx-5.1.6.tgz. Extracting by manifest.
1586 silly tarball no local data for word-wrap@https://registry.npmjs.org/word-wrap/-/word-wrap-1.2.5.tgz. Extracting by manifest.
1587 silly tarball no local data for @swc/helpers@https://registry.npmjs.org/@swc/helpers/-/helpers-0.5.15.tgz. Extracting by manifest.
1588 silly tarball no local data for @next/swc-darwin-x64@https://registry.npmjs.org/@next/swc-darwin-x64/-/swc-darwin-x64-16.2.10.tgz. Extracting by manifest.
1589 silly tarball no local data for @next/env@https://registry.npmjs.org/@next/env/-/env-16.2.10.tgz. Extracting by manifest.
1590 silly tarball no local data for concat-map@https://registry.npmjs.org/concat-map/-/concat-map-0.0.1.tgz. Extracting by manifest.
1591 silly tarball no local data for sharp@https://registry.npmjs.org/sharp/-/sharp-0.34.5.tgz. Extracting by manifest.
1592 silly tarball no local data for balanced-match@https://registry.npmjs.org/balanced-match/-/balanced-match-1.0.2.tgz. Extracting by manifest.
1593 silly tarball no local data for brace-expansion@https://registry.npmjs.org/brace-expansion/-/brace-expansion-1.1.16.tgz. Extracting by manifest.
1594 silly tarball no local data for to-regex-range@https://registry.npmjs.org/to-regex-range/-/to-regex-range-5.0.1.tgz. Extracting by manifest.
1595 silly tarball no local data for picomatch@https://registry.npmjs.org/picomatch/-/picomatch-2.3.2.tgz. Extracting by manifest.
1596 silly tarball no local data for fill-range@https://registry.npmjs.org/fill-range/-/fill-range-7.1.1.tgz. Extracting by manifest.
1597 silly tarball no local data for braces@https://registry.npmjs.org/braces/-/braces-3.0.3.tgz. Extracting by manifest.
1598 silly tarball no local data for yallist@https://registry.npmjs.org/yallist/-/yallist-3.1.1.tgz. Extracting by manifest.
1599 silly tarball no local data for p-locate@https://registry.npmjs.org/p-locate/-/p-locate-5.0.0.tgz. Extracting by manifest.
1600 silly tarball no local data for detect-libc@https://registry.npmjs.org/detect-libc/-/detect-libc-2.1.2.tgz. Extracting by manifest.
1601 silly tarball no local data for lightningcss-darwin-x64@https://registry.npmjs.org/lightningcss-darwin-x64/-/lightningcss-darwin-x64-1.32.0.tgz. Extracting by manifest.
1602 silly tarball no local data for prelude-ls@https://registry.npmjs.org/prelude-ls/-/prelude-ls-1.2.1.tgz. Extracting by manifest.
1603 silly tarball no local data for type-check@https://registry.npmjs.org/type-check/-/type-check-0.4.0.tgz. Extracting by manifest.
1604 silly tarball no local data for json-buffer@https://registry.npmjs.org/json-buffer/-/json-buffer-3.0.1.tgz. Extracting by manifest.
1605 silly tarball no local data for argparse@https://registry.npmjs.org/argparse/-/argparse-2.0.1.tgz. Extracting by manifest.
1606 silly tarball no local data for set-function-name@https://registry.npmjs.org/set-function-name/-/set-function-name-2.0.2.tgz. Extracting by manifest.
1607 silly tarball no local data for language-subtag-registry@https://registry.npmjs.org/language-subtag-registry/-/language-subtag-registry-0.3.23.tgz. Extracting by manifest.
1608 silly tarball no local data for side-channel@https://registry.npmjs.org/side-channel/-/side-channel-1.1.1.tgz. Extracting by manifest.
1609 silly tarball no local data for is-extglob@https://registry.npmjs.org/is-extglob/-/is-extglob-2.1.1.tgz. Extracting by manifest.
1610 silly tarball no local data for parent-module@https://registry.npmjs.org/parent-module/-/parent-module-1.0.1.tgz. Extracting by manifest.
1611 silly tarball no local data for resolve-from@https://registry.npmjs.org/resolve-from/-/resolve-from-4.0.0.tgz. Extracting by manifest.
1612 silly tarball no local data for hermes-estree@https://registry.npmjs.org/hermes-estree/-/hermes-estree-0.25.1.tgz. Extracting by manifest.
1613 silly tarball no local data for resolve-pkg-maps@https://registry.npmjs.org/resolve-pkg-maps/-/resolve-pkg-maps-1.0.0.tgz. Extracting by manifest.
1614 silly tarball no local data for dunder-proto@https://registry.npmjs.org/dunder-proto/-/dunder-proto-1.0.1.tgz. Extracting by manifest.
1615 silly tarball no local data for is-document.all@https://registry.npmjs.org/is-document.all/-/is-document.all-1.0.0.tgz. Extracting by manifest.
1616 silly tarball no local data for functions-have-names@https://registry.npmjs.org/functions-have-names/-/functions-have-names-1.2.3.tgz. Extracting by manifest.
1617 silly tarball no local data for keyv@https://registry.npmjs.org/keyv/-/keyv-4.5.4.tgz. Extracting by manifest.
1618 silly tarball no local data for path-exists@https://registry.npmjs.org/path-exists/-/path-exists-4.0.0.tgz. Extracting by manifest.
1619 silly tarball no local data for locate-path@https://registry.npmjs.org/locate-path/-/locate-path-6.0.0.tgz. Extracting by manifest.
1620 silly tarball no local data for flatted@https://registry.npmjs.org/flatted/-/flatted-3.4.2.tgz. Extracting by manifest.
1621 silly tarball no local data for reusify@https://registry.npmjs.org/reusify/-/reusify-1.1.0.tgz. Extracting by manifest.
1622 silly tarball no local data for flat-cache@https://registry.npmjs.org/flat-cache/-/flat-cache-4.0.1.tgz. Extracting by manifest.
1623 silly tarball no local data for run-parallel@https://registry.npmjs.org/run-parallel/-/run-parallel-1.2.0.tgz. Extracting by manifest.
1624 silly tarball no local data for fastq@https://registry.npmjs.org/fastq/-/fastq-1.20.1.tgz. Extracting by manifest.
1625 silly tarball no local data for @nodelib/fs.scandir@https://registry.npmjs.org/@nodelib/fs.scandir/-/fs.scandir-2.1.5.tgz. Extracting by manifest.
1626 silly tarball no local data for merge2@https://registry.npmjs.org/merge2/-/merge2-1.4.1.tgz. Extracting by manifest.
1627 silly tarball no local data for micromatch@https://registry.npmjs.org/micromatch/-/micromatch-4.0.8.tgz. Extracting by manifest.
1628 silly tarball no local data for @nodelib/fs.stat@https://registry.npmjs.org/@nodelib/fs.stat/-/fs.stat-2.0.5.tgz. Extracting by manifest.
1629 silly tarball no local data for @nodelib/fs.walk@https://registry.npmjs.org/@nodelib/fs.walk/-/fs.walk-1.2.8.tgz. Extracting by manifest.
1630 silly tarball no local data for acorn@https://registry.npmjs.org/acorn/-/acorn-8.17.0.tgz. Extracting by manifest.
1631 silly tarball no local data for esrecurse@https://registry.npmjs.org/esrecurse/-/esrecurse-4.3.0.tgz. Extracting by manifest.
1632 silly tarball no local data for node-releases@https://registry.npmjs.org/node-releases/-/node-releases-2.0.51.tgz. Extracting by manifest.
1633 silly tarball no local data for update-browserslist-db@https://registry.npmjs.org/update-browserslist-db/-/update-browserslist-db-1.2.3.tgz. Extracting by manifest.
1634 silly tarball no local data for electron-to-chromium@https://registry.npmjs.org/electron-to-chromium/-/electron-to-chromium-1.5.393.tgz. Extracting by manifest.
1635 silly tarball no local data for acorn-jsx@https://registry.npmjs.org/acorn-jsx/-/acorn-jsx-5.3.2.tgz. Extracting by manifest.
1636 silly tarball no local data for caniuse-lite@https://registry.npmjs.org/caniuse-lite/-/caniuse-lite-1.0.30001806.tgz. Extracting by manifest.
1637 silly tarball no local data for baseline-browser-mapping@https://registry.npmjs.org/baseline-browser-mapping/-/baseline-browser-mapping-2.10.43.tgz. Extracting by manifest.
1638 silly tarball no local data for @babel/helper-string-parser@https://registry.npmjs.org/@babel/helper-string-parser/-/helper-string-parser-7.29.7.tgz. Extracting by manifest.
1639 silly tarball no local data for lru-cache@https://registry.npmjs.org/lru-cache/-/lru-cache-5.1.1.tgz. Extracting by manifest.
1640 silly tarball no local data for @babel/helper-globals@https://registry.npmjs.org/@babel/helper-globals/-/helper-globals-7.29.7.tgz. Extracting by manifest.
1641 silly tarball no local data for browserslist@https://registry.npmjs.org/browserslist/-/browserslist-4.28.6.tgz. Extracting by manifest.
1642 silly tarball no local data for jsesc@https://registry.npmjs.org/jsesc/-/jsesc-3.1.0.tgz. Extracting by manifest.
1643 silly tarball no local data for @babel/compat-data@https://registry.npmjs.org/@babel/compat-data/-/compat-data-7.29.7.tgz. Extracting by manifest.
1644 silly tarball no local data for @babel/helper-validator-option@https://registry.npmjs.org/@babel/helper-validator-option/-/helper-validator-option-7.29.7.tgz. Extracting by manifest.
1645 silly tarball no local data for @babel/helper-module-imports@https://registry.npmjs.org/@babel/helper-module-imports/-/helper-module-imports-7.29.7.tgz. Extracting by manifest.
1646 silly tarball no local data for picocolors@https://registry.npmjs.org/picocolors/-/picocolors-1.1.1.tgz. Extracting by manifest.
1647 silly tarball no local data for @babel/helper-validator-identifier@https://registry.npmjs.org/@babel/helper-validator-identifier/-/helper-validator-identifier-7.29.7.tgz. Extracting by manifest.
1648 silly tarball no local data for js-tokens@https://registry.npmjs.org/js-tokens/-/js-tokens-4.0.0.tgz. Extracting by manifest.
1649 silly tarball no local data for json5@https://registry.npmjs.org/json5/-/json5-2.2.3.tgz. Extracting by manifest.
1650 silly tarball no local data for gensync@https://registry.npmjs.org/gensync/-/gensync-1.0.0-beta.2.tgz. Extracting by manifest.
1651 silly tarball no local data for convert-source-map@https://registry.npmjs.org/convert-source-map/-/convert-source-map-2.0.0.tgz. Extracting by manifest.
1652 silly tarball no local data for @babel/types@https://registry.npmjs.org/@babel/types/-/types-7.29.7.tgz. Extracting by manifest.
1653 silly tarball no local data for @babel/traverse@https://registry.npmjs.org/@babel/traverse/-/traverse-7.29.7.tgz. Extracting by manifest.
1654 silly tarball no local data for @babel/helpers@https://registry.npmjs.org/@babel/helpers/-/helpers-7.29.7.tgz. Extracting by manifest.
1655 silly tarball no local data for @babel/template@https://registry.npmjs.org/@babel/template/-/template-7.29.7.tgz. Extracting by manifest.
1656 silly tarball no local data for @babel/helper-module-transforms@https://registry.npmjs.org/@babel/helper-module-transforms/-/helper-module-transforms-7.29.7.tgz. Extracting by manifest.
1657 silly tarball no local data for @babel/generator@https://registry.npmjs.org/@babel/generator/-/generator-7.29.7.tgz. Extracting by manifest.
1658 silly tarball no local data for @babel/code-frame@https://registry.npmjs.org/@babel/code-frame/-/code-frame-7.29.7.tgz. Extracting by manifest.
1659 silly tarball no local data for zod-validation-error@https://registry.npmjs.org/zod-validation-error/-/zod-validation-error-4.0.2.tgz. Extracting by manifest.
1660 silly tarball no local data for @babel/helper-compilation-targets@https://registry.npmjs.org/@babel/helper-compilation-targets/-/helper-compilation-targets-7.29.7.tgz. Extracting by manifest.
1661 silly tarball no local data for zod@https://registry.npmjs.org/zod/-/zod-4.4.3.tgz. Extracting by manifest.
1662 silly tarball no local data for hermes-parser@https://registry.npmjs.org/hermes-parser/-/hermes-parser-0.25.1.tgz. Extracting by manifest.
1663 silly tarball no local data for @babel/core@https://registry.npmjs.org/@babel/core/-/core-7.29.7.tgz. Extracting by manifest.
1664 silly tarball no local data for iterator.prototype@https://registry.npmjs.org/iterator.prototype/-/iterator.prototype-1.1.5.tgz. Extracting by manifest.
1665 silly tarball no local data for @babel/parser@https://registry.npmjs.org/@babel/parser/-/parser-7.29.7.tgz. Extracting by manifest.
1666 silly tarball no local data for string.prototype.repeat@https://registry.npmjs.org/string.prototype.repeat/-/string.prototype.repeat-1.0.0.tgz. Extracting by manifest.
1667 silly tarball no local data for string.prototype.matchall@https://registry.npmjs.org/string.prototype.matchall/-/string.prototype.matchall-4.0.12.tgz. Extracting by manifest.
1668 silly tarball no local data for object.entries@https://registry.npmjs.org/object.entries/-/object.entries-1.1.9.tgz. Extracting by manifest.
1669 silly tarball no local data for es-iterator-helpers@https://registry.npmjs.org/es-iterator-helpers/-/es-iterator-helpers-1.4.0.tgz. Extracting by manifest.
1670 silly tarball no local data for estraverse@https://registry.npmjs.org/estraverse/-/estraverse-5.3.0.tgz. Extracting by manifest.
1671 silly tarball no local data for prop-types@https://registry.npmjs.org/prop-types/-/prop-types-15.8.1.tgz. Extracting by manifest.
1672 silly tarball no local data for array.prototype.findlast@https://registry.npmjs.org/array.prototype.findlast/-/array.prototype.findlast-1.2.5.tgz. Extracting by manifest.
1673 silly tarball no local data for string.prototype.includes@https://registry.npmjs.org/string.prototype.includes/-/string.prototype.includes-2.0.1.tgz. Extracting by manifest.
1674 silly tarball no local data for array.prototype.tosorted@https://registry.npmjs.org/array.prototype.tosorted/-/array.prototype.tosorted-1.1.4.tgz. Extracting by manifest.
1675 silly tarball no local data for language-tags@https://registry.npmjs.org/language-tags/-/language-tags-1.0.9.tgz. Extracting by manifest.
1676 silly tarball no local data for emoji-regex@https://registry.npmjs.org/emoji-regex/-/emoji-regex-9.2.2.tgz. Extracting by manifest.
1677 silly tarball no local data for damerau-levenshtein@https://registry.npmjs.org/damerau-levenshtein/-/damerau-levenshtein-1.0.8.tgz. Extracting by manifest.
1678 silly tarball no local data for jsx-ast-utils@https://registry.npmjs.org/jsx-ast-utils/-/jsx-ast-utils-3.3.5.tgz. Extracting by manifest.
1679 silly tarball no local data for aria-query@https://registry.npmjs.org/aria-query/-/aria-query-5.3.2.tgz. Extracting by manifest.
1680 silly tarball no local data for axobject-query@https://registry.npmjs.org/axobject-query/-/axobject-query-4.1.0.tgz. Extracting by manifest.
1681 silly tarball no local data for ast-types-flow@https://registry.npmjs.org/ast-types-flow/-/ast-types-flow-0.0.8.tgz. Extracting by manifest.
1682 silly tarball no local data for axe-core@https://registry.npmjs.org/axe-core/-/axe-core-4.12.1.tgz. Extracting by manifest.
1683 silly tarball no local data for is-date-object@https://registry.npmjs.org/is-date-object/-/is-date-object-1.1.0.tgz. Extracting by manifest.
1684 silly tarball no local data for es-abstract-get@https://registry.npmjs.org/es-abstract-get/-/es-abstract-get-1.0.0.tgz. Extracting by manifest.
1685 silly tarball no local data for is-symbol@https://registry.npmjs.org/is-symbol/-/is-symbol-1.1.1.tgz. Extracting by manifest.
1686 silly tarball no local data for has-tostringtag@https://registry.npmjs.org/has-tostringtag/-/has-tostringtag-1.0.2.tgz. Extracting by manifest.
1687 silly tarball no local data for possible-typed-array-names@https://registry.npmjs.org/possible-typed-array-names/-/possible-typed-array-names-1.1.0.tgz. Extracting by manifest.
1688 silly tarball no local data for unbox-primitive@https://registry.npmjs.org/unbox-primitive/-/unbox-primitive-1.1.0.tgz. Extracting by manifest.
1689 silly tarball no local data for typed-array-byte-offset@https://registry.npmjs.org/typed-array-byte-offset/-/typed-array-byte-offset-1.0.4.tgz. Extracting by manifest.
1690 silly tarball no local data for typed-array-length@https://registry.npmjs.org/typed-array-length/-/typed-array-length-1.0.8.tgz. Extracting by manifest.
1691 silly tarball no local data for typed-array-byte-length@https://registry.npmjs.org/typed-array-byte-length/-/typed-array-byte-length-1.0.3.tgz. Extracting by manifest.
1692 silly tarball no local data for which-typed-array@https://registry.npmjs.org/which-typed-array/-/which-typed-array-1.1.22.tgz. Extracting by manifest.
1693 silly tarball no local data for typed-array-buffer@https://registry.npmjs.org/typed-array-buffer/-/typed-array-buffer-1.0.3.tgz. Extracting by manifest.
1694 silly tarball no local data for string.prototype.trimstart@https://registry.npmjs.org/string.prototype.trimstart/-/string.prototype.trimstart-1.0.8.tgz. Extracting by manifest.
1695 silly tarball no local data for string.prototype.trim@https://registry.npmjs.org/string.prototype.trim/-/string.prototype.trim-1.2.11.tgz. Extracting by manifest.
1696 silly tarball no local data for stop-iteration-iterator@https://registry.npmjs.org/stop-iteration-iterator/-/stop-iteration-iterator-1.1.0.tgz. Extracting by manifest.
1697 silly tarball no local data for set-proto@https://registry.npmjs.org/set-proto/-/set-proto-1.0.0.tgz. Extracting by manifest.
1698 silly tarball no local data for safe-regex-test@https://registry.npmjs.org/safe-regex-test/-/safe-regex-test-1.1.0.tgz. Extracting by manifest.
1699 silly tarball no local data for safe-push-apply@https://registry.npmjs.org/safe-push-apply/-/safe-push-apply-1.0.0.tgz. Extracting by manifest.
1700 silly tarball no local data for safe-array-concat@https://registry.npmjs.org/safe-array-concat/-/safe-array-concat-1.1.4.tgz. Extracting by manifest.
1701 silly tarball no local data for regexp.prototype.flags@https://registry.npmjs.org/regexp.prototype.flags/-/regexp.prototype.flags-1.5.4.tgz. Extracting by manifest.
1702 silly tarball no local data for object.assign@https://registry.npmjs.org/object.assign/-/object.assign-4.1.7.tgz. Extracting by manifest.
1703 silly tarball no local data for object-inspect@https://registry.npmjs.org/object-inspect/-/object-inspect-1.13.4.tgz. Extracting by manifest.
1704 silly tarball no local data for is-weakref@https://registry.npmjs.org/is-weakref/-/is-weakref-1.1.1.tgz. Extracting by manifest.
1705 silly tarball no local data for is-typed-array@https://registry.npmjs.org/is-typed-array/-/is-typed-array-1.1.15.tgz. Extracting by manifest.
1706 silly tarball no local data for is-shared-array-buffer@https://registry.npmjs.org/is-shared-array-buffer/-/is-shared-array-buffer-1.0.4.tgz. Extracting by manifest.
1707 silly tarball no local data for is-regex@https://registry.npmjs.org/is-regex/-/is-regex-1.2.1.tgz. Extracting by manifest.
1708 silly tarball no local data for is-negative-zero@https://registry.npmjs.org/is-negative-zero/-/is-negative-zero-2.0.3.tgz. Extracting by manifest.
1709 silly tarball no local data for is-data-view@https://registry.npmjs.org/is-data-view/-/is-data-view-1.0.2.tgz. Extracting by manifest.
1710 silly tarball no local data for is-callable@https://registry.npmjs.org/is-callable/-/is-callable-1.2.7.tgz. Extracting by manifest.
1711 silly tarball no local data for own-keys@https://registry.npmjs.org/own-keys/-/own-keys-1.0.1.tgz. Extracting by manifest.
1712 silly tarball no local data for internal-slot@https://registry.npmjs.org/internal-slot/-/internal-slot-1.1.0.tgz. Extracting by manifest.
1713 silly tarball no local data for is-array-buffer@https://registry.npmjs.org/is-array-buffer/-/is-array-buffer-3.0.5.tgz. Extracting by manifest.
1714 silly tarball no local data for is-set@https://registry.npmjs.org/is-set/-/is-set-2.0.3.tgz. Extracting by manifest.
1715 silly tarball no local data for has-proto@https://registry.npmjs.org/has-proto/-/has-proto-1.2.0.tgz. Extracting by manifest.
1716 silly tarball no local data for has-symbols@https://registry.npmjs.org/has-symbols/-/has-symbols-1.1.0.tgz. Extracting by manifest.
1717 silly tarball no local data for globalthis@https://registry.npmjs.org/globalthis/-/globalthis-1.0.4.tgz. Extracting by manifest.
1718 silly tarball no local data for get-symbol-description@https://registry.npmjs.org/get-symbol-description/-/get-symbol-description-1.1.0.tgz. Extracting by manifest.
1719 silly tarball no local data for get-proto@https://registry.npmjs.org/get-proto/-/get-proto-1.0.1.tgz. Extracting by manifest.
1720 silly tarball no local data for es-to-primitive@https://registry.npmjs.org/es-to-primitive/-/es-to-primitive-1.3.4.tgz. Extracting by manifest.
1721 silly tarball no local data for es-set-tostringtag@https://registry.npmjs.org/es-set-tostringtag/-/es-set-tostringtag-2.1.0.tgz. Extracting by manifest.
1722 silly tarball no local data for function.prototype.name@https://registry.npmjs.org/function.prototype.name/-/function.prototype.name-1.2.0.tgz. Extracting by manifest.
1723 silly tarball no local data for data-view-byte-offset@https://registry.npmjs.org/data-view-byte-offset/-/data-view-byte-offset-1.0.1.tgz. Extracting by manifest.
1724 silly tarball no local data for data-view-buffer@https://registry.npmjs.org/data-view-buffer/-/data-view-buffer-1.0.2.tgz. Extracting by manifest.
1725 silly tarball no local data for available-typed-arrays@https://registry.npmjs.org/available-typed-arrays/-/available-typed-arrays-1.0.7.tgz. Extracting by manifest.
1726 silly tarball no local data for array-buffer-byte-length@https://registry.npmjs.org/array-buffer-byte-length/-/array-buffer-byte-length-1.0.2.tgz. Extracting by manifest.
1727 silly tarball no local data for arraybuffer.prototype.slice@https://registry.npmjs.org/arraybuffer.prototype.slice/-/arraybuffer.prototype.slice-1.0.4.tgz. Extracting by manifest.
1728 silly tarball no local data for gopd@https://registry.npmjs.org/gopd/-/gopd-1.2.0.tgz. Extracting by manifest.
1729 silly tarball no local data for object-keys@https://registry.npmjs.org/object-keys/-/object-keys-1.1.1.tgz. Extracting by manifest.
1730 silly tarball no local data for has-property-descriptors@https://registry.npmjs.org/has-property-descriptors/-/has-property-descriptors-1.0.2.tgz. Extracting by manifest.
1731 silly tarball no local data for data-view-byte-length@https://registry.npmjs.org/data-view-byte-length/-/data-view-byte-length-1.0.2.tgz. Extracting by manifest.
1732 silly tarball no local data for define-data-property@https://registry.npmjs.org/define-data-property/-/define-data-property-1.1.4.tgz. Extracting by manifest.
1733 silly tarball no local data for function-bind@https://registry.npmjs.org/function-bind/-/function-bind-1.1.2.tgz. Extracting by manifest.
1734 silly tarball no local data for set-function-length@https://registry.npmjs.org/set-function-length/-/set-function-length-1.2.2.tgz. Extracting by manifest.
1735 silly tarball no local data for call-bind-apply-helpers@https://registry.npmjs.org/call-bind-apply-helpers/-/call-bind-apply-helpers-1.0.2.tgz. Extracting by manifest.
1736 silly tarball no local data for es-define-property@https://registry.npmjs.org/es-define-property/-/es-define-property-1.0.1.tgz. Extracting by manifest.
1737 silly tarball no local data for es-shim-unscopables@https://registry.npmjs.org/es-shim-unscopables/-/es-shim-unscopables-1.1.0.tgz. Extracting by manifest.
1738 silly tarball no local data for math-intrinsics@https://registry.npmjs.org/math-intrinsics/-/math-intrinsics-1.1.0.tgz. Extracting by manifest.
1739 silly tarball no local data for es-errors@https://registry.npmjs.org/es-errors/-/es-errors-1.3.0.tgz. Extracting by manifest.
1740 silly tarball no local data for get-intrinsic@https://registry.npmjs.org/get-intrinsic/-/get-intrinsic-1.3.0.tgz. Extracting by manifest.
1741 silly tarball no local data for es-object-atoms@https://registry.npmjs.org/es-object-atoms/-/es-object-atoms-1.1.2.tgz. Extracting by manifest.
1742 silly tarball no local data for es-abstract@https://registry.npmjs.org/es-abstract/-/es-abstract-1.24.2.tgz. Extracting by manifest.
1743 silly tarball no local data for define-properties@https://registry.npmjs.org/define-properties/-/define-properties-1.2.1.tgz. Extracting by manifest.
1744 silly tarball no local data for call-bound@https://registry.npmjs.org/call-bound/-/call-bound-1.0.4.tgz. Extracting by manifest.
1745 silly tarball no local data for call-bind@https://registry.npmjs.org/call-bind/-/call-bind-1.0.9.tgz. Extracting by manifest.
1746 silly tarball no local data for is-string@https://registry.npmjs.org/is-string/-/is-string-1.1.1.tgz. Extracting by manifest.
1747 silly tarball no local data for semver@https://registry.npmjs.org/semver/-/semver-6.3.1.tgz. Extracting by manifest.
1748 silly tarball no local data for tsconfig-paths@https://registry.npmjs.org/tsconfig-paths/-/tsconfig-paths-3.15.0.tgz. Extracting by manifest.
1749 silly tarball no local data for object.values@https://registry.npmjs.org/object.values/-/object.values-1.2.1.tgz. Extracting by manifest.
1750 silly tarball no local data for string.prototype.trimend@https://registry.npmjs.org/string.prototype.trimend/-/string.prototype.trimend-1.0.10.tgz. Extracting by manifest.
1751 silly tarball no local data for object.groupby@https://registry.npmjs.org/object.groupby/-/object.groupby-1.0.3.tgz. Extracting by manifest.
1752 silly tarball no local data for object.fromentries@https://registry.npmjs.org/object.fromentries/-/object.fromentries-2.0.8.tgz. Extracting by manifest.
1753 silly tarball no local data for hasown@https://registry.npmjs.org/hasown/-/hasown-2.0.4.tgz. Extracting by manifest.
1754 silly tarball no local data for eslint-module-utils@https://registry.npmjs.org/eslint-module-utils/-/eslint-module-utils-2.14.0.tgz. Extracting by manifest.
1755 silly tarball no local data for array.prototype.flatmap@https://registry.npmjs.org/array.prototype.flatmap/-/array.prototype.flatmap-1.3.3.tgz. Extracting by manifest.
1756 silly tarball no local data for array.prototype.flat@https://registry.npmjs.org/array.prototype.flat/-/array.prototype.flat-1.3.3.tgz. Extracting by manifest.
1757 silly tarball no local data for doctrine@https://registry.npmjs.org/doctrine/-/doctrine-2.1.0.tgz. Extracting by manifest.
1758 silly tarball no local data for array.prototype.findlastindex@https://registry.npmjs.org/array.prototype.findlastindex/-/array.prototype.findlastindex-1.2.6.tgz. Extracting by manifest.
1759 silly tarball no local data for @rtsao/scc@https://registry.npmjs.org/@rtsao/scc/-/scc-1.1.0.tgz. Extracting by manifest.
1760 silly tarball no local data for unrs-resolver@https://registry.npmjs.org/unrs-resolver/-/unrs-resolver-1.12.2.tgz. Extracting by manifest.
1761 silly tarball no local data for tinyglobby@https://registry.npmjs.org/tinyglobby/-/tinyglobby-0.2.17.tgz. Extracting by manifest.
1762 silly tarball no local data for array-includes@https://registry.npmjs.org/array-includes/-/array-includes-3.1.9.tgz. Extracting by manifest.
1763 silly tarball no local data for stable-hash@https://registry.npmjs.org/stable-hash/-/stable-hash-0.0.5.tgz. Extracting by manifest.
1764 silly tarball no local data for is-bun-module@https://registry.npmjs.org/is-bun-module/-/is-bun-module-2.0.0.tgz. Extracting by manifest.
1765 silly tarball no local data for get-tsconfig@https://registry.npmjs.org/get-tsconfig/-/get-tsconfig-4.14.0.tgz. Extracting by manifest.
1766 silly tarball no local data for resolve@https://registry.npmjs.org/resolve/-/resolve-2.0.0-next.7.tgz. Extracting by manifest.
1767 silly tarball no local data for @nolyfill/is-core-module@https://registry.npmjs.org/@nolyfill/is-core-module/-/is-core-module-1.0.39.tgz. Extracting by manifest.
1768 silly tarball no local data for is-core-module@https://registry.npmjs.org/is-core-module/-/is-core-module-2.16.2.tgz. Extracting by manifest.
1769 silly tarball no local data for fast-glob@https://registry.npmjs.org/fast-glob/-/fast-glob-3.3.1.tgz. Extracting by manifest.
1770 silly tarball no local data for typescript-eslint@https://registry.npmjs.org/typescript-eslint/-/typescript-eslint-8.64.0.tgz. Extracting by manifest.
1771 silly tarball no local data for eslint-plugin-react@https://registry.npmjs.org/eslint-plugin-react/-/eslint-plugin-react-7.37.5.tgz. Extracting by manifest.
1772 silly tarball no local data for eslint-plugin-react-hooks@https://registry.npmjs.org/eslint-plugin-react-hooks/-/eslint-plugin-react-hooks-7.1.1.tgz. Extracting by manifest.
1773 silly tarball no local data for eslint-plugin-jsx-a11y@https://registry.npmjs.org/eslint-plugin-jsx-a11y/-/eslint-plugin-jsx-a11y-6.10.2.tgz. Extracting by manifest.
1774 silly tarball no local data for eslint-import-resolver-typescript@https://registry.npmjs.org/eslint-import-resolver-typescript/-/eslint-import-resolver-typescript-3.10.1.tgz. Extracting by manifest.
1775 silly tarball no local data for eslint-plugin-import@https://registry.npmjs.org/eslint-plugin-import/-/eslint-plugin-import-2.32.0.tgz. Extracting by manifest.
1776 silly tarball no local data for eslint-import-resolver-node@https://registry.npmjs.org/eslint-import-resolver-node/-/eslint-import-resolver-node-0.3.10.tgz. Extracting by manifest.
1777 silly tarball no local data for @next/eslint-plugin-next@https://registry.npmjs.org/@next/eslint-plugin-next/-/eslint-plugin-next-16.2.10.tgz. Extracting by manifest.
1778 silly tarball no local data for ms@https://registry.npmjs.org/ms/-/ms-2.1.3.tgz. Extracting by manifest.
1779 silly tarball no local data for which@https://registry.npmjs.org/which/-/which-2.0.2.tgz. Extracting by manifest.
1780 silly tarball no local data for path-key@https://registry.npmjs.org/path-key/-/path-key-3.1.1.tgz. Extracting by manifest.
1781 silly tarball no local data for shebang-command@https://registry.npmjs.org/shebang-command/-/shebang-command-2.0.0.tgz. Extracting by manifest.
1782 silly tarball no local data for color-name@https://registry.npmjs.org/color-name/-/color-name-1.1.4.tgz. Extracting by manifest.
1783 silly tarball no local data for color-convert@https://registry.npmjs.org/color-convert/-/color-convert-2.0.1.tgz. Extracting by manifest.
1784 silly tarball no local data for ansi-styles@https://registry.npmjs.org/ansi-styles/-/ansi-styles-4.3.0.tgz. Extracting by manifest.
1785 silly tarball no local data for supports-color@https://registry.npmjs.org/supports-color/-/supports-color-7.2.0.tgz. Extracting by manifest.
1786 silly tarball no local data for uri-js@https://registry.npmjs.org/uri-js/-/uri-js-4.4.1.tgz. Extracting by manifest.
1787 silly tarball no local data for json-schema-traverse@https://registry.npmjs.org/json-schema-traverse/-/json-schema-traverse-0.4.1.tgz. Extracting by manifest.
1788 silly tarball no local data for fast-json-stable-stringify@https://registry.npmjs.org/fast-json-stable-stringify/-/fast-json-stable-stringify-2.1.0.tgz. Extracting by manifest.
1789 silly tarball no local data for @humanfs/types@https://registry.npmjs.org/@humanfs/types/-/types-0.15.0.tgz. Extracting by manifest.
1790 silly tarball no local data for levn@https://registry.npmjs.org/levn/-/levn-0.4.1.tgz. Extracting by manifest.
1791 silly tarball no local data for @humanfs/core@https://registry.npmjs.org/@humanfs/core/-/core-0.19.2.tgz. Extracting by manifest.
1792 silly tarball no local data for js-yaml@https://registry.npmjs.org/js-yaml/-/js-yaml-4.3.0.tgz. Extracting by manifest.
1793 silly tarball no local data for globals@https://registry.npmjs.org/globals/-/globals-14.0.0.tgz. Extracting by manifest.
1794 silly tarball no local data for import-fresh@https://registry.npmjs.org/import-fresh/-/import-fresh-3.3.1.tgz. Extracting by manifest.
1795 silly tarball no local data for strip-json-comments@https://registry.npmjs.org/strip-json-comments/-/strip-json-comments-3.1.1.tgz. Extracting by manifest.
1796 silly tarball no local data for @types/json-schema@https://registry.npmjs.org/@types/json-schema/-/json-schema-7.0.15.tgz. Extracting by manifest.
1797 silly tarball no local data for @eslint/object-schema@https://registry.npmjs.org/@eslint/object-schema/-/object-schema-2.1.7.tgz. Extracting by manifest.
1798 silly tarball no local data for optionator@https://registry.npmjs.org/optionator/-/optionator-0.9.4.tgz. Extracting by manifest.
1799 silly tarball no local data for natural-compare@https://registry.npmjs.org/natural-compare/-/natural-compare-1.4.0.tgz. Extracting by manifest.
1800 silly tarball no local data for minimatch@https://registry.npmjs.org/minimatch/-/minimatch-3.1.5.tgz. Extracting by manifest.
1801 silly tarball no local data for lodash.merge@https://registry.npmjs.org/lodash.merge/-/lodash.merge-4.6.2.tgz. Extracting by manifest.
1802 silly tarball no local data for json-stable-stringify-without-jsonify@https://registry.npmjs.org/json-stable-stringify-without-jsonify/-/json-stable-stringify-without-jsonify-1.0.1.tgz. Extracting by manifest.
1803 silly tarball no local data for is-glob@https://registry.npmjs.org/is-glob/-/is-glob-4.0.3.tgz. Extracting by manifest.
1804 silly tarball no local data for imurmurhash@https://registry.npmjs.org/imurmurhash/-/imurmurhash-0.1.4.tgz. Extracting by manifest.
1805 silly tarball no local data for ignore@https://registry.npmjs.org/ignore/-/ignore-5.3.2.tgz. Extracting by manifest.
1806 silly tarball no local data for glob-parent@https://registry.npmjs.org/glob-parent/-/glob-parent-6.0.2.tgz. Extracting by manifest.
1807 silly tarball no local data for find-up@https://registry.npmjs.org/find-up/-/find-up-5.0.0.tgz. Extracting by manifest.
1808 silly tarball no local data for file-entry-cache@https://registry.npmjs.org/file-entry-cache/-/file-entry-cache-8.0.0.tgz. Extracting by manifest.
1809 silly tarball no local data for fast-deep-equal@https://registry.npmjs.org/fast-deep-equal/-/fast-deep-equal-3.1.3.tgz. Extracting by manifest.
1810 silly tarball no local data for esutils@https://registry.npmjs.org/esutils/-/esutils-2.0.3.tgz. Extracting by manifest.
1811 silly tarball no local data for esquery@https://registry.npmjs.org/esquery/-/esquery-1.7.0.tgz. Extracting by manifest.
1812 silly tarball no local data for espree@https://registry.npmjs.org/espree/-/espree-10.4.0.tgz. Extracting by manifest.
1813 silly tarball no local data for eslint-visitor-keys@https://registry.npmjs.org/eslint-visitor-keys/-/eslint-visitor-keys-4.2.1.tgz. Extracting by manifest.
1814 silly tarball no local data for eslint-scope@https://registry.npmjs.org/eslint-scope/-/eslint-scope-8.4.0.tgz. Extracting by manifest.
1815 silly tarball no local data for escape-string-regexp@https://registry.npmjs.org/escape-string-regexp/-/escape-string-regexp-4.0.0.tgz. Extracting by manifest.
1816 silly tarball no local data for debug@https://registry.npmjs.org/debug/-/debug-4.4.3.tgz. Extracting by manifest.
1817 silly tarball no local data for cross-spawn@https://registry.npmjs.org/cross-spawn/-/cross-spawn-7.0.6.tgz. Extracting by manifest.
1818 silly tarball no local data for chalk@https://registry.npmjs.org/chalk/-/chalk-4.1.2.tgz. Extracting by manifest.
1819 silly tarball no local data for ajv@https://registry.npmjs.org/ajv/-/ajv-6.15.0.tgz. Extracting by manifest.
1820 silly tarball no local data for @types/estree@https://registry.npmjs.org/@types/estree/-/estree-1.0.9.tgz. Extracting by manifest.
1821 silly tarball no local data for @humanwhocodes/retry@https://registry.npmjs.org/@humanwhocodes/retry/-/retry-0.4.3.tgz. Extracting by manifest.
1822 silly tarball no local data for @humanwhocodes/module-importer@https://registry.npmjs.org/@humanwhocodes/module-importer/-/module-importer-1.0.1.tgz. Extracting by manifest.
1823 silly tarball no local data for @humanfs/node@https://registry.npmjs.org/@humanfs/node/-/node-0.16.8.tgz. Extracting by manifest.
1824 silly tarball no local data for @eslint/js@https://registry.npmjs.org/@eslint/js/-/js-9.39.5.tgz. Extracting by manifest.
1825 silly tarball no local data for @eslint/plugin-kit@https://registry.npmjs.org/@eslint/plugin-kit/-/plugin-kit-0.4.1.tgz. Extracting by manifest.
1826 silly tarball no local data for @eslint/eslintrc@https://registry.npmjs.org/@eslint/eslintrc/-/eslintrc-3.3.6.tgz. Extracting by manifest.
1827 silly tarball no local data for @eslint/core@https://registry.npmjs.org/@eslint/core/-/core-0.17.0.tgz. Extracting by manifest.
1828 silly tarball no local data for @eslint/config-helpers@https://registry.npmjs.org/@eslint/config-helpers/-/config-helpers-0.4.2.tgz. Extracting by manifest.
1829 silly tarball no local data for @eslint/config-array@https://registry.npmjs.org/@eslint/config-array/-/config-array-0.21.2.tgz. Extracting by manifest.
1830 silly tarball no local data for tapable@https://registry.npmjs.org/tapable/-/tapable-2.3.3.tgz. Extracting by manifest.
1831 silly tarball no local data for @eslint-community/regexpp@https://registry.npmjs.org/@eslint-community/regexpp/-/regexpp-4.12.2.tgz. Extracting by manifest.
1832 silly tarball no local data for @eslint-community/eslint-utils@https://registry.npmjs.org/@eslint-community/eslint-utils/-/eslint-utils-4.9.1.tgz. Extracting by manifest.
1833 silly tarball no local data for graceful-fs@https://registry.npmjs.org/graceful-fs/-/graceful-fs-4.2.11.tgz. Extracting by manifest.
1834 silly tarball no local data for csstype@https://registry.npmjs.org/csstype/-/csstype-3.2.3.tgz. Extracting by manifest.
1835 silly tarball no local data for undici-types@https://registry.npmjs.org/undici-types/-/undici-types-6.21.0.tgz. Extracting by manifest.
1836 silly tarball no local data for @jridgewell/resolve-uri@https://registry.npmjs.org/@jridgewell/resolve-uri/-/resolve-uri-3.1.2.tgz. Extracting by manifest.
1837 silly tarball no local data for @tailwindcss/oxide-darwin-x64@https://registry.npmjs.org/@tailwindcss/oxide-darwin-x64/-/oxide-darwin-x64-4.3.3.tgz. Extracting by manifest.
1838 silly tarball no local data for @jridgewell/sourcemap-codec@https://registry.npmjs.org/@jridgewell/sourcemap-codec/-/sourcemap-codec-1.5.5.tgz. Extracting by manifest.
1839 silly tarball no local data for source-map-js@https://registry.npmjs.org/source-map-js/-/source-map-js-1.2.1.tgz. Extracting by manifest.
1840 silly tarball no local data for @jridgewell/trace-mapping@https://registry.npmjs.org/@jridgewell/trace-mapping/-/trace-mapping-0.3.31.tgz. Extracting by manifest.
1841 silly tarball no local data for @jridgewell/gen-mapping@https://registry.npmjs.org/@jridgewell/gen-mapping/-/gen-mapping-0.3.13.tgz. Extracting by manifest.
1842 silly tarball no local data for magic-string@https://registry.npmjs.org/magic-string/-/magic-string-0.30.21.tgz. Extracting by manifest.
1843 silly tarball no local data for lightningcss@https://registry.npmjs.org/lightningcss/-/lightningcss-1.32.0.tgz. Extracting by manifest.
1844 silly tarball no local data for jiti@https://registry.npmjs.org/jiti/-/jiti-2.7.0.tgz. Extracting by manifest.
1845 silly tarball no local data for enhanced-resolve@https://registry.npmjs.org/enhanced-resolve/-/enhanced-resolve-5.24.2.tgz. Extracting by manifest.
1846 silly tarball no local data for @tailwindcss/oxide@https://registry.npmjs.org/@tailwindcss/oxide/-/oxide-4.3.3.tgz. Extracting by manifest.
1847 silly tarball no local data for @jridgewell/remapping@https://registry.npmjs.org/@jridgewell/remapping/-/remapping-2.3.5.tgz. Extracting by manifest.
1848 silly tarball no local data for @alloc/quick-lru@https://registry.npmjs.org/@alloc/quick-lru/-/quick-lru-5.2.0.tgz. Extracting by manifest.
1849 silly tarball no local data for postcss@https://registry.npmjs.org/postcss/-/postcss-8.5.20.tgz. Extracting by manifest.
1850 silly tarball no local data for tailwindcss@https://registry.npmjs.org/tailwindcss/-/tailwindcss-4.3.3.tgz. Extracting by manifest.
1851 silly tarball no local data for @tailwindcss/node@https://registry.npmjs.org/@tailwindcss/node/-/node-4.3.3.tgz. Extracting by manifest.
1852 silly tarball no local data for typescript@https://registry.npmjs.org/typescript/-/typescript-5.9.3.tgz. Extracting by manifest.
1853 silly tarball no local data for react-dom@https://registry.npmjs.org/react-dom/-/react-dom-19.2.4.tgz. Extracting by manifest.
1854 silly tarball no local data for eslint-config-next@https://registry.npmjs.org/eslint-config-next/-/eslint-config-next-16.2.10.tgz. Extracting by manifest.
1855 silly tarball no local data for react@https://registry.npmjs.org/react/-/react-19.2.4.tgz. Extracting by manifest.
1856 silly tarball no local data for next@https://registry.npmjs.org/next/-/next-16.2.10.tgz. Extracting by manifest.
1857 silly tarball no local data for eslint@https://registry.npmjs.org/eslint/-/eslint-9.39.5.tgz. Extracting by manifest.
1858 silly tarball no local data for @types/react-dom@https://registry.npmjs.org/@types/react-dom/-/react-dom-19.2.3.tgz. Extracting by manifest.
1859 silly tarball no local data for @types/react@https://registry.npmjs.org/@types/react/-/react-19.2.17.tgz. Extracting by manifest.
1860 silly tarball no local data for @types/node@https://registry.npmjs.org/@types/node/-/node-20.19.43.tgz. Extracting by manifest.
1861 silly tarball no local data for @emnapi/runtime@https://registry.npmjs.org/@emnapi/runtime/-/runtime-1.10.0.tgz. Extracting by manifest.
1862 silly tarball no local data for @tailwindcss/postcss@https://registry.npmjs.org/@tailwindcss/postcss/-/postcss-4.3.3.tgz. Extracting by manifest.
1863 silly tarball no local data for eslint-visitor-keys@https://registry.npmjs.org/eslint-visitor-keys/-/eslint-visitor-keys-5.0.1.tgz. Extracting by manifest.
1864 silly tarball no local data for brace-expansion@https://registry.npmjs.org/brace-expansion/-/brace-expansion-5.0.7.tgz. Extracting by manifest.
1865 silly tarball no local data for semver@https://registry.npmjs.org/semver/-/semver-7.8.5.tgz. Extracting by manifest.
1866 silly tarball no local data for balanced-match@https://registry.npmjs.org/balanced-match/-/balanced-match-4.0.4.tgz. Extracting by manifest.
1867 silly tarball no local data for minimatch@https://registry.npmjs.org/minimatch/-/minimatch-10.2.5.tgz. Extracting by manifest.
1868 silly tarball no local data for ignore@https://registry.npmjs.org/ignore/-/ignore-7.0.6.tgz. Extracting by manifest.
1869 silly tarball no local data for semver@https://registry.npmjs.org/semver/-/semver-7.8.5.tgz. Extracting by manifest.
1870 silly tarball no local data for picomatch@https://registry.npmjs.org/picomatch/-/picomatch-4.0.5.tgz. Extracting by manifest.
1871 silly tarball no local data for json5@https://registry.npmjs.org/json5/-/json5-1.0.2.tgz. Extracting by manifest.
1872 silly tarball no local data for fdir@https://registry.npmjs.org/fdir/-/fdir-6.5.0.tgz. Extracting by manifest.
1873 silly tarball no local data for semver@https://registry.npmjs.org/semver/-/semver-7.8.5.tgz. Extracting by manifest.
1874 silly tarball no local data for debug@https://registry.npmjs.org/debug/-/debug-3.2.7.tgz. Extracting by manifest.
1875 silly tarball no local data for glob-parent@https://registry.npmjs.org/glob-parent/-/glob-parent-5.1.2.tgz. Extracting by manifest.
1876 silly tarball no local data for debug@https://registry.npmjs.org/debug/-/debug-3.2.7.tgz. Extracting by manifest.
1877 silly tarball no local data for eslint-visitor-keys@https://registry.npmjs.org/eslint-visitor-keys/-/eslint-visitor-keys-3.4.3.tgz. Extracting by manifest.
1878 silly tarball no local data for debug@https://registry.npmjs.org/debug/-/debug-3.2.7.tgz. Extracting by manifest.
1879 silly tarball no local data for postcss@https://registry.npmjs.org/postcss/-/postcss-8.4.31.tgz. Extracting by manifest.
1880 silly tarball no local data for globals@https://registry.npmjs.org/globals/-/globals-16.4.0.tgz. Extracting by manifest.
1881 http fetch POST 200 https://registry.npmjs.org/-/npm/v1/security/advisories/bulk 434ms
1882 silly audit report {
1882 silly audit report   postcss: [
1882 silly audit report     {
1882 silly audit report       id: 1117015,
1882 silly audit report       url: 'https://github.com/advisories/GHSA-qx2v-qp2m-jg93',
1882 silly audit report       title: 'PostCSS has XSS via Unescaped </style> in its CSS Stringify Output',
1882 silly audit report       severity: 'moderate',
1882 silly audit report       vulnerable_versions: '<8.5.10',
1882 silly audit report       cwe: [Array],
1882 silly audit report       cvss: [Object]
1882 silly audit report     }
1882 silly audit report   ]
1882 silly audit report }
1883 http fetch GET 200 https://registry.npmjs.org/isexe/-/isexe-2.0.0.tgz 808ms (cache miss)
1884 http fetch GET 200 https://registry.npmjs.org/generator-function/-/generator-function-2.0.1.tgz 851ms (cache miss)
1885 http fetch GET 200 https://registry.npmjs.org/is-weakmap/-/is-weakmap-2.0.2.tgz 863ms (cache miss)
1886 http fetch GET 200 https://registry.npmjs.org/which-collection/-/which-collection-1.0.2.tgz 862ms (cache miss)
1887 http fetch GET 200 https://registry.npmjs.org/is-finalizationregistry/-/is-finalizationregistry-1.1.1.tgz 865ms (cache miss)
1888 http fetch GET 200 https://registry.npmjs.org/punycode/-/punycode-2.3.1.tgz 872ms (cache miss)
1889 http fetch GET 200 https://registry.npmjs.org/async-function/-/async-function-1.0.0.tgz 883ms (cache miss)
1890 http fetch GET 200 https://registry.npmjs.org/is-bigint/-/is-bigint-1.1.0.tgz 888ms (cache miss)
1891 http fetch GET 200 https://registry.npmjs.org/is-map/-/is-map-2.0.3.tgz 897ms (cache miss)
1892 http fetch GET 200 https://registry.npmjs.org/is-number-object/-/is-number-object-1.1.1.tgz 900ms (cache miss)
1893 http fetch GET 200 https://registry.npmjs.org/is-boolean-object/-/is-boolean-object-1.2.2.tgz 900ms (cache miss)
1894 http fetch GET 200 https://registry.npmjs.org/is-async-function/-/is-async-function-2.1.1.tgz 903ms (cache miss)
1895 http fetch GET 200 https://registry.npmjs.org/is-weakset/-/is-weakset-2.0.4.tgz 908ms (cache miss)
1896 http fetch GET 200 https://registry.npmjs.org/is-generator-function/-/is-generator-function-1.1.2.tgz 910ms (cache miss)
1897 http fetch GET 200 https://registry.npmjs.org/@typescript-eslint/tsconfig-utils/-/tsconfig-utils-8.64.0.tgz 1062ms (cache miss)
1898 http fetch GET 200 https://registry.npmjs.org/escalade/-/escalade-3.2.0.tgz 1069ms (cache miss)
1899 http fetch GET 200 https://registry.npmjs.org/@typescript-eslint/visitor-keys/-/visitor-keys-8.64.0.tgz 1068ms (cache miss)
1900 http fetch GET 200 https://registry.npmjs.org/@typescript-eslint/project-service/-/project-service-8.64.0.tgz 1086ms (cache miss)
1901 http fetch GET 200 https://registry.npmjs.org/has-bigints/-/has-bigints-1.1.0.tgz 1094ms (cache miss)
1902 http fetch GET 200 https://registry.npmjs.org/@typescript-eslint/types/-/types-8.64.0.tgz 1096ms (cache miss)
1903 http fetch GET 200 https://registry.npmjs.org/which-boxed-primitive/-/which-boxed-primitive-1.1.1.tgz 1127ms (cache miss)
1904 http fetch GET 200 https://registry.npmjs.org/strip-bom/-/strip-bom-3.0.0.tgz 1129ms (cache miss)
1905 http fetch GET 200 https://registry.npmjs.org/napi-postinstall/-/napi-postinstall-0.3.4.tgz 1146ms (cache miss)
1906 http fetch GET 200 https://registry.npmjs.org/reflect.getprototypeof/-/reflect.getprototypeof-1.0.10.tgz 1148ms (cache miss)
1907 http fetch GET 200 https://registry.npmjs.org/for-each/-/for-each-0.3.5.tgz 1148ms (cache miss)
1908 http fetch GET 200 https://registry.npmjs.org/which-builtin-type/-/which-builtin-type-1.2.1.tgz 1156ms (cache miss)
1909 http fetch GET 200 https://registry.npmjs.org/@typescript-eslint/parser/-/parser-8.64.0.tgz 1171ms (cache miss)
1910 http fetch GET 200 https://registry.npmjs.org/ts-api-utils/-/ts-api-utils-2.5.0.tgz 1177ms (cache miss)
1911 http fetch GET 200 https://registry.npmjs.org/@emnapi/wasi-threads/-/wasi-threads-1.2.1.tgz 1196ms (cache miss)
1912 http fetch GET 200 https://registry.npmjs.org/@types/json5/-/json5-0.0.29.tgz 1188ms (cache miss)
1913 http fetch GET 200 https://registry.npmjs.org/minimist/-/minimist-1.2.8.tgz 1188ms (cache miss)
1914 http fetch GET 200 https://registry.npmjs.org/is-number/-/is-number-7.0.0.tgz 1192ms (cache miss)
1915 http fetch GET 200 https://registry.npmjs.org/@typescript-eslint/type-utils/-/type-utils-8.64.0.tgz 1233ms (cache miss)
1916 http fetch GET 200 https://registry.npmjs.org/client-only/-/client-only-0.0.1.tgz 1259ms (cache miss)
1917 http fetch GET 200 https://registry.npmjs.org/has-flag/-/has-flag-4.0.0.tgz 1259ms (cache miss)
1918 http fetch GET 200 https://registry.npmjs.org/side-channel-weakmap/-/side-channel-weakmap-1.0.2.tgz 1282ms (cache miss)
1919 http fetch GET 200 https://registry.npmjs.org/side-channel-list/-/side-channel-list-1.0.1.tgz 1295ms (cache miss)
1920 http fetch GET 200 https://registry.npmjs.org/side-channel-map/-/side-channel-map-1.0.1.tgz 1310ms (cache miss)
1921 http fetch GET 200 https://registry.npmjs.org/@tybys/wasm-util/-/wasm-util-0.10.3.tgz 1385ms (cache miss)
1922 http fetch GET 200 https://registry.npmjs.org/@typescript-eslint/utils/-/utils-8.64.0.tgz 1392ms (cache miss)
1923 http fetch GET 200 https://registry.npmjs.org/shebang-regex/-/shebang-regex-3.0.0.tgz 1398ms (cache miss)
1924 http fetch GET 200 https://registry.npmjs.org/@img/colour/-/colour-1.1.0.tgz 1407ms (cache miss)
1925 http fetch GET 200 https://registry.npmjs.org/isarray/-/isarray-2.0.5.tgz 1418ms (cache miss)
1926 http fetch GET 200 https://registry.npmjs.org/queue-microtask/-/queue-microtask-1.2.3.tgz 1424ms (cache miss)
1927 http fetch GET 200 https://registry.npmjs.org/@typescript-eslint/typescript-estree/-/typescript-estree-8.64.0.tgz 1446ms (cache miss)
1928 http fetch GET 200 https://registry.npmjs.org/@emnapi/core/-/core-1.10.0.tgz 1465ms (cache miss)
1929 http fetch GET 200 https://registry.npmjs.org/path-parse/-/path-parse-1.0.7.tgz 1447ms (cache miss)
1930 http fetch GET 200 https://registry.npmjs.org/@emnapi/runtime/-/runtime-1.11.2.tgz 1452ms (cache miss)
1931 http fetch GET 200 https://registry.npmjs.org/supports-preserve-symlinks-flag/-/supports-preserve-symlinks-flag-1.0.0.tgz 1449ms (cache miss)
1932 http fetch GET 200 https://registry.npmjs.org/@img/sharp-darwin-x64/-/sharp-darwin-x64-0.34.5.tgz 1464ms (cache miss)
1933 http fetch GET 200 https://registry.npmjs.org/node-exports-info/-/node-exports-info-1.6.2.tgz 1477ms (cache miss)
1934 http fetch GET 200 https://registry.npmjs.org/scheduler/-/scheduler-0.27.0.tgz 1486ms (cache miss)
1935 http fetch GET 200 https://registry.npmjs.org/object-assign/-/object-assign-4.1.1.tgz 1508ms (cache miss)
1936 http fetch GET 200 https://registry.npmjs.org/react-is/-/react-is-16.13.1.tgz 1568ms (cache miss)
1937 http fetch GET 200 https://registry.npmjs.org/loose-envify/-/loose-envify-1.4.0.tgz 1598ms (cache miss)
1938 http fetch GET 200 https://registry.npmjs.org/@unrs/resolver-binding-darwin-x64/-/resolver-binding-darwin-x64-1.12.2.tgz 1647ms (cache miss)
1939 http fetch GET 200 https://registry.npmjs.org/callsites/-/callsites-3.1.0.tgz 1625ms (cache miss)
1940 http fetch GET 200 https://registry.npmjs.org/yocto-queue/-/yocto-queue-0.1.0.tgz 1640ms (cache miss)
1941 http fetch GET 200 https://registry.npmjs.org/p-limit/-/p-limit-3.1.0.tgz 1658ms (cache miss)
1942 http fetch GET 200 https://registry.npmjs.org/deep-is/-/deep-is-0.1.4.tgz 1659ms (cache miss)
1943 http fetch GET 200 https://registry.npmjs.org/fast-levenshtein/-/fast-levenshtein-2.0.6.tgz 1663ms (cache miss)
1944 http fetch GET 200 https://registry.npmjs.org/nanoid/-/nanoid-3.3.16.tgz 1668ms (cache miss)
1945 http fetch GET 200 https://registry.npmjs.org/tslib/-/tslib-2.8.1.tgz 1666ms (cache miss)
1946 http fetch GET 200 https://registry.npmjs.org/@napi-rs/wasm-runtime/-/wasm-runtime-1.1.6.tgz 1694ms (cache miss)
1947 http fetch GET 200 https://registry.npmjs.org/@typescript-eslint/scope-manager/-/scope-manager-8.64.0.tgz 1689ms (cache miss)
1948 http fetch GET 200 https://registry.npmjs.org/word-wrap/-/word-wrap-1.2.5.tgz 1679ms (cache miss)
1949 http fetch GET 200 https://registry.npmjs.org/styled-jsx/-/styled-jsx-5.1.6.tgz 1706ms (cache miss)
1950 http fetch GET 200 https://registry.npmjs.org/@next/env/-/env-16.2.10.tgz 1771ms (cache miss)
1951 http fetch GET 200 https://registry.npmjs.org/concat-map/-/concat-map-0.0.1.tgz 1823ms (cache miss)
1952 http fetch GET 200 https://registry.npmjs.org/to-regex-range/-/to-regex-range-5.0.1.tgz 1823ms (cache miss)
1953 http fetch GET 200 https://registry.npmjs.org/balanced-match/-/balanced-match-1.0.2.tgz 1825ms (cache miss)
1954 http fetch GET 200 https://registry.npmjs.org/yallist/-/yallist-3.1.1.tgz 1911ms (cache miss)
1955 http fetch GET 200 https://registry.npmjs.org/fill-range/-/fill-range-7.1.1.tgz 1930ms (cache miss)
1956 http fetch GET 200 https://registry.npmjs.org/p-locate/-/p-locate-5.0.0.tgz 1930ms (cache miss)
1957 http fetch GET 200 https://registry.npmjs.org/detect-libc/-/detect-libc-2.1.2.tgz 1930ms (cache miss)
1958 http fetch GET 200 https://registry.npmjs.org/braces/-/braces-3.0.3.tgz 1933ms (cache miss)
1959 http fetch GET 200 https://registry.npmjs.org/picomatch/-/picomatch-2.3.2.tgz 1939ms (cache miss)
1960 http fetch GET 200 https://registry.npmjs.org/brace-expansion/-/brace-expansion-1.1.16.tgz 1959ms (cache miss)
1961 http fetch GET 200 https://registry.npmjs.org/prelude-ls/-/prelude-ls-1.2.1.tgz 1966ms (cache miss)
1962 http fetch GET 200 https://registry.npmjs.org/@typescript-eslint/eslint-plugin/-/eslint-plugin-8.64.0.tgz 2018ms (cache miss)
1963 http fetch GET 200 https://registry.npmjs.org/type-check/-/type-check-0.4.0.tgz 1995ms (cache miss)
1964 http fetch GET 200 https://registry.npmjs.org/json-buffer/-/json-buffer-3.0.1.tgz 2001ms (cache miss)
1965 http fetch GET 200 https://registry.npmjs.org/set-function-name/-/set-function-name-2.0.2.tgz 2011ms (cache miss)
1966 http fetch GET 200 https://registry.npmjs.org/sharp/-/sharp-0.34.5.tgz 2020ms (cache miss)
1967 http fetch GET 200 https://registry.npmjs.org/argparse/-/argparse-2.0.1.tgz 2016ms (cache miss)
1968 http fetch GET 200 https://registry.npmjs.org/side-channel/-/side-channel-1.1.1.tgz 2047ms (cache miss)
1969 http fetch GET 200 https://registry.npmjs.org/is-extglob/-/is-extglob-2.1.1.tgz 2059ms (cache miss)
1970 http fetch GET 200 https://registry.npmjs.org/parent-module/-/parent-module-1.0.1.tgz 2074ms (cache miss)
1971 http fetch GET 200 https://registry.npmjs.org/resolve-from/-/resolve-from-4.0.0.tgz 2075ms (cache miss)
1972 http fetch GET 200 https://registry.npmjs.org/hermes-estree/-/hermes-estree-0.25.1.tgz 2123ms (cache miss)
1973 http fetch GET 200 https://registry.npmjs.org/@swc/helpers/-/helpers-0.5.15.tgz 2173ms (cache miss)
1974 http fetch GET 200 https://registry.npmjs.org/resolve-pkg-maps/-/resolve-pkg-maps-1.0.0.tgz 2191ms (cache miss)
1975 http fetch GET 200 https://registry.npmjs.org/dunder-proto/-/dunder-proto-1.0.1.tgz 2226ms (cache miss)
1976 http fetch GET 200 https://registry.npmjs.org/is-document.all/-/is-document.all-1.0.0.tgz 2230ms (cache miss)
1977 http fetch GET 200 https://registry.npmjs.org/functions-have-names/-/functions-have-names-1.2.3.tgz 2234ms (cache miss)
1978 http fetch GET 200 https://registry.npmjs.org/path-exists/-/path-exists-4.0.0.tgz 2256ms (cache miss)
1979 http fetch GET 200 https://registry.npmjs.org/keyv/-/keyv-4.5.4.tgz 2273ms (cache miss)
1980 http fetch GET 200 https://registry.npmjs.org/locate-path/-/locate-path-6.0.0.tgz 2316ms (cache miss)
1981 http fetch GET 200 https://registry.npmjs.org/flatted/-/flatted-3.4.2.tgz 2317ms (cache miss)
1982 http fetch GET 200 https://registry.npmjs.org/language-subtag-registry/-/language-subtag-registry-0.3.23.tgz 2359ms (cache miss)
1983 http fetch GET 200 https://registry.npmjs.org/reusify/-/reusify-1.1.0.tgz 2356ms (cache miss)
1984 http fetch GET 200 https://registry.npmjs.org/flat-cache/-/flat-cache-4.0.1.tgz 2358ms (cache miss)
1985 http fetch GET 200 https://registry.npmjs.org/run-parallel/-/run-parallel-1.2.0.tgz 2465ms (cache miss)
1986 http fetch GET 200 https://registry.npmjs.org/fastq/-/fastq-1.20.1.tgz 2542ms (cache miss)
1987 http fetch GET 200 https://registry.npmjs.org/@nodelib/fs.scandir/-/fs.scandir-2.1.5.tgz 2583ms (cache miss)
1988 http fetch GET 200 https://registry.npmjs.org/merge2/-/merge2-1.4.1.tgz 2603ms (cache miss)
1989 http fetch GET 200 https://registry.npmjs.org/micromatch/-/micromatch-4.0.8.tgz 2632ms (cache miss)
1990 http fetch GET 200 https://registry.npmjs.org/@nodelib/fs.stat/-/fs.stat-2.0.5.tgz 2665ms (cache miss)
1991 http fetch GET 200 https://registry.npmjs.org/@nodelib/fs.walk/-/fs.walk-1.2.8.tgz 2703ms (cache miss)
1992 http fetch GET 200 https://registry.npmjs.org/esrecurse/-/esrecurse-4.3.0.tgz 2704ms (cache miss)
1993 http fetch GET 200 https://registry.npmjs.org/node-releases/-/node-releases-2.0.51.tgz 2755ms (cache miss)
1994 http fetch GET 200 https://registry.npmjs.org/update-browserslist-db/-/update-browserslist-db-1.2.3.tgz 2762ms (cache miss)
1995 http fetch GET 200 https://registry.npmjs.org/electron-to-chromium/-/electron-to-chromium-1.5.393.tgz 2774ms (cache miss)
1996 http fetch GET 200 https://registry.npmjs.org/acorn-jsx/-/acorn-jsx-5.3.2.tgz 3034ms (cache miss)
1997 http fetch GET 200 https://registry.npmjs.org/baseline-browser-mapping/-/baseline-browser-mapping-2.10.43.tgz 3121ms (cache miss)
1998 http fetch GET 200 https://registry.npmjs.org/lru-cache/-/lru-cache-5.1.1.tgz 3178ms (cache miss)
1999 http fetch GET 200 https://registry.npmjs.org/@babel/helper-globals/-/helper-globals-7.29.7.tgz 3238ms (cache miss)
2000 http fetch GET 200 https://registry.npmjs.org/jsesc/-/jsesc-3.1.0.tgz 3264ms (cache miss)
2001 http fetch GET 200 https://registry.npmjs.org/browserslist/-/browserslist-4.28.6.tgz 3299ms (cache miss)
2002 http fetch GET 200 https://registry.npmjs.org/@babel/compat-data/-/compat-data-7.29.7.tgz 3339ms (cache miss)
2003 http fetch GET 200 https://registry.npmjs.org/@babel/helper-validator-option/-/helper-validator-option-7.29.7.tgz 3345ms (cache miss)
2004 http fetch GET 200 https://registry.npmjs.org/@babel/helper-module-imports/-/helper-module-imports-7.29.7.tgz 3390ms (cache miss)
2005 http fetch GET 200 https://registry.npmjs.org/@babel/helper-string-parser/-/helper-string-parser-7.29.7.tgz 3394ms (cache miss)
2006 http fetch GET 200 https://registry.npmjs.org/acorn/-/acorn-8.17.0.tgz 3415ms (cache miss)
2007 http fetch GET 200 https://registry.npmjs.org/picocolors/-/picocolors-1.1.1.tgz 4059ms (cache miss)
2008 http fetch GET 200 https://registry.npmjs.org/@babel/helper-validator-identifier/-/helper-validator-identifier-7.29.7.tgz 4212ms (cache miss)
2009 http fetch GET 200 https://registry.npmjs.org/js-tokens/-/js-tokens-4.0.0.tgz 5124ms (cache miss)
2010 http fetch GET 200 https://registry.npmjs.org/@babel/generator/-/generator-7.29.7.tgz 5239ms (cache miss)
2011 http fetch GET 200 https://registry.npmjs.org/@babel/code-frame/-/code-frame-7.29.7.tgz 5371ms (cache miss)
2012 http fetch GET 200 https://registry.npmjs.org/zod-validation-error/-/zod-validation-error-4.0.2.tgz 5750ms (cache miss)
2013 http fetch GET 200 https://registry.npmjs.org/@babel/helper-compilation-targets/-/helper-compilation-targets-7.29.7.tgz 5785ms (cache miss)
2014 http fetch GET 200 https://registry.npmjs.org/@babel/template/-/template-7.29.7.tgz 6032ms (cache miss)
2015 http fetch GET 200 https://registry.npmjs.org/@babel/helper-module-transforms/-/helper-module-transforms-7.29.7.tgz 6044ms (cache miss)
2016 http fetch GET 200 https://registry.npmjs.org/@babel/types/-/types-7.29.7.tgz 6066ms (cache miss)
2017 http fetch GET 200 https://registry.npmjs.org/caniuse-lite/-/caniuse-lite-1.0.30001806.tgz 6205ms (cache miss)
2018 http fetch GET 200 https://registry.npmjs.org/convert-source-map/-/convert-source-map-2.0.0.tgz 6242ms (cache miss)
2019 http fetch GET 200 https://registry.npmjs.org/@babel/core/-/core-7.29.7.tgz 6325ms (cache miss)
2020 http fetch GET 200 https://registry.npmjs.org/iterator.prototype/-/iterator.prototype-1.1.5.tgz 6596ms (cache miss)
2021 http fetch GET 200 https://registry.npmjs.org/string.prototype.repeat/-/string.prototype.repeat-1.0.0.tgz 6621ms (cache miss)
2022 http fetch GET 200 https://registry.npmjs.org/gensync/-/gensync-1.0.0-beta.2.tgz 6628ms (cache miss)
2023 http fetch GET 200 https://registry.npmjs.org/string.prototype.matchall/-/string.prototype.matchall-4.0.12.tgz 6771ms (cache miss)
2024 http fetch GET 200 https://registry.npmjs.org/object.entries/-/object.entries-1.1.9.tgz 6788ms (cache miss)
2025 http fetch GET 200 https://registry.npmjs.org/hermes-parser/-/hermes-parser-0.25.1.tgz 6810ms (cache miss)
2026 http fetch GET 200 https://registry.npmjs.org/zod/-/zod-4.4.3.tgz 6843ms (cache miss)
2027 http fetch GET 200 https://registry.npmjs.org/es-iterator-helpers/-/es-iterator-helpers-1.4.0.tgz 6893ms (cache miss)
2028 http fetch GET 200 https://registry.npmjs.org/estraverse/-/estraverse-5.3.0.tgz 6986ms (cache miss)
2029 http fetch GET 200 https://registry.npmjs.org/array.prototype.findlast/-/array.prototype.findlast-1.2.5.tgz 6988ms (cache miss)
2030 http fetch GET 200 https://registry.npmjs.org/prop-types/-/prop-types-15.8.1.tgz 7006ms (cache miss)
2031 http fetch GET 200 https://registry.npmjs.org/language-tags/-/language-tags-1.0.9.tgz 7030ms (cache miss)
2032 http fetch GET 200 https://registry.npmjs.org/array.prototype.tosorted/-/array.prototype.tosorted-1.1.4.tgz 7063ms (cache miss)
2033 http fetch GET 200 https://registry.npmjs.org/@babel/helpers/-/helpers-7.29.7.tgz 7072ms (cache miss)
2034 http fetch GET 200 https://registry.npmjs.org/string.prototype.includes/-/string.prototype.includes-2.0.1.tgz 7067ms (cache miss)
2035 http fetch GET 200 https://registry.npmjs.org/emoji-regex/-/emoji-regex-9.2.2.tgz 7066ms (cache miss)
2036 http fetch GET 200 https://registry.npmjs.org/damerau-levenshtein/-/damerau-levenshtein-1.0.8.tgz 7070ms (cache miss)
2037 http fetch GET 200 https://registry.npmjs.org/@img/sharp-libvips-darwin-x64/-/sharp-libvips-darwin-x64-1.2.4.tgz 7123ms (cache miss)
2038 http fetch GET 200 https://registry.npmjs.org/is-date-object/-/is-date-object-1.1.0.tgz 7202ms (cache miss)
2039 http fetch GET 200 https://registry.npmjs.org/ast-types-flow/-/ast-types-flow-0.0.8.tgz 7235ms (cache miss)
2040 http fetch GET 200 https://registry.npmjs.org/es-abstract-get/-/es-abstract-get-1.0.0.tgz 7257ms (cache miss)
2041 http fetch GET 200 https://registry.npmjs.org/jsx-ast-utils/-/jsx-ast-utils-3.3.5.tgz 7262ms (cache miss)
2042 http fetch GET 200 https://registry.npmjs.org/is-symbol/-/is-symbol-1.1.1.tgz 7265ms (cache miss)
2043 http fetch GET 200 https://registry.npmjs.org/has-tostringtag/-/has-tostringtag-1.0.2.tgz 7268ms (cache miss)
2044 http fetch GET 200 https://registry.npmjs.org/possible-typed-array-names/-/possible-typed-array-names-1.1.0.tgz 7268ms (cache miss)
2045 http fetch GET 200 https://registry.npmjs.org/json5/-/json5-2.2.3.tgz 7290ms (cache miss)
2046 http fetch GET 200 https://registry.npmjs.org/aria-query/-/aria-query-5.3.2.tgz 7297ms (cache miss)
2047 http fetch GET 200 https://registry.npmjs.org/axobject-query/-/axobject-query-4.1.0.tgz 7312ms (cache miss)
2048 http fetch GET 200 https://registry.npmjs.org/unbox-primitive/-/unbox-primitive-1.1.0.tgz 7384ms (cache miss)
2049 http fetch GET 200 https://registry.npmjs.org/typed-array-length/-/typed-array-length-1.0.8.tgz 7387ms (cache miss)
2050 http fetch GET 200 https://registry.npmjs.org/typed-array-byte-offset/-/typed-array-byte-offset-1.0.4.tgz 7388ms (cache miss)
2051 http fetch GET 200 https://registry.npmjs.org/@babel/parser/-/parser-7.29.7.tgz 7397ms (cache miss)
2052 http fetch GET 200 https://registry.npmjs.org/typed-array-byte-length/-/typed-array-byte-length-1.0.3.tgz 7413ms (cache miss)
2053 http fetch GET 200 https://registry.npmjs.org/which-typed-array/-/which-typed-array-1.1.22.tgz 7413ms (cache miss)
2054 http fetch GET 200 https://registry.npmjs.org/string.prototype.trimstart/-/string.prototype.trimstart-1.0.8.tgz 7464ms (cache miss)
2055 http fetch GET 200 https://registry.npmjs.org/typed-array-buffer/-/typed-array-buffer-1.0.3.tgz 7493ms (cache miss)
2056 http fetch GET 200 https://registry.npmjs.org/set-proto/-/set-proto-1.0.0.tgz 7492ms (cache miss)
2057 http fetch GET 200 https://registry.npmjs.org/string.prototype.trim/-/string.prototype.trim-1.2.11.tgz 7504ms (cache miss)
2058 http fetch GET 200 https://registry.npmjs.org/stop-iteration-iterator/-/stop-iteration-iterator-1.1.0.tgz 7537ms (cache miss)
2059 http fetch GET 200 https://registry.npmjs.org/safe-regex-test/-/safe-regex-test-1.1.0.tgz 7611ms (cache miss)
2060 http fetch GET 200 https://registry.npmjs.org/safe-array-concat/-/safe-array-concat-1.1.4.tgz 7615ms (cache miss)
2061 http fetch GET 200 https://registry.npmjs.org/safe-push-apply/-/safe-push-apply-1.0.0.tgz 7616ms (cache miss)
2062 http fetch GET 200 https://registry.npmjs.org/regexp.prototype.flags/-/regexp.prototype.flags-1.5.4.tgz 7636ms (cache miss)
2063 http fetch GET 200 https://registry.npmjs.org/object-inspect/-/object-inspect-1.13.4.tgz 7648ms (cache miss)
2064 http fetch GET 200 https://registry.npmjs.org/object.assign/-/object.assign-4.1.7.tgz 7651ms (cache miss)
2065 http fetch GET 200 https://registry.npmjs.org/is-weakref/-/is-weakref-1.1.1.tgz 7669ms (cache miss)
2066 http fetch GET 200 https://registry.npmjs.org/is-shared-array-buffer/-/is-shared-array-buffer-1.0.4.tgz 7709ms (cache miss)
2067 http fetch GET 200 https://registry.npmjs.org/is-typed-array/-/is-typed-array-1.1.15.tgz 7711ms (cache miss)
2068 http fetch GET 200 https://registry.npmjs.org/is-regex/-/is-regex-1.2.1.tgz 7712ms (cache miss)
2069 http fetch GET 200 https://registry.npmjs.org/is-negative-zero/-/is-negative-zero-2.0.3.tgz 7744ms (cache miss)
2070 http fetch GET 200 https://registry.npmjs.org/is-data-view/-/is-data-view-1.0.2.tgz 7773ms (cache miss)
2071 http fetch GET 200 https://registry.npmjs.org/is-callable/-/is-callable-1.2.7.tgz 7774ms (cache miss)
2072 http fetch GET 200 https://registry.npmjs.org/own-keys/-/own-keys-1.0.1.tgz 7777ms (cache miss)
2073 http fetch GET 200 https://registry.npmjs.org/internal-slot/-/internal-slot-1.1.0.tgz 7781ms (cache miss)
2074 http fetch GET 200 https://registry.npmjs.org/is-array-buffer/-/is-array-buffer-3.0.5.tgz 7814ms (cache miss)
2075 http fetch GET 200 https://registry.npmjs.org/is-set/-/is-set-2.0.3.tgz 7839ms (cache miss)
2076 http fetch GET 200 https://registry.npmjs.org/has-symbols/-/has-symbols-1.1.0.tgz 7854ms (cache miss)
2077 http fetch GET 200 https://registry.npmjs.org/has-proto/-/has-proto-1.2.0.tgz 7854ms (cache miss)
2078 http fetch GET 200 https://registry.npmjs.org/lightningcss-darwin-x64/-/lightningcss-darwin-x64-1.32.0.tgz 7951ms (cache miss)
2079 http fetch GET 200 https://registry.npmjs.org/globalthis/-/globalthis-1.0.4.tgz 7905ms (cache miss)
2080 http fetch GET 200 https://registry.npmjs.org/get-symbol-description/-/get-symbol-description-1.1.0.tgz 7906ms (cache miss)
2081 http fetch GET 200 https://registry.npmjs.org/get-proto/-/get-proto-1.0.1.tgz 7909ms (cache miss)
2082 http fetch GET 200 https://registry.npmjs.org/es-to-primitive/-/es-to-primitive-1.3.4.tgz 7949ms (cache miss)
2083 http fetch GET 200 https://registry.npmjs.org/es-set-tostringtag/-/es-set-tostringtag-2.1.0.tgz 7950ms (cache miss)
2084 http fetch GET 200 https://registry.npmjs.org/data-view-byte-offset/-/data-view-byte-offset-1.0.1.tgz 7950ms (cache miss)
2085 http fetch GET 200 https://registry.npmjs.org/function.prototype.name/-/function.prototype.name-1.2.0.tgz 7955ms (cache miss)
2086 http fetch GET 200 https://registry.npmjs.org/data-view-buffer/-/data-view-buffer-1.0.2.tgz 7974ms (cache miss)
2087 http fetch GET 200 https://registry.npmjs.org/@babel/traverse/-/traverse-7.29.7.tgz 8028ms (cache miss)
2088 http fetch GET 200 https://registry.npmjs.org/available-typed-arrays/-/available-typed-arrays-1.0.7.tgz 8065ms (cache miss)
2089 http fetch GET 200 https://registry.npmjs.org/arraybuffer.prototype.slice/-/arraybuffer.prototype.slice-1.0.4.tgz 8067ms (cache miss)
2090 http fetch GET 200 https://registry.npmjs.org/array-buffer-byte-length/-/array-buffer-byte-length-1.0.2.tgz 8071ms (cache miss)
2091 http fetch GET 200 https://registry.npmjs.org/object-keys/-/object-keys-1.1.1.tgz 8083ms (cache miss)
2092 http fetch GET 200 https://registry.npmjs.org/gopd/-/gopd-1.2.0.tgz 8083ms (cache miss)
2093 http fetch GET 200 https://registry.npmjs.org/has-property-descriptors/-/has-property-descriptors-1.0.2.tgz 8084ms (cache miss)
2094 http fetch GET 200 https://registry.npmjs.org/data-view-byte-length/-/data-view-byte-length-1.0.2.tgz 8101ms (cache miss)
2095 http fetch GET 200 https://registry.npmjs.org/define-data-property/-/define-data-property-1.1.4.tgz 8101ms (cache miss)
2096 http fetch GET 200 https://registry.npmjs.org/function-bind/-/function-bind-1.1.2.tgz 8101ms (cache miss)
2097 http fetch GET 200 https://registry.npmjs.org/set-function-length/-/set-function-length-1.2.2.tgz 8112ms (cache miss)
2098 http fetch GET 200 https://registry.npmjs.org/call-bind-apply-helpers/-/call-bind-apply-helpers-1.0.2.tgz 8125ms (cache miss)
2099 http fetch GET 200 https://registry.npmjs.org/es-define-property/-/es-define-property-1.0.1.tgz 8141ms (cache miss)
2100 http fetch GET 200 https://registry.npmjs.org/es-errors/-/es-errors-1.3.0.tgz 8257ms (cache miss)
2101 http fetch GET 200 https://registry.npmjs.org/es-shim-unscopables/-/es-shim-unscopables-1.1.0.tgz 8260ms (cache miss)
2102 http fetch GET 200 https://registry.npmjs.org/get-intrinsic/-/get-intrinsic-1.3.0.tgz 8260ms (cache miss)
2103 http fetch GET 200 https://registry.npmjs.org/math-intrinsics/-/math-intrinsics-1.1.0.tgz 8262ms (cache miss)
2104 http fetch GET 200 https://registry.npmjs.org/es-object-atoms/-/es-object-atoms-1.1.2.tgz 8260ms (cache miss)
2105 http fetch GET 200 https://registry.npmjs.org/define-properties/-/define-properties-1.2.1.tgz 8272ms (cache miss)
2106 http fetch GET 200 https://registry.npmjs.org/call-bind/-/call-bind-1.0.9.tgz 8280ms (cache miss)
2107 http fetch GET 200 https://registry.npmjs.org/is-string/-/is-string-1.1.1.tgz 8293ms (cache miss)
2108 http fetch GET 200 https://registry.npmjs.org/call-bound/-/call-bound-1.0.4.tgz 8309ms (cache miss)
2109 http fetch GET 200 https://registry.npmjs.org/semver/-/semver-6.3.1.tgz 8329ms (cache miss)
2110 http fetch GET 200 https://registry.npmjs.org/object.values/-/object.values-1.2.1.tgz 8388ms (cache miss)
2111 http fetch GET 200 https://registry.npmjs.org/tsconfig-paths/-/tsconfig-paths-3.15.0.tgz 8414ms (cache miss)
2112 http fetch GET 200 https://registry.npmjs.org/string.prototype.trimend/-/string.prototype.trimend-1.0.10.tgz 8415ms (cache miss)
2113 http fetch GET 200 https://registry.npmjs.org/object.groupby/-/object.groupby-1.0.3.tgz 8454ms (cache miss)
2114 http fetch GET 200 https://registry.npmjs.org/array.prototype.flat/-/array.prototype.flat-1.3.3.tgz 8453ms (cache miss)
2115 http fetch GET 200 https://registry.npmjs.org/hasown/-/hasown-2.0.4.tgz 8462ms (cache miss)
2116 http fetch GET 200 https://registry.npmjs.org/array.prototype.flatmap/-/array.prototype.flatmap-1.3.3.tgz 8466ms (cache miss)
2117 http fetch GET 200 https://registry.npmjs.org/eslint-module-utils/-/eslint-module-utils-2.14.0.tgz 8486ms (cache miss)
2118 http fetch GET 200 https://registry.npmjs.org/doctrine/-/doctrine-2.1.0.tgz 8491ms (cache miss)
2119 http fetch GET 200 https://registry.npmjs.org/@rtsao/scc/-/scc-1.1.0.tgz 8538ms (cache miss)
2120 http fetch GET 200 https://registry.npmjs.org/array.prototype.findlastindex/-/array.prototype.findlastindex-1.2.6.tgz 8559ms (cache miss)
2121 http fetch GET 200 https://registry.npmjs.org/object.fromentries/-/object.fromentries-2.0.8.tgz 8562ms (cache miss)
2122 http fetch GET 200 https://registry.npmjs.org/tinyglobby/-/tinyglobby-0.2.17.tgz 8560ms (cache miss)
2123 http fetch GET 200 https://registry.npmjs.org/unrs-resolver/-/unrs-resolver-1.12.2.tgz 8580ms (cache miss)
2124 http fetch GET 200 https://registry.npmjs.org/stable-hash/-/stable-hash-0.0.5.tgz 8600ms (cache miss)
2125 http fetch GET 200 https://registry.npmjs.org/is-bun-module/-/is-bun-module-2.0.0.tgz 8614ms (cache miss)
2126 http fetch GET 200 https://registry.npmjs.org/@nolyfill/is-core-module/-/is-core-module-1.0.39.tgz 8644ms (cache miss)
2127 http fetch GET 200 https://registry.npmjs.org/get-tsconfig/-/get-tsconfig-4.14.0.tgz 8646ms (cache miss)
2128 http fetch GET 200 https://registry.npmjs.org/is-core-module/-/is-core-module-2.16.2.tgz 8674ms (cache miss)
2129 http fetch GET 200 https://registry.npmjs.org/typescript-eslint/-/typescript-eslint-8.64.0.tgz 8745ms (cache miss)
2130 http fetch GET 200 https://registry.npmjs.org/fast-glob/-/fast-glob-3.3.1.tgz 8784ms (cache miss)
2131 http fetch GET 200 https://registry.npmjs.org/eslint-import-resolver-node/-/eslint-import-resolver-node-0.3.10.tgz 8952ms (cache miss)
2132 http fetch GET 200 https://registry.npmjs.org/eslint-import-resolver-typescript/-/eslint-import-resolver-typescript-3.10.1.tgz 8957ms (cache miss)
2133 http fetch GET 200 https://registry.npmjs.org/array-includes/-/array-includes-3.1.9.tgz 8964ms (cache miss)
2134 http fetch GET 200 https://registry.npmjs.org/which/-/which-2.0.2.tgz 8961ms (cache miss)
2135 http fetch GET 200 https://registry.npmjs.org/ms/-/ms-2.1.3.tgz 8970ms (cache miss)
2136 http fetch GET 200 https://registry.npmjs.org/resolve/-/resolve-2.0.0-next.7.tgz 8998ms (cache miss)
2137 http fetch GET 200 https://registry.npmjs.org/@next/eslint-plugin-next/-/eslint-plugin-next-16.2.10.tgz 9004ms (cache miss)
2138 http fetch GET 200 https://registry.npmjs.org/path-key/-/path-key-3.1.1.tgz 9041ms (cache miss)
2139 http fetch GET 200 https://registry.npmjs.org/shebang-command/-/shebang-command-2.0.0.tgz 9043ms (cache miss)
2140 http fetch GET 200 https://registry.npmjs.org/color-name/-/color-name-1.1.4.tgz 9057ms (cache miss)
2141 http fetch GET 200 https://registry.npmjs.org/color-convert/-/color-convert-2.0.1.tgz 9094ms (cache miss)
2142 http fetch GET 200 https://registry.npmjs.org/ansi-styles/-/ansi-styles-4.3.0.tgz 9109ms (cache miss)
2143 http fetch GET 200 https://registry.npmjs.org/supports-color/-/supports-color-7.2.0.tgz 9124ms (cache miss)
2144 http fetch GET 200 https://registry.npmjs.org/eslint-plugin-import/-/eslint-plugin-import-2.32.0.tgz 9168ms (cache miss)
2145 http fetch GET 200 https://registry.npmjs.org/json-schema-traverse/-/json-schema-traverse-0.4.1.tgz 9170ms (cache miss)
2146 http fetch GET 200 https://registry.npmjs.org/eslint-plugin-jsx-a11y/-/eslint-plugin-jsx-a11y-6.10.2.tgz 9196ms (cache miss)
2147 http fetch GET 200 https://registry.npmjs.org/uri-js/-/uri-js-4.4.1.tgz 9252ms (cache miss)
2148 http fetch GET 200 https://registry.npmjs.org/@humanfs/types/-/types-0.15.0.tgz 9255ms (cache miss)
2149 http fetch GET 200 https://registry.npmjs.org/fast-json-stable-stringify/-/fast-json-stable-stringify-2.1.0.tgz 9267ms (cache miss)
2150 http fetch GET 200 https://registry.npmjs.org/levn/-/levn-0.4.1.tgz 9294ms (cache miss)
2151 http fetch GET 200 https://registry.npmjs.org/globals/-/globals-14.0.0.tgz 9330ms (cache miss)
2152 http fetch GET 200 https://registry.npmjs.org/@humanfs/core/-/core-0.19.2.tgz 9350ms (cache miss)
2153 http fetch GET 200 https://registry.npmjs.org/import-fresh/-/import-fresh-3.3.1.tgz 9368ms (cache miss)
2154 http fetch GET 200 https://registry.npmjs.org/strip-json-comments/-/strip-json-comments-3.1.1.tgz 9384ms (cache miss)
2155 http fetch GET 200 https://registry.npmjs.org/@types/json-schema/-/json-schema-7.0.15.tgz 9413ms (cache miss)
2156 http fetch GET 200 https://registry.npmjs.org/@eslint/object-schema/-/object-schema-2.1.7.tgz 9424ms (cache miss)
2157 http fetch GET 200 https://registry.npmjs.org/natural-compare/-/natural-compare-1.4.0.tgz 9448ms (cache miss)
2158 http fetch GET 200 https://registry.npmjs.org/optionator/-/optionator-0.9.4.tgz 9449ms (cache miss)
2159 http fetch GET 200 https://registry.npmjs.org/minimatch/-/minimatch-3.1.5.tgz 9472ms (cache miss)
2160 http fetch GET 200 https://registry.npmjs.org/lodash.merge/-/lodash.merge-4.6.2.tgz 9472ms (cache miss)
2161 http fetch GET 200 https://registry.npmjs.org/js-yaml/-/js-yaml-4.3.0.tgz 9481ms (cache miss)
2162 http fetch GET 200 https://registry.npmjs.org/json-stable-stringify-without-jsonify/-/json-stable-stringify-without-jsonify-1.0.1.tgz 9489ms (cache miss)
2163 http fetch GET 200 https://registry.npmjs.org/is-glob/-/is-glob-4.0.3.tgz 9538ms (cache miss)
2164 http fetch GET 200 https://registry.npmjs.org/es-abstract/-/es-abstract-1.24.2.tgz 9578ms (cache miss)
2165 http fetch GET 200 https://registry.npmjs.org/ignore/-/ignore-5.3.2.tgz 9598ms (cache miss)
2166 http fetch GET 200 https://registry.npmjs.org/imurmurhash/-/imurmurhash-0.1.4.tgz 9600ms (cache miss)
2167 http fetch GET 200 https://registry.npmjs.org/glob-parent/-/glob-parent-6.0.2.tgz 9599ms (cache miss)
2168 http fetch GET 200 https://registry.npmjs.org/file-entry-cache/-/file-entry-cache-8.0.0.tgz 9644ms (cache miss)
2169 http fetch GET 200 https://registry.npmjs.org/find-up/-/find-up-5.0.0.tgz 9653ms (cache miss)
2170 http fetch GET 200 https://registry.npmjs.org/fast-deep-equal/-/fast-deep-equal-3.1.3.tgz 9653ms (cache miss)
2171 http fetch GET 200 https://registry.npmjs.org/espree/-/espree-10.4.0.tgz 9653ms (cache miss)
2172 http fetch GET 200 https://registry.npmjs.org/esutils/-/esutils-2.0.3.tgz 9665ms (cache miss)
2173 http fetch GET 200 https://registry.npmjs.org/eslint-visitor-keys/-/eslint-visitor-keys-4.2.1.tgz 9667ms (cache miss)
2174 http fetch GET 200 https://registry.npmjs.org/esquery/-/esquery-1.7.0.tgz 9725ms (cache miss)
2175 http fetch GET 200 https://registry.npmjs.org/eslint-scope/-/eslint-scope-8.4.0.tgz 9751ms (cache miss)
2176 http fetch GET 200 https://registry.npmjs.org/escape-string-regexp/-/escape-string-regexp-4.0.0.tgz 9791ms (cache miss)
2177 http fetch GET 200 https://registry.npmjs.org/cross-spawn/-/cross-spawn-7.0.6.tgz 9799ms (cache miss)
2178 http fetch GET 200 https://registry.npmjs.org/debug/-/debug-4.4.3.tgz 9816ms (cache miss)
2179 http fetch GET 200 https://registry.npmjs.org/chalk/-/chalk-4.1.2.tgz 9820ms (cache miss)
2180 http fetch GET 200 https://registry.npmjs.org/@types/estree/-/estree-1.0.9.tgz 9828ms (cache miss)
2181 http fetch GET 200 https://registry.npmjs.org/@humanwhocodes/retry/-/retry-0.4.3.tgz 9833ms (cache miss)
2182 http fetch GET 200 https://registry.npmjs.org/@humanfs/node/-/node-0.16.8.tgz 9850ms (cache miss)
2183 http fetch GET 200 https://registry.npmjs.org/@humanwhocodes/module-importer/-/module-importer-1.0.1.tgz 9865ms (cache miss)
2184 http fetch GET 200 https://registry.npmjs.org/@eslint/js/-/js-9.39.5.tgz 10013ms (cache miss)
2185 http fetch GET 200 https://registry.npmjs.org/@eslint/plugin-kit/-/plugin-kit-0.4.1.tgz 10025ms (cache miss)
2186 http fetch GET 200 https://registry.npmjs.org/@eslint/core/-/core-0.17.0.tgz 10033ms (cache miss)
2187 http fetch GET 200 https://registry.npmjs.org/@eslint/config-helpers/-/config-helpers-0.4.2.tgz 10038ms (cache miss)
2188 http fetch GET 200 https://registry.npmjs.org/ajv/-/ajv-6.15.0.tgz 10049ms (cache miss)
2189 http fetch GET 200 https://registry.npmjs.org/tapable/-/tapable-2.3.3.tgz 10056ms (cache miss)
2190 http fetch GET 200 https://registry.npmjs.org/@eslint/config-array/-/config-array-0.21.2.tgz 10067ms (cache miss)
2191 http fetch GET 200 https://registry.npmjs.org/graceful-fs/-/graceful-fs-4.2.11.tgz 10071ms (cache miss)
2192 http fetch GET 200 https://registry.npmjs.org/@eslint-community/regexpp/-/regexpp-4.12.2.tgz 10077ms (cache miss)
2193 http fetch GET 200 https://registry.npmjs.org/@eslint/eslintrc/-/eslintrc-3.3.6.tgz 10086ms (cache miss)
2194 http fetch GET 200 https://registry.npmjs.org/@eslint-community/eslint-utils/-/eslint-utils-4.9.1.tgz 10097ms (cache miss)
2195 http fetch GET 200 https://registry.npmjs.org/eslint-plugin-react/-/eslint-plugin-react-7.37.5.tgz 10145ms (cache miss)
2196 http fetch GET 200 https://registry.npmjs.org/csstype/-/csstype-3.2.3.tgz 10193ms (cache miss)
2197 http fetch GET 200 https://registry.npmjs.org/@jridgewell/resolve-uri/-/resolve-uri-3.1.2.tgz 10211ms (cache miss)
2198 http fetch GET 200 https://registry.npmjs.org/@jridgewell/sourcemap-codec/-/sourcemap-codec-1.5.5.tgz 10220ms (cache miss)
2199 http fetch GET 200 https://registry.npmjs.org/undici-types/-/undici-types-6.21.0.tgz 10222ms (cache miss)
2200 http fetch GET 200 https://registry.npmjs.org/source-map-js/-/source-map-js-1.2.1.tgz 10322ms (cache miss)
2201 http fetch GET 200 https://registry.npmjs.org/lightningcss/-/lightningcss-1.32.0.tgz 10347ms (cache miss)
2202 http fetch GET 200 https://registry.npmjs.org/@jridgewell/gen-mapping/-/gen-mapping-0.3.13.tgz 10351ms (cache miss)
2203 http fetch GET 200 https://registry.npmjs.org/magic-string/-/magic-string-0.30.21.tgz 10361ms (cache miss)
2204 http fetch GET 200 https://registry.npmjs.org/@jridgewell/trace-mapping/-/trace-mapping-0.3.31.tgz 10364ms (cache miss)
2205 http fetch GET 200 https://registry.npmjs.org/enhanced-resolve/-/enhanced-resolve-5.24.2.tgz 10372ms (cache miss)
2206 http fetch GET 200 https://registry.npmjs.org/@tailwindcss/oxide/-/oxide-4.3.3.tgz 10395ms (cache miss)
2207 http fetch GET 200 https://registry.npmjs.org/@jridgewell/remapping/-/remapping-2.3.5.tgz 10467ms (cache miss)
2208 http fetch GET 200 https://registry.npmjs.org/postcss/-/postcss-8.5.20.tgz 10472ms (cache miss)
2209 http fetch GET 200 https://registry.npmjs.org/jiti/-/jiti-2.7.0.tgz 10488ms (cache miss)
2210 http fetch GET 200 https://registry.npmjs.org/@alloc/quick-lru/-/quick-lru-5.2.0.tgz 10489ms (cache miss)
2211 http fetch GET 200 https://registry.npmjs.org/@tailwindcss/node/-/node-4.3.3.tgz 10559ms (cache miss)
2212 http fetch GET 200 https://registry.npmjs.org/eslint-config-next/-/eslint-config-next-16.2.10.tgz 10576ms (cache miss)
2213 http fetch GET 200 https://registry.npmjs.org/tailwindcss/-/tailwindcss-4.3.3.tgz 10658ms (cache miss)
2214 http fetch GET 200 https://registry.npmjs.org/react/-/react-19.2.4.tgz 10709ms (cache miss)
2215 http fetch GET 200 https://registry.npmjs.org/@types/react-dom/-/react-dom-19.2.3.tgz 10899ms (cache miss)
2216 http fetch GET 200 https://registry.npmjs.org/@types/react/-/react-19.2.17.tgz 11013ms (cache miss)
2217 http fetch GET 200 https://registry.npmjs.org/@emnapi/runtime/-/runtime-1.10.0.tgz 11189ms (cache miss)
2218 http fetch GET 200 https://registry.npmjs.org/@tailwindcss/postcss/-/postcss-4.3.3.tgz 11205ms (cache miss)
2219 http fetch GET 200 https://registry.npmjs.org/eslint-visitor-keys/-/eslint-visitor-keys-5.0.1.tgz 11256ms (cache miss)
2220 http fetch GET 200 https://registry.npmjs.org/brace-expansion/-/brace-expansion-5.0.7.tgz 11330ms (cache miss)
2221 http fetch GET 200 https://registry.npmjs.org/semver/-/semver-7.8.5.tgz 11512ms (cache miss)
2222 http fetch GET 200 https://registry.npmjs.org/balanced-match/-/balanced-match-4.0.4.tgz 11554ms (cache miss)
2223 http fetch GET 200 https://registry.npmjs.org/eslint/-/eslint-9.39.5.tgz 11637ms (cache miss)
2224 http fetch GET 200 https://registry.npmjs.org/ignore/-/ignore-7.0.6.tgz 11672ms (cache miss)
2225 http fetch GET 200 https://registry.npmjs.org/minimatch/-/minimatch-10.2.5.tgz 11699ms (cache miss)
2226 http fetch GET 200 https://registry.npmjs.org/semver/-/semver-7.8.5.tgz 11738ms (cache miss)
2227 http fetch GET 200 https://registry.npmjs.org/picomatch/-/picomatch-4.0.5.tgz 11794ms (cache miss)
2228 http fetch GET 200 https://registry.npmjs.org/json5/-/json5-1.0.2.tgz 11859ms (cache miss)
2229 http fetch GET 200 https://registry.npmjs.org/fdir/-/fdir-6.5.0.tgz 11895ms (cache miss)
2230 http fetch GET 200 https://registry.npmjs.org/axe-core/-/axe-core-4.12.1.tgz 11972ms (cache miss)
2231 http fetch GET 200 https://registry.npmjs.org/debug/-/debug-3.2.7.tgz 11975ms (cache miss)
2232 http fetch GET 200 https://registry.npmjs.org/semver/-/semver-7.8.5.tgz 11982ms (cache miss)
2233 http fetch GET 200 https://registry.npmjs.org/glob-parent/-/glob-parent-5.1.2.tgz 11982ms (cache miss)
2234 http fetch GET 200 https://registry.npmjs.org/eslint-visitor-keys/-/eslint-visitor-keys-3.4.3.tgz 12106ms (cache miss)
2235 http fetch GET 200 https://registry.npmjs.org/debug/-/debug-3.2.7.tgz 12135ms (cache miss)
2236 http fetch GET 200 https://registry.npmjs.org/postcss/-/postcss-8.4.31.tgz 12282ms (cache miss)
2237 http fetch GET 200 https://registry.npmjs.org/globals/-/globals-16.4.0.tgz 12403ms (cache miss)
2238 http fetch GET 200 https://registry.npmjs.org/@types/node/-/node-20.19.43.tgz 14261ms (cache miss)
2239 http fetch GET 200 https://registry.npmjs.org/react-dom/-/react-dom-19.2.4.tgz 14280ms (cache miss)
2240 http fetch GET 200 https://registry.npmjs.org/typescript/-/typescript-5.9.3.tgz 14544ms (cache miss)
2241 http fetch GET 200 https://registry.npmjs.org/eslint-plugin-react-hooks/-/eslint-plugin-react-hooks-7.1.1.tgz 17219ms (cache miss)
2242 http fetch GET 200 https://registry.npmjs.org/@tailwindcss/oxide-darwin-x64/-/oxide-darwin-x64-4.3.3.tgz 17790ms (cache miss)
2243 http fetch GET 200 https://registry.npmjs.org/debug/-/debug-3.2.7.tgz 20953ms (cache miss)
2244 http fetch GET 200 https://registry.npmjs.org/next/-/next-16.2.10.tgz 33094ms (cache miss)
2245 http fetch GET 200 https://registry.npmjs.org/@next/swc-darwin-x64/-/swc-darwin-x64-16.2.10.tgz 33452ms (cache miss)
2246 info run sharp@0.34.5 install node_modules/sharp node install/check.js || npm run build
2247 info run sharp@0.34.5 install { code: 0, signal: null }
2248 info run unrs-resolver@1.12.2 postinstall node_modules/unrs-resolver node postinstall.js
2249 info run unrs-resolver@1.12.2 postinstall { code: 0, signal: null }
2250 silly ADD node_modules/is-weakset
2251 silly ADD node_modules/is-weakmap
2252 silly ADD node_modules/is-map
2253 silly ADD node_modules/generator-function
2254 silly ADD node_modules/async-function
2255 silly ADD node_modules/which-collection
2256 silly ADD node_modules/is-generator-function
2257 silly ADD node_modules/is-finalizationregistry
2258 silly ADD node_modules/is-async-function
2259 silly ADD node_modules/is-number-object
2260 silly ADD node_modules/is-boolean-object
2261 silly ADD node_modules/is-bigint
2262 silly ADD node_modules/isexe
2263 silly ADD node_modules/punycode
2264 silly ADD node_modules/escalade
2265 silly ADD node_modules/@tybys/wasm-util
2266 silly ADD node_modules/@emnapi/wasi-threads
2267 silly ADD node_modules/@napi-rs/wasm-runtime
2268 silly ADD node_modules/@emnapi/core
2269 silly ADD node_modules/napi-postinstall
2270 silly ADD
2271 silly ADD
2272 silly ADD
2273 silly ADD
2274 silly ADD node_modules/@emnapi/runtime
2275 silly ADD
2276 silly ADD
2277 silly ADD
2278 silly ADD
2279 silly ADD
2280 silly ADD
2281 silly ADD
2282 silly ADD
2283 silly ADD
2284 silly ADD
2285 silly ADD
2286 silly ADD
2287 silly ADD
2288 silly ADD
2289 silly ADD node_modules/@unrs/resolver-binding-darwin-x64
2290 silly ADD
2291 silly ADD
2292 silly ADD
2293 silly ADD node_modules/which-boxed-primitive
2294 silly ADD node_modules/has-bigints
2295 silly ADD node_modules/@typescript-eslint/tsconfig-utils
2296 silly ADD node_modules/@typescript-eslint/project-service
2297 silly ADD node_modules/@typescript-eslint/types
2298 silly ADD node_modules/ts-api-utils
2299 silly ADD node_modules/@typescript-eslint/visitor-keys
2300 silly ADD node_modules/@typescript-eslint/visitor-keys/node_modules/eslint-visitor-keys
2301 silly ADD node_modules/@typescript-eslint/type-utils
2302 silly ADD node_modules/@typescript-eslint/scope-manager
2303 silly ADD node_modules/@typescript-eslint/utils
2304 silly ADD node_modules/@typescript-eslint/typescript-estree
2305 silly ADD node_modules/@typescript-eslint/typescript-estree/node_modules/balanced-match
2306 silly ADD node_modules/@typescript-eslint/typescript-estree/node_modules/brace-expansion
2307 silly ADD node_modules/@typescript-eslint/typescript-estree/node_modules/semver
2308 silly ADD node_modules/@typescript-eslint/typescript-estree/node_modules/minimatch
2309 silly ADD node_modules/@typescript-eslint/parser
2310 silly ADD node_modules/@typescript-eslint/eslint-plugin
2311 silly ADD node_modules/@typescript-eslint/eslint-plugin/node_modules/ignore
2312 silly ADD node_modules/which-builtin-type
2313 silly ADD node_modules/reflect.getprototypeof
2314 silly ADD node_modules/for-each
2315 silly ADD node_modules/strip-bom
2316 silly ADD node_modules/minimist
2317 silly ADD node_modules/@types/json5
2318 silly ADD node_modules/is-number
2319 silly ADD node_modules/has-flag
2320 silly ADD node_modules/client-only
2321 silly ADD node_modules/side-channel-weakmap
2322 silly ADD node_modules/side-channel-map
2323 silly ADD node_modules/side-channel-list
2324 silly ADD node_modules/shebang-regex
2325 silly ADD node_modules/@emnapi/runtime
2326 silly ADD
2327 silly ADD
2328 silly ADD
2329 silly ADD
2330 silly ADD
2331 silly ADD
2332 silly ADD
2333 silly ADD
2334 silly ADD
2335 silly ADD
2336 silly ADD
2337 silly ADD
2338 silly ADD
2339 silly ADD
2340 silly ADD
2341 silly ADD
2342 silly ADD
2343 silly ADD
2344 silly ADD
2345 silly ADD
2346 silly ADD node_modules/@img/sharp-libvips-darwin-x64
2347 silly ADD
2348 silly ADD node_modules/@img/sharp-darwin-x64
2349 silly ADD
2350 silly ADD node_modules/@img/colour
2351 silly ADD node_modules/isarray
2352 silly ADD node_modules/queue-microtask
2353 silly ADD node_modules/supports-preserve-symlinks-flag
2354 silly ADD node_modules/path-parse
2355 silly ADD node_modules/node-exports-info
2356 silly ADD node_modules/scheduler
2357 silly ADD node_modules/react-is
2358 silly ADD node_modules/object-assign
2359 silly ADD node_modules/loose-envify
2360 silly ADD node_modules/nanoid
2361 silly ADD node_modules/callsites
2362 silly ADD node_modules/yocto-queue
2363 silly ADD node_modules/p-limit
2364 silly ADD node_modules/word-wrap
2365 silly ADD node_modules/fast-levenshtein
2366 silly ADD node_modules/deep-is
2367 silly ADD node_modules/tslib
2368 silly ADD node_modules/styled-jsx
2369 silly ADD node_modules/sharp
2370 silly ADD node_modules/sharp/node_modules/semver
2371 silly ADD node_modules/@swc/helpers
2372 silly ADD
2373 silly ADD
2374 silly ADD
2375 silly ADD
2376 silly ADD
2377 silly ADD
2378 silly ADD node_modules/@next/swc-darwin-x64
2379 silly ADD
2380 silly ADD node_modules/@next/env
2381 silly ADD node_modules/concat-map
2382 silly ADD node_modules/balanced-match
2383 silly ADD node_modules/brace-expansion
2384 silly ADD node_modules/to-regex-range
2385 silly ADD node_modules/fill-range
2386 silly ADD node_modules/picomatch
2387 silly ADD node_modules/braces
2388 silly ADD node_modules/yallist
2389 silly ADD node_modules/p-locate
2390 silly ADD
2391 silly ADD
2392 silly ADD
2393 silly ADD
2394 silly ADD
2395 silly ADD
2396 silly ADD
2397 silly ADD
2398 silly ADD node_modules/lightningcss-darwin-x64
2399 silly ADD
2400 silly ADD
2401 silly ADD node_modules/detect-libc
2402 silly ADD node_modules/type-check
2403 silly ADD node_modules/prelude-ls
2404 silly ADD node_modules/language-subtag-registry
2405 silly ADD node_modules/json-buffer
2406 silly ADD node_modules/argparse
2407 silly ADD node_modules/set-function-name
2408 silly ADD node_modules/is-extglob
2409 silly ADD node_modules/side-channel
2410 silly ADD node_modules/resolve-from
2411 silly ADD node_modules/parent-module
2412 silly ADD node_modules/hermes-estree
2413 silly ADD node_modules/resolve-pkg-maps
2414 silly ADD node_modules/dunder-proto
2415 silly ADD node_modules/is-document.all
2416 silly ADD node_modules/functions-have-names
2417 silly ADD node_modules/keyv
2418 silly ADD node_modules/flatted
2419 silly ADD node_modules/path-exists
2420 silly ADD node_modules/locate-path
2421 silly ADD node_modules/flat-cache
2422 silly ADD node_modules/reusify
2423 silly ADD node_modules/run-parallel
2424 silly ADD node_modules/fastq
2425 silly ADD node_modules/@nodelib/fs.scandir
2426 silly ADD node_modules/micromatch
2427 silly ADD node_modules/merge2
2428 silly ADD node_modules/@nodelib/fs.walk
2429 silly ADD node_modules/@nodelib/fs.stat
2430 silly ADD node_modules/acorn-jsx
2431 silly ADD node_modules/acorn
2432 silly ADD node_modules/esrecurse
2433 silly ADD node_modules/update-browserslist-db
2434 silly ADD node_modules/node-releases
2435 silly ADD node_modules/electron-to-chromium
2436 silly ADD node_modules/caniuse-lite
2437 silly ADD node_modules/baseline-browser-mapping
2438 silly ADD node_modules/@babel/helper-string-parser
2439 silly ADD node_modules/@babel/helper-globals
2440 silly ADD node_modules/@babel/helper-module-imports
2441 silly ADD node_modules/lru-cache
2442 silly ADD node_modules/browserslist
2443 silly ADD node_modules/@babel/helper-validator-option
2444 silly ADD node_modules/@babel/compat-data
2445 silly ADD node_modules/jsesc
2446 silly ADD node_modules/picocolors
2447 silly ADD node_modules/js-tokens
2448 silly ADD node_modules/@babel/helper-validator-identifier
2449 silly ADD node_modules/json5
2450 silly ADD node_modules/gensync
2451 silly ADD node_modules/convert-source-map
2452 silly ADD node_modules/@babel/types
2453 silly ADD node_modules/@babel/traverse
2454 silly ADD node_modules/@babel/template
2455 silly ADD node_modules/@babel/helpers
2456 silly ADD node_modules/@babel/helper-module-transforms
2457 silly ADD node_modules/@babel/helper-compilation-targets
2458 silly ADD node_modules/@babel/generator
2459 silly ADD node_modules/@babel/code-frame
2460 silly ADD node_modules/zod-validation-error
2461 silly ADD node_modules/zod
2462 silly ADD node_modules/hermes-parser
2463 silly ADD node_modules/@babel/parser
2464 silly ADD node_modules/@babel/core
2465 silly ADD node_modules/iterator.prototype
2466 silly ADD node_modules/string.prototype.repeat
2467 silly ADD node_modules/string.prototype.matchall
2468 silly ADD node_modules/prop-types
2469 silly ADD node_modules/object.entries
2470 silly ADD node_modules/estraverse
2471 silly ADD node_modules/es-iterator-helpers
2472 silly ADD node_modules/array.prototype.tosorted
2473 silly ADD node_modules/array.prototype.findlast
2474 silly ADD node_modules/string.prototype.includes
2475 silly ADD node_modules/language-tags
2476 silly ADD node_modules/jsx-ast-utils
2477 silly ADD node_modules/emoji-regex
2478 silly ADD node_modules/damerau-levenshtein
2479 silly ADD node_modules/axobject-query
2480 silly ADD node_modules/axe-core
2481 silly ADD node_modules/ast-types-flow
2482 silly ADD node_modules/aria-query
2483 silly ADD node_modules/is-symbol
2484 silly ADD node_modules/is-date-object
2485 silly ADD node_modules/es-abstract-get
2486 silly ADD node_modules/has-tostringtag
2487 silly ADD node_modules/possible-typed-array-names
2488 silly ADD node_modules/which-typed-array
2489 silly ADD node_modules/unbox-primitive
2490 silly ADD node_modules/typed-array-length
2491 silly ADD node_modules/typed-array-byte-offset
2492 silly ADD node_modules/typed-array-byte-length
2493 silly ADD node_modules/typed-array-buffer
2494 silly ADD node_modules/string.prototype.trimstart
2495 silly ADD node_modules/string.prototype.trim
2496 silly ADD node_modules/stop-iteration-iterator
2497 silly ADD node_modules/set-proto
2498 silly ADD node_modules/safe-regex-test
2499 silly ADD node_modules/safe-push-apply
2500 silly ADD node_modules/safe-array-concat
2501 silly ADD node_modules/regexp.prototype.flags
2502 silly ADD node_modules/own-keys
2503 silly ADD node_modules/object.assign
2504 silly ADD node_modules/object-inspect
2505 silly ADD node_modules/is-weakref
2506 silly ADD node_modules/is-typed-array
2507 silly ADD node_modules/is-shared-array-buffer
2508 silly ADD node_modules/is-set
2509 silly ADD node_modules/is-regex
2510 silly ADD node_modules/is-negative-zero
2511 silly ADD node_modules/is-data-view
2512 silly ADD node_modules/is-callable
2513 silly ADD node_modules/is-array-buffer
2514 silly ADD node_modules/internal-slot
2515 silly ADD node_modules/has-symbols
2516 silly ADD node_modules/has-proto
2517 silly ADD node_modules/globalthis
2518 silly ADD node_modules/get-symbol-description
2519 silly ADD node_modules/get-proto
2520 silly ADD node_modules/function.prototype.name
2521 silly ADD node_modules/es-to-primitive
2522 silly ADD node_modules/es-set-tostringtag
2523 silly ADD node_modules/data-view-byte-offset
2524 silly ADD node_modules/data-view-byte-length
2525 silly ADD node_modules/data-view-buffer
2526 silly ADD node_modules/available-typed-arrays
2527 silly ADD node_modules/arraybuffer.prototype.slice
2528 silly ADD node_modules/array-buffer-byte-length
2529 silly ADD node_modules/gopd
2530 silly ADD node_modules/object-keys
2531 silly ADD node_modules/has-property-descriptors
2532 silly ADD node_modules/define-data-property
2533 silly ADD node_modules/function-bind
2534 silly ADD node_modules/set-function-length
2535 silly ADD node_modules/es-define-property
2536 silly ADD node_modules/call-bind-apply-helpers
2537 silly ADD node_modules/es-shim-unscopables
2538 silly ADD node_modules/es-errors
2539 silly ADD node_modules/math-intrinsics
2540 silly ADD node_modules/is-string
2541 silly ADD node_modules/get-intrinsic
2542 silly ADD node_modules/es-object-atoms
2543 silly ADD node_modules/es-abstract
2544 silly ADD node_modules/define-properties
2545 silly ADD node_modules/call-bound
2546 silly ADD node_modules/call-bind
2547 silly ADD node_modules/tsconfig-paths
2548 silly ADD node_modules/tsconfig-paths/node_modules/json5
2549 silly ADD node_modules/string.prototype.trimend
2550 silly ADD node_modules/semver
2551 silly ADD node_modules/object.values
2552 silly ADD node_modules/object.groupby
2553 silly ADD node_modules/object.fromentries
2554 silly ADD node_modules/hasown
2555 silly ADD node_modules/eslint-module-utils
2556 silly ADD node_modules/eslint-module-utils/node_modules/debug
2557 silly ADD node_modules/doctrine
2558 silly ADD node_modules/array.prototype.flatmap
2559 silly ADD node_modules/array.prototype.flat
2560 silly ADD node_modules/array.prototype.findlastindex
2561 silly ADD node_modules/array-includes
2562 silly ADD node_modules/@rtsao/scc
2563 silly ADD node_modules/unrs-resolver
2564 silly ADD node_modules/tinyglobby
2565 silly ADD node_modules/tinyglobby/node_modules/picomatch
2566 silly ADD node_modules/tinyglobby/node_modules/fdir
2567 silly ADD node_modules/stable-hash
2568 silly ADD node_modules/is-bun-module
2569 silly ADD node_modules/is-bun-module/node_modules/semver
2570 silly ADD node_modules/get-tsconfig
2571 silly ADD node_modules/@nolyfill/is-core-module
2572 silly ADD node_modules/resolve
2573 silly ADD node_modules/is-core-module
2574 silly ADD node_modules/fast-glob
2575 silly ADD node_modules/fast-glob/node_modules/glob-parent
2576 silly ADD node_modules/typescript-eslint
2577 silly ADD node_modules/eslint-plugin-react-hooks
2578 silly ADD node_modules/eslint-plugin-react
2579 silly ADD node_modules/eslint-plugin-jsx-a11y
2580 silly ADD node_modules/eslint-plugin-import
2581 silly ADD node_modules/eslint-plugin-import/node_modules/debug
2582 silly ADD node_modules/eslint-import-resolver-typescript
2583 silly ADD node_modules/eslint-import-resolver-node
2584 silly ADD node_modules/eslint-import-resolver-node/node_modules/debug
2585 silly ADD node_modules/@next/eslint-plugin-next
2586 silly ADD node_modules/ms
2587 silly ADD node_modules/which
2588 silly ADD node_modules/shebang-command
2589 silly ADD node_modules/path-key
2590 silly ADD node_modules/color-name
2591 silly ADD node_modules/color-convert
2592 silly ADD node_modules/supports-color
2593 silly ADD node_modules/ansi-styles
2594 silly ADD node_modules/uri-js
2595 silly ADD node_modules/json-schema-traverse
2596 silly ADD node_modules/fast-json-stable-stringify
2597 silly ADD node_modules/@humanfs/types
2598 silly ADD node_modules/@humanfs/core
2599 silly ADD node_modules/levn
2600 silly ADD node_modules/strip-json-comments
2601 silly ADD node_modules/js-yaml
2602 silly ADD node_modules/import-fresh
2603 silly ADD node_modules/globals
2604 silly ADD node_modules/@types/json-schema
2605 silly ADD node_modules/@eslint/object-schema
2606 silly ADD node_modules/optionator
2607 silly ADD node_modules/natural-compare
2608 silly ADD node_modules/minimatch
2609 silly ADD node_modules/lodash.merge
2610 silly ADD node_modules/json-stable-stringify-without-jsonify
2611 silly ADD node_modules/is-glob
2612 silly ADD node_modules/imurmurhash
2613 silly ADD node_modules/ignore
2614 silly ADD node_modules/glob-parent
2615 silly ADD node_modules/find-up
2616 silly ADD node_modules/file-entry-cache
2617 silly ADD node_modules/fast-deep-equal
2618 silly ADD node_modules/esutils
2619 silly ADD node_modules/esquery
2620 silly ADD node_modules/espree
2621 silly ADD node_modules/eslint-visitor-keys
2622 silly ADD node_modules/eslint-scope
2623 silly ADD node_modules/escape-string-regexp
2624 silly ADD node_modules/debug
2625 silly ADD node_modules/cross-spawn
2626 silly ADD node_modules/chalk
2627 silly ADD node_modules/ajv
2628 silly ADD node_modules/@types/estree
2629 silly ADD node_modules/@humanwhocodes/retry
2630 silly ADD node_modules/@humanwhocodes/module-importer
2631 silly ADD node_modules/@humanfs/node
2632 silly ADD node_modules/@eslint/plugin-kit
2633 silly ADD node_modules/@eslint/js
2634 silly ADD node_modules/@eslint/eslintrc
2635 silly ADD node_modules/@eslint/core
2636 silly ADD node_modules/@eslint/config-helpers
2637 silly ADD node_modules/@eslint/config-array
2638 silly ADD node_modules/@eslint-community/regexpp
2639 silly ADD node_modules/@eslint-community/eslint-utils
2640 silly ADD node_modules/@eslint-community/eslint-utils/node_modules/eslint-visitor-keys
2641 silly ADD node_modules/tapable
2642 silly ADD node_modules/graceful-fs
2643 silly ADD node_modules/csstype
2644 silly ADD node_modules/undici-types
2645 silly ADD
2646 silly ADD
2647 silly ADD
2648 silly ADD
2649 silly ADD
2650 silly ADD
2651 silly ADD
2652 silly ADD
2653 silly ADD
2654 silly ADD node_modules/@tailwindcss/oxide-darwin-x64
2655 silly ADD
2656 silly ADD
2657 silly ADD node_modules/@jridgewell/resolve-uri
2658 silly ADD node_modules/@jridgewell/sourcemap-codec
2659 silly ADD node_modules/@jridgewell/trace-mapping
2660 silly ADD node_modules/@jridgewell/gen-mapping
2661 silly ADD node_modules/source-map-js
2662 silly ADD node_modules/magic-string
2663 silly ADD node_modules/lightningcss
2664 silly ADD node_modules/jiti
2665 silly ADD node_modules/enhanced-resolve
2666 silly ADD node_modules/@jridgewell/remapping
2667 silly ADD node_modules/postcss
2668 silly ADD node_modules/@tailwindcss/oxide
2669 silly ADD node_modules/@tailwindcss/node
2670 silly ADD node_modules/@alloc/quick-lru
2671 silly ADD node_modules/typescript
2672 silly ADD node_modules/tailwindcss
2673 silly ADD node_modules/react-dom
2674 silly ADD node_modules/react
2675 silly ADD node_modules/next
2676 silly ADD node_modules/next/node_modules/postcss
2677 silly ADD node_modules/eslint-config-next
2678 silly ADD node_modules/eslint-config-next/node_modules/globals
2679 silly ADD node_modules/eslint
2680 silly ADD node_modules/@types/react-dom
2681 silly ADD node_modules/@types/react
2682 silly ADD node_modules/@types/node
2683 silly ADD node_modules/@tailwindcss/postcss
2684 verbose exit 0
2685 info ok
